/*
SQLyog 企业版 - MySQL GUI v8.14 
MySQL - 5.5.5-10.2.6-MariaDB : Database - pioneer_2.0
*********************************************************************
*/

/*!40101 SET NAMES utf8 */;

/*!40101 SET SQL_MODE=''*/;

/*!40014 SET @OLD_UNIQUE_CHECKS=@@UNIQUE_CHECKS, UNIQUE_CHECKS=0 */;
/*!40014 SET @OLD_FOREIGN_KEY_CHECKS=@@FOREIGN_KEY_CHECKS, FOREIGN_KEY_CHECKS=0 */;
/*!40101 SET @OLD_SQL_MODE=@@SQL_MODE, SQL_MODE='NO_AUTO_VALUE_ON_ZERO' */;
/*!40111 SET @OLD_SQL_NOTES=@@SQL_NOTES, SQL_NOTES=0 */;
CREATE DATABASE /*!32312 IF NOT EXISTS*/`pioneer_2.0` /*!40100 DEFAULT CHARACTER SET latin1 */;

USE `pioneer_2.0`;

/*Table structure for table `advise` */

DROP TABLE IF EXISTS `advise`;

CREATE TABLE `advise` (
  `id` int(11) NOT NULL AUTO_INCREMENT COMMENT '编号',
  `student_id` varchar(20) NOT NULL COMMENT '学生编号',
  `faculty_id` varchar(20) NOT NULL COMMENT '教师编号',
  `info` varchar(255) NOT NULL,
  `status` varchar(20) DEFAULT NULL,
  `update_time` varchar(20) DEFAULT NULL,
  `operator_id` varchar(50) DEFAULT NULL,
  PRIMARY KEY (`id`)
) ENGINE=InnoDB AUTO_INCREMENT=64 DEFAULT CHARSET=utf8;

/*Data for the table `advise` */

insert  into `advise`(`id`,`student_id`,`faculty_id`,`info`,`status`,`update_time`,`operator_id`) values (6,'9201801417','9201801590','2018-02','0','2018-09-10 18:55:26','9201701000'),(7,'9201801549','9201402713','2018-02','0','2018-09-10 18:55:31','9201701000'),(8,'9201602165','9201801590','2018-02','0','2018-09-10 18:55:43','9201701000'),(9,'9201502154','9201502803','2018-02','0','2018-09-10 18:57:35','9201701000'),(10,'9201801916','9201801144','2018-02','0','2018-09-10 18:57:41','9201701000'),(11,'9201602229','9201801144','2018-02','0','2018-09-10 18:57:46','9201701000'),(12,'9201803113','9201502803','2018-02','0','2018-09-10 18:57:51','9201701000'),(13,'9201502825','9201801590','2018-02','0','2018-09-10 18:57:57','9201701000'),(14,'9201801423','9201801590','2018-02','0','2018-09-10 18:58:02','9201701000'),(15,'9201801789','9201801590','2018-02','0','2018-09-10 18:58:07','9201701000'),(16,'9201801471','9201801474','2018-02','0','2018-09-10 22:06:42','9201701000'),(17,'9201802112','9201101270','2018-02','0','2018-09-10 22:07:39','9201701000'),(18,'9201802583','9201502803','2018-02','0','2018-09-10 22:07:44','9201701000'),(19,'9201803537','9201502803','2018-02','0','2018-09-10 22:07:47','9201701000'),(20,'9201801876','9201101270','2018-02','0','2018-09-10 22:07:57','9201701000'),(21,'9201802938','9201801590','2018-02','0','2018-09-10 22:09:57','9201701000'),(22,'9201802231','9201801590','2018-02','0','2018-09-10 22:12:46','9201701000'),(23,'9201802224','9201101270','2018-02','0','2018-09-10 22:21:10','9201701000'),(24,'9201801119','9201502803','2018-02','0','2018-09-10 22:28:34','9201701000'),(25,'9201603838','9201801590','2018-02','0','2018-09-10 22:44:07','9201701000'),(26,'9201802152','9201801590','2018-02','0','2018-09-12 23:03:17','9201701000'),(27,'9201802436','9201402713','2018-02','0','2018-09-12 23:03:49','9201701000'),(28,'9201802500','9201402713','2018-02','0','2018-09-12 23:03:49','9201701000'),(29,'9201801240','9201502803','2018-02','0','2018-09-12 23:04:06','9201701000'),(30,'9201803703','9201502803','2018-02','0','2018-09-12 23:04:06','9201701000'),(31,'9201801259','9201502803','2018-02','0','2018-09-12 23:08:04','9201701000'),(32,'9201801547','9201502803','2018-02','0','2018-09-12 23:08:04','9201701000'),(33,'9201802524','9201801590','2018-02','0','2018-09-12 23:08:16','9201701000'),(34,'9201801200','9201801144','2018-02','0','2018-09-12 23:08:38','9201701000'),(35,'9201803777','9201601752','2018-02','0','2018-09-13 23:57:59','9201801590'),(36,'9201802683','9201402713','2018-01','0','2018-09-25 13:26:30','9201701000'),(37,'9201502154','9201502803','2019-01','1','2019-03-15 01:33:42','9201701000'),(38,'9201502825','9201801590','2019-01','1','2019-03-15 01:33:54','9201701000'),(39,'9201801119','9201502803','2019-01','1','2019-03-15 01:33:57','9201701000'),(40,'9201801215','9201101270','2019-01','1','2019-03-15 01:34:00','9201701000'),(41,'9201801240','9201402713','2019-01','1','2019-03-15 01:34:06','9201701000'),(42,'9201801259','9201502803','2019-01','1','2019-03-15 01:34:11','9201701000'),(43,'9201801417','9201801590','2019-01','1','2019-03-15 01:34:15','9201701000'),(44,'9201801692','9201801144','2019-01','1','2019-03-15 01:34:18','9201701000'),(45,'9201801734','9201502803','2019-01','1','2019-03-15 01:34:21','9201701000'),(46,'9201801789','9201801590','2019-01','1','2019-03-15 01:34:25','9201701000'),(47,'9201801876','9201101270','2019-01','1','2019-03-15 01:34:29','9201701000'),(48,'9201801916','9201801144','2019-01','1','2019-03-15 01:34:32','9201701000'),(49,'9201802152','9201801144','2019-01','1','2019-03-15 01:34:36','9201701000'),(50,'9201802224','9201801144','2019-01','1','2019-03-15 01:34:39','9201701000'),(51,'9201802583','9201502803','2019-01','1','2019-03-15 01:34:43','9201701000'),(52,'9201802683','9201503542','2019-01','1','2019-03-15 01:34:46','9201701000'),(53,'9201803777','9201801144','2019-01','1','2019-03-15 01:34:50','9201701000'),(54,'9201901548','9201402713','2019-01','1','2019-03-15 01:34:53','9201701000'),(55,'9201801547','9201502803','2019-01','1','2019-03-15 01:35:27','9201701000'),(56,'9201802524','9201801590','2019-01','1','2019-03-15 01:35:45','9201701000'),(57,'9201901211','9201502803','2019-01','1','2019-03-15 02:04:52','9201701000'),(58,'9201801471','9201503542','2019-01','1','2019-03-15 10:47:56','9201701000'),(59,'9201802938','9201503542','2019-01','1','2019-03-15 10:47:56','9201701000'),(60,'9201803113','9201101270','2019-01','1','2019-03-15 10:48:13','9201701000'),(61,'9201802500','9201801144','2019-01','1','2019-03-15 10:48:27','9201701000'),(62,'9201901657','9201402713','2019-01','1','2019-03-15 14:47:24','9201701000'),(63,'9201901628','9201801825','2019-01','1','2019-03-26 19:28:06','9201701000');

/*Table structure for table `assignment` */

DROP TABLE IF EXISTS `assignment`;

CREATE TABLE `assignment` (
  `id` int(11) NOT NULL AUTO_INCREMENT,
  `assignment_id` varchar(20) NOT NULL,
  `name` varchar(50) NOT NULL,
  `due_date` varchar(50) DEFAULT NULL,
  `create_time` varchar(50) DEFAULT NULL,
  `update_time` varchar(50) DEFAULT NULL,
  `info` varchar(50) DEFAULT NULL,
  `attachment` text DEFAULT NULL,
  `submission` text DEFAULT NULL,
  `extend_column_1` varchar(255) DEFAULT NULL,
  `extend_column_2` varchar(255) DEFAULT NULL,
  `extend_column_3` varchar(255) DEFAULT NULL,
  PRIMARY KEY (`id`)
) ENGINE=InnoDB DEFAULT CHARSET=latin1;

/*Data for the table `assignment` */

/*Table structure for table `contract` */

DROP TABLE IF EXISTS `contract`;

CREATE TABLE `contract` (
  `id` int(11) NOT NULL AUTO_INCREMENT,
  `contract_id` varchar(20) NOT NULL COMMENT '主编号',
  `owner_id` varchar(20) DEFAULT NULL COMMENT '用户名',
  `oname` varchar(100) DEFAULT NULL COMMENT '名',
  `info` varchar(100) DEFAULT NULL COMMENT '姓',
  `type` varchar(100) DEFAULT NULL COMMENT '密码',
  `init_date` varchar(100) DEFAULT NULL COMMENT '状态',
  `expire_date` varchar(100) DEFAULT NULL COMMENT '信息',
  `operator_id` varchar(100) DEFAULT NULL COMMENT '生日',
  `create_time` varchar(100) NOT NULL COMMENT '创建时间',
  `update_time` varchar(100) NOT NULL COMMENT '修改时间',
  `comment` text DEFAULT NULL COMMENT '备注',
  `contract_info` text DEFAULT NULL,
  PRIMARY KEY (`id`)
) ENGINE=InnoDB AUTO_INCREMENT=22 DEFAULT CHARSET=utf8;

/*Data for the table `contract` */

insert  into `contract`(`id`,`contract_id`,`owner_id`,`oname`,`info`,`type`,`init_date`,`expire_date`,`operator_id`,`create_time`,`update_time`,`comment`,`contract_info`) values (17,'201703014369','9201801590','林石磊','2018-01','劳动合同','2018-03-01','2019-03-01','9201701000','2018-08-12 16:21:31','2019-01-21 22:28:49','','{\"path\":\"/pioneer/document/contractInfo/7/12/a767972b-aaec-4f56-a46a-b54dc09287be.doc\",\"size\":45056,\"name\":\"林石磊劳动合同.doc\",\"type\":\"doc\"}'),(18,'201808012790','9201801164','卢苇','2018-01','劳动合同','2018-08-03','2018-09-04','9201701000','2018-08-12 16:30:23','2018-08-12 21:40:37','','\"\"');

/*Table structure for table `course` */

DROP TABLE IF EXISTS `course`;

CREATE TABLE `course` (
  `id` int(11) NOT NULL AUTO_INCREMENT COMMENT '编号',
  `crn` varchar(20) NOT NULL COMMENT '课程编号',
  `name` varchar(100) NOT NULL COMMENT '课程名',
  `credits` int(11) DEFAULT NULL COMMENT '学分',
  `precrn` varchar(20) DEFAULT NULL COMMENT '要求课程',
  `level` varchar(11) DEFAULT NULL COMMENT '课程等级',
  `section` varchar(11) DEFAULT NULL COMMENT '课程Section',
  `classroom` varchar(100) DEFAULT NULL COMMENT '教室',
  `start_date` varchar(20) DEFAULT NULL COMMENT '起时间YYYY-MM-DD',
  `end_date` varchar(20) DEFAULT NULL COMMENT '终时间YYYY-MM-DD',
  `day` varchar(20) DEFAULT NULL COMMENT 'MWF/TTR',
  `start_time` varchar(20) DEFAULT NULL COMMENT '起时间HH:MM:SS',
  `end_time` varchar(20) DEFAULT NULL COMMENT '终时间HH:MM:SS',
  `capacity` int(11) DEFAULT NULL COMMENT '最大人数',
  `faculty_id` varchar(20) NOT NULL COMMENT '教师ID',
  `selectable` int(11) DEFAULT NULL,
  `info` varchar(20) NOT NULL,
  `create_time` varchar(20) DEFAULT NULL,
  `update_time` varchar(20) DEFAULT NULL,
  `comment` text DEFAULT NULL COMMENT '备注',
  `course_info` text DEFAULT NULL,
  `assignment` text DEFAULT NULL,
  PRIMARY KEY (`id`)
) ENGINE=InnoDB AUTO_INCREMENT=76 DEFAULT CHARSET=utf8;

/*Data for the table `course` */

insert  into `course`(`id`,`crn`,`name`,`credits`,`precrn`,`level`,`section`,`classroom`,`start_date`,`end_date`,`day`,`start_time`,`end_time`,`capacity`,`faculty_id`,`selectable`,`info`,`create_time`,`update_time`,`comment`,`course_info`,`assignment`) values (1,'120180157','英语基础课',1,'','100','课程','小教室','2018-03-01','2018-07-15','m/','09:00:00','11:00:00',5,'9201801590',NULL,'2018-01','2018-08-03 01:55:41','2018-08-03 01:55:41','','',NULL),(2,'120180151','计算机编程',2,'','100','兴趣小组','小教室','2018-03-01','2018-07-15','t/f/','19:30:00','21:00:00',5,'9201801590',NULL,'2018-01','2018-08-03 16:17:52','2018-08-03 17:36:06','','{\"path\":\"/pioneer/document/courseInfo/1/7/d72a49b3-6c71-47b5-822f-052cda43e68e.doc\",\"size\":45056,\"name\":\"先锋课程描述.doc\",\"type\":\"doc\"}',NULL),(6,'120180143','美术',1,'','100','课程','二楼','2018-03-01','2018-07-15','m/','11:00:00','11:00:00',20,'9201701000',NULL,'2018-01','2018-08-03 20:53:05','2018-08-03 20:53:05','','{\"path\":\"/pioneer/document/courseInfo/0/9/b1957212-614d-4b29-b8f9-53b4a98474e9.png\",\"size\":4767916,\"name\":\"第三新成都.png\",\"type\":\"png\"}',NULL),(7,'120180167','项目式英语',2,'','100','课程','大教室','2018-03-01','2018-07-15','tr/','14:00:00','16:00:00',20,'9201101270',NULL,'2018-01','2018-08-03 22:13:05','2018-08-16 23:27:04','','{\"path\":\"/pioneer/document/courseInfo/0/1/5d75f650-80a4-4253-87de-aed52bb8a37d.png\",\"size\":4767916,\"name\":\"第三新成都 (1).png\",\"type\":\"png\"}',NULL),(8,'120180125','Healthy Cooking',2,'','100','课程','学习中心','2018-03-01','2018-07-15','w/','14:00:00','16:00:00',25,'9201701000',NULL,'2018-01','2018-08-03 22:19:11','2018-08-03 22:19:11','','{\"path\":\"/pioneer/document/courseInfo/0/1/ccf138df-1ba0-427b-a4da-f30ba21e082c.png\",\"size\":4767916,\"name\":\"第三新成都 (1).png\",\"type\":\"png\"}',NULL),(9,'120180150','理化实验',2,'','100','课程','','2018-03-01','2018-07-15','w/','14:00:00','16:00:00',10,'9201501154',NULL,'2018-01','2018-08-05 21:55:03','2018-08-05 21:55:03','','',NULL),(10,'120180189','布彦,隆之-导师课',0,'','100','课程','','2018-03-01','2018-07-15','t/','14:00:00','16:00:00',10,'9201502803',NULL,'2018-01','2018-08-08 16:47:02','2018-08-15 23:26:54','','',NULL),(11,'120180195','林,石磊-导师课',2,'','100','课程','','2018-03-01','2018-07-15','t/','14:00:00','16:00:00',20,'9201801590',NULL,'2018-01','2018-08-12 20:27:34','2018-08-15 23:27:21','','',NULL),(12,'120180139','恋爱与情感世界',2,'','100','课程','大教室','2018-03-01','2018-07-15','f/','09:00:00','11:00:00',20,'9201502803',NULL,'2018-01','2018-08-15 21:56:07','2018-08-15 21:56:07','','',NULL),(13,'120180128','刘晓伟-导师课',2,'','100','课程','','2018-03-01','2018-07-15','t/','14:00:00','16:00:00',20,'9201101270',NULL,'2018-01','2018-08-15 21:56:42','2018-08-15 22:55:04','','{\"path\":\"/pioneer/document/courseInfo/7/6/306f4bbd-3582-44ef-8071-ac568d4e89a2.jpg\",\"size\":87244,\"name\":\"lph_2.jpg\",\"type\":\"jpg\"}',NULL),(14,'120180130','游戏艺术',2,'','100','课程','','2018-03-01','2018-07-15','m/','19:30:00','21:30:00',20,'9201502803',NULL,'2018-01','2018-08-15 21:56:53','2018-08-15 21:56:53','','',NULL),(15,'120180156','社会人文通史',2,'','100','预约课程','','2018-03-01','2018-07-15','tr/','09:00:00','11:00:00',20,'9201502803',NULL,'2018-01','2018-08-15 22:02:32','2018-08-15 22:05:42','','',NULL),(16,'120180180','崔,涛-导师课',0,'','100','课程','','2018-03-01','2018-07-15','t/','14:00:00','16:00:00',20,'9201801144',NULL,'2018-01','2018-08-15 22:04:53','2018-08-15 23:26:36','','{\"path\":\"/pioneer/document/courseInfo/7/6/306f4bbd-3582-44ef-8071-ac568d4e89a2.jpg\",\"size\":87244,\"name\":\"lph_2.jpg\",\"type\":\"jpg\"}',NULL),(17,'120180129','运动综合课 TBK',4,'','100','课程','','2018-03-01','2018-07-15','m/w/','16:30:00','18:30:00',25,'9201701888',NULL,'2018-01','2018-08-15 22:13:25','2018-08-15 23:51:10','','',NULL),(18,'120180181','哲学人文',2,'','100','课程','','2018-03-01','2018-07-15','w/','09:00:00','11:00:00',20,'9201701000',NULL,'2018-01','2018-08-15 22:13:30','2018-08-15 22:13:30','','',NULL),(19,'120180120','橄榄球',1,'','100','课程','','2018-03-01','2018-07-15','t/','16:30:00','18:30:00',20,'9201801825',NULL,'2018-01','2018-08-15 22:13:36','2018-08-15 23:24:51','','',NULL),(20,'120180183','影视赏析',1,'','100','课程','','2018-03-01','2018-06-01','m/','14:00:00','16:00:00',20,'9201701000',NULL,'2018-01','2018-08-15 22:13:41','2018-08-15 22:13:41','','',NULL),(21,'120180164','日语基础',2,'','100','课程','小教室','2018-03-01','2018-07-15','f/','14:00:00','16:00:00',20,'9201601559',NULL,'2018-01','2018-08-15 22:13:45','2018-08-15 22:13:45','','',NULL),(22,'120180111','犯罪心理学',2,'','100','课程','','2018-03-01','2018-07-15','w/','19:30:00','21:30:00',20,'9201701000',NULL,'2018-01','2018-08-15 22:13:51','2018-08-15 22:13:51','','',NULL),(23,'120180137','语伴项目',2,'','100','项目','','2018-03-01','2018-07-15','','00:00:00','11:00:00',20,'9201701888',NULL,'2018-01','2018-08-15 22:15:07','2018-08-15 22:20:36','','',NULL),(24,'120180168','程蓉-导师课',2,'','100','课程','','2018-03-01','2018-07-15','t/','14:00:00','16:00:00',20,'9201601752',NULL,'2018-01','2018-08-15 22:22:21','2018-08-15 23:26:20','','',NULL),(25,'120180162','熊,刚-导师课',2,'','100','课程','','2018-03-01','2018-07-15','t/','14:00:00','16:00:00',20,'9201801474',NULL,'2018-01','2018-08-15 22:22:26','2018-08-15 23:25:51','','{\"path\":\"/pioneer/document/courseInfo/7/6/306f4bbd-3582-44ef-8071-ac568d4e89a2.jpg\",\"size\":87244,\"name\":\"lph_2.jpg\",\"type\":\"jpg\"}',NULL),(26,'120180127','自主学分',4,'','100','兴趣小组','','2018-03-01','2018-07-15','','09:00:00','11:00:00',20,'9201701000',NULL,'2018-01','2018-08-15 23:17:10','2018-08-15 23:42:56','','',NULL),(27,'120180192','历史与历史学',2,'','100','预约课程','','2018-03-01','2018-07-15','t/','09:00:00','11:00:00',20,'9201502803',NULL,'2018-01','2018-08-15 23:17:15','2018-08-15 23:17:15','','',NULL),(28,'120180226','数学预约课',2,'','100','预约课程','小教室','2018-09-03','2019-01-15','','','',20,'9201801590',NULL,'2018-02','2018-09-07 14:25:18','2018-09-12 22:20:28','','{\"path\":\"/pioneer/document/courseInfo/7/10/443cad2c-b83c-49d7-ab69-71377084dd62.docx\",\"size\":702967,\"name\":\"数学-林石磊.docx\",\"type\":\"docx\"}',NULL),(29,'120180117','导师课',2,'','100','课程','','2018-03-01','2018-07-15','t/','14:00:00','16:00:00',10,'9201402713',NULL,'2018-01','2018-09-11 20:34:47','2018-09-11 20:34:47','','',NULL),(30,'120180284','体育课',2,'','100','课程','运动场','2018-09-03','2019-01-15','tr/','16:30:00','19:30:00',20,'9201801825',NULL,'2018-02','2018-09-12 22:24:37','2018-09-12 22:24:37','','',NULL),(31,'120180257','社会通识',2,'','100','课程','大教室','2018-09-03','2019-01-15','tr/','10:00:00','12:00:00',20,'9201502803',NULL,'2018-02','2018-09-12 22:24:43','2018-09-12 22:24:43','','{\"path\":\"/pioneer/document/courseInfo/13/6/a2b55dd1-d5a8-4385-9a99-fc421f3009fd.docx\",\"size\":710231,\"name\":\"社会通识-布彦隆之.docx\",\"type\":\"docx\"}',NULL),(32,'120180230','音乐戏剧课',2,'','100','课程','小教室','2018-09-03','2019-01-15','w/','19:30:00','21:30:00',20,'9201502132',NULL,'2018-02','2018-09-12 22:25:29','2018-09-12 22:41:04','','',NULL),(33,'120180241','Healthy Cooking',2,'','100','课程','学习中心','2018-09-03','2019-01-15','w/','14:00:00','16:00:00',20,'9201702405',NULL,'2018-02','2018-09-12 22:25:34','2018-09-12 22:41:21','','',NULL),(34,'120180273','日语课',2,'','100','课程','小教室','2018-09-03','2019-01-15','m/','14:00:00','15:30:00',20,'9201601559',NULL,'2018-02','2018-09-12 22:28:25','2018-09-12 22:41:40','','',NULL),(35,'120180265','未来学校',2,'','100','课程','大教室','2018-09-03','2019-01-15','f/','14:00:00','16:00:00',20,'9201802622',NULL,'2018-02','2018-09-12 22:29:18','2018-09-12 22:33:19','','{\"path\":\"/pioneer/document/courseInfo/15/8/dcce2b66-7383-49cf-a142-5bca6076bbec.docx\",\"size\":44601,\"name\":\"未来学校-曾苏尧.docx\",\"type\":\"docx\"}',NULL),(36,'120180283','电影欣赏',2,'','100','课程','小教室','2018-09-03','2019-01-15','tr/','19:30:00','21:30:00',20,'9201801825',NULL,'2018-02','2018-09-12 22:29:29','2018-09-12 22:29:29','','{\"path\":\"/pioneer/document/courseInfo/10/8/227ff372-8691-4927-85f7-e7498bda7111.docx\",\"size\":702479,\"name\":\"先锋课程描述（电影欣赏）.docx\",\"type\":\"docx\"}',NULL),(37,'120180221','什么都玩的兴趣课',2,'','100','课程','大教室','2018-9-3','2018-9-3','m/','19:0:0','21:30:0',20,'9201301743',NULL,'2018-02','2018-09-12 22:30:26','2019-02-01 20:15:18','','',NULL),(38,'120180225','English',2,'','100','课程','大教室','2018-09-03','2019-01-15','w/','16:00:00','18:00:00',20,'9201702405',NULL,'2018-02','2018-09-12 22:31:02','2018-09-12 22:32:57','','',NULL),(39,'120180289','怎样玩数学',2,'','100','课程','','2018-09-03','2019-01-15','t/','13:00:00','14:30:00',20,'9201801590',NULL,'2018-02','2018-09-12 22:31:21','2018-09-12 22:31:21','','{\"path\":\"/pioneer/document/courseInfo/4/12/8032c24f-d692-4d44-8fad-aa3889788dd5.docx\",\"size\":33759,\"name\":\"怎样玩数学课程描述.docx\",\"type\":\"docx\"}',NULL),(40,'120180246','末日求生',2,'','100','课程','小教室','2018-09-03','2019-01-15','tr/','14:00:00','16:00:00',20,'9201501154',NULL,'2018-02','2018-09-12 22:31:32','2018-09-12 22:31:32','','{\"path\":\"/pioneer/document/courseInfo/1/2/259c8d89-83b9-436a-879c-a5f76ddf12a7.docx\",\"size\":33713,\"name\":\"末日生存课程描述.docx\",\"type\":\"docx\"}',NULL),(41,'120180244','程蓉-导师课',0,'','100','预约课程','','2018-09-03','2019-01-15','t/','','',10,'9201601752',NULL,'2018-02','2018-09-12 22:53:57','2018-09-12 22:53:57','','',NULL),(42,'120180297','崔涛-导师课',0,'','100','预约课程','','2018-09-03','2019-01-15','t/','','',10,'9201801144',NULL,'2018-02','2018-09-12 22:54:15','2018-09-12 22:54:15','','',NULL),(43,'120180264','熊刚-导师课',0,'','100','预约课程','','2018-09-03','2019-01-15','t/','','',10,'9201801474',NULL,'2018-02','2018-09-12 22:54:49','2018-09-12 22:54:49','','',NULL),(44,'120180271','刘晓伟-导师课',0,'','100','课程','','2018-09-03','2019-01-15','t/','09:00:00','11:00:00',10,'9201101270',NULL,'2018-02','2018-09-12 22:55:01','2018-09-12 22:55:01','','',NULL),(45,'120180220','倪伟灿(桔子)-导师课',0,'','100','预约课程','','2018-09-03','2019-01-15','t/','','',10,'9201402713',NULL,'2018-02','2018-09-12 22:55:28','2018-09-12 22:55:28','','',NULL),(46,'120180266','林石磊-导师课',0,'','100','预约课程','','2018-09-03','2019-01-15','t/','','',11,'9201801590',NULL,'2018-02','2018-09-12 22:55:45','2018-09-12 22:55:45','','',NULL),(47,'120180232','东亚史与历史学',2,'','100','课程','大教室','2018-09-03','2019-01-15','t/','19:30:00','21:30:00',20,'9201502803',NULL,'2018-02','2018-09-12 22:56:44','2018-09-12 22:56:44','','{\"path\":\"/pioneer/document/courseInfo/5/6/2dba4c2a-2164-4933-9330-8f27928e8d69.docx\",\"size\":710464,\"name\":\"东亚史与历史学-布彦隆之.docx\",\"type\":\"docx\"}',NULL),(48,'120180245','生活美学',2,'','100','课程','小教室','2018-09-03','2019-01-15','f/','10:00:00','12:00:00',20,'9201502803',NULL,'2018-02','2018-09-12 22:58:53','2018-09-12 22:58:53','','{\"path\":\"/pioneer/document/courseInfo/1/9/fbaa23e9-b016-4057-baac-84f4a7d9cd47.docx\",\"size\":710317,\"name\":\"生活美学-布彦隆之.docx\",\"type\":\"docx\"}',NULL),(49,'120180290','游戏艺术',2,'','100','课程','小教室','2018-09-03','2019-01-15','t/','10:00:00','12:00:00',20,'9201502803',NULL,'2018-02','2018-09-12 22:59:44','2018-09-12 22:59:44','','{\"path\":\"/pioneer/document/courseInfo/9/9/657fc238-0c75-4a5f-bf05-b34c0793ef50.docx\",\"size\":710183,\"name\":\"游戏艺术-布彦隆之.docx\",\"type\":\"docx\"}',NULL),(50,'120180212','英语预约课',2,'','100','预约课程','','2018-09-03','2019-01-15','','','',20,'9201801590',NULL,'2018-02','2018-09-13 00:03:23','2018-09-13 00:03:23','','',NULL),(51,'120180258','计算机预约课',2,'','100','预约课程','','2018-09-03','2019-01-15','','','',20,'9201801590',NULL,'2018-02','2018-09-13 00:03:32','2018-09-13 00:03:32','','',NULL),(53,'120180261','布彦隆之-导师课',0,'','100','预约课程','','2018-09-03','2019-01-15','','','',20,'9201502803',NULL,'2018-02','2018-09-13 01:23:30','2018-09-13 01:23:30','','',NULL),(54,'120180236','阅读课',2,'','100','课程','小教室','2018-09-03','2019-01-01','','','',20,'9201501154',NULL,'2018-02','2018-09-15 13:14:11','2018-09-15 13:14:11','','',NULL),(55,'120180211','魔兽世界',3,'','100','项目','','2018-09-03','2019-01-15','w/','aN:aN:aN','aN:aN:aN',20,'9201402713',NULL,'2018-02','2018-09-23 23:26:54','2018-09-25 13:08:19','','',NULL),(56,'120180215','笑谈广东话',2,'','100','项目','','2018-09-03','2019-01-15','t/w/tr/','23:26:00','23:59:00',20,'9201701000',NULL,'2018-02','2018-09-23 23:26:59','2018-09-23 23:26:59','','',NULL),(57,'120190181','导师课',4,'','100','预约课程','','2019-3-1','2019-3-1','','0:0:0','0:0:0',20,'9201101270',NULL,'2019-01','2019-03-09 02:23:57','2019-03-09 02:24:41','','',NULL),(58,'120190125','万物皆数——数学眼中的世界',96,'','100','课程','','2019-3-1','2019-7-15','','0:0:0','0:0:0',25,'9201901425',NULL,'2019-01','2019-03-15 01:55:36','2019-03-21 16:38:27','','',NULL),(59,'120190159','自由戏剧',96,'','100','课程','','2019-3-1','2019-7-15','','0:0:0','0:0:0',25,'9201701000',NULL,'2019-01','2019-03-15 01:55:48','2019-03-15 01:55:48','','',NULL),(60,'120190122','日语课进阶',96,'','100','课程','','2019-3-1','2019-7-15','m/','0:0:0','0:0:0',25,'9201601559',NULL,'2019-01','2019-03-15 01:57:48','2019-03-15 01:57:48','','',NULL),(61,'120190188','体育运动',96,'','100','课程','','2019-3-1','2019-7-15','','0:0:0','0:0:0',25,'9201801825',NULL,'2019-01','2019-03-15 01:57:55','2019-03-15 01:57:55','','',NULL),(62,'120190185','逻辑与批判性思维',96,'','100','课程','','2019-3-1','2019-7-15','','0:0:0','0:0:0',25,'9201901425',NULL,'2019-01','2019-03-15 01:58:03','2019-03-21 16:40:51','','',NULL),(63,'120190128','成长的烦恼',96,'','100','课程','','2019-3-1','2019-7-15','','0:0:0','0:0:0',25,'9201802622',NULL,'2019-01','2019-03-15 01:58:09','2019-03-15 01:58:09','','',NULL),(64,'120190169','电影欣赏',96,'','100','课程','','2019-3-1','2019-7-15','','0:0:0','0:0:0',25,'9201801825',NULL,'2019-01','2019-03-15 01:58:15','2019-03-15 01:58:15','','',NULL),(65,'120190174','数学预约课程',96,'','100','预约课程','','2019-3-1','2019-7-15','','0:0:0','0:0:0',5,'9201801590',NULL,'2019-01','2019-03-15 01:58:22','2019-03-17 10:43:15','','',NULL),(66,'120190184','“来，让我们真的读完这本书”',96,'','100','课程','','2019-3-1','2019-7-15','','0:0:0','0:0:0',25,'9201901425',NULL,'2019-01','2019-03-15 01:58:29','2019-03-21 16:40:32','','',NULL),(67,'120190183','怎样开一个桌游吧',96,'','100','课程','','2019-3-1','2019-7-15','','0:0:0','0:0:0',25,'9201901605',NULL,'2019-01','2019-03-15 01:58:33','2019-03-27 23:04:25','','',NULL),(68,'120190151','社会构造思考',96,'','100','课程','','2019-3-1','2019-7-15','','0:0:0','0:0:0',25,'9201502803',NULL,'2019-01','2019-03-15 01:58:40','2019-03-15 01:58:40','','',NULL),(69,'120190132','美学生活',96,'','100','课程','','2019-3-1','2019-7-15','','0:0:0','0:0:0',25,'9201502803',NULL,'2019-01','2019-03-15 01:58:45','2019-03-15 01:58:45','','',NULL),(70,'120190176','像社会学家一样思考',96,'','100','课程','','2019-3-1','2019-7-15','','0:0:0','0:0:0',25,'9201901882',NULL,'2019-01','2019-03-15 01:58:51','2019-03-19 12:49:46','','',NULL),(71,'120190129','音乐鉴赏与跨界艺术',96,'','100','课程','','2019-3-1','2019-7-15','','0:0:0','0:0:0',25,'9201403292',NULL,'2019-01','2019-03-15 01:58:57','2019-03-27 23:04:47','','',NULL),(72,'120190179','游戏与人文社会',96,'','100','课程','','2019-3-1','2019-7-15','','0:0:0','0:0:0',25,'9201502803',NULL,'2019-01','2019-03-15 01:59:02','2019-03-15 01:59:02','','',NULL),(73,'120190164','日语课基础',96,'','100','课程','','2019-3-1','2019-7-15','m/','0:0:0','0:0:0',25,'9201601559',NULL,'2019-01','2019-03-15 01:59:09','2019-03-15 01:59:09','','',NULL),(74,'120190138','“盲”人—我们能否知道我们不知道的事情？',96,'','100','课程','','2019-3-1','2019-7-15','','0:0:0','0:0:0',25,'9201901425',NULL,'2019-01','2019-03-15 01:59:15','2019-03-21 16:40:04','','',NULL),(75,'120190120','历史思辨',96,'','100','课程','','2019-3-1','2019-7-15','','0:0:0','0:0:0',25,'9201502803',NULL,'2019-01','2019-03-15 01:59:22','2019-03-15 01:59:22','','',NULL);

/*Table structure for table `feedback` */

DROP TABLE IF EXISTS `feedback`;

CREATE TABLE `feedback` (
  `id` int(11) NOT NULL AUTO_INCREMENT,
  `comment` longtext DEFAULT NULL,
  `faculty_id` varchar(255) DEFAULT NULL,
  `info` varchar(255) DEFAULT NULL,
  `operator_id` varchar(255) DEFAULT NULL,
  `rate` longtext DEFAULT NULL,
  `self_comment` longtext DEFAULT NULL,
  `password` varchar(255) DEFAULT NULL,
  `update_time` varchar(255) DEFAULT NULL,
  PRIMARY KEY (`id`)
) ENGINE=MyISAM AUTO_INCREMENT=8 DEFAULT CHARSET=utf8;

/*Data for the table `feedback` */

insert  into `feedback`(`id`,`comment`,`faculty_id`,`info`,`operator_id`,`rate`,`self_comment`,`password`,`update_time`) values (1,'9201402713/9201801110/9201801590/9201501154/9201502803/9201503542','9201801826','2019','9201502803','0f179f8f1ff1479d3e48efe1f09e755a0044dbd2c82a681dfcf24112ff2c33c73fc649f1affd67767ccd997fd13972866c7aa06f013bddac525808e4c99a1ef3144135460d118fbad908114f38eaf7355d6cd13acd8f6b42e389b9f7dde3563a907976b533939d1fc75676d119b88e0be86f984e8566a47d96df9564c5fd45da7a10443048681e01c44d4088cf47c4bbb08bec4b7997070fb7fcbdf00da3bb59f79cadf13ac328b6da8711a2f120d2cfec20934bc34be80a387214d0aa40335e8056d28ee4ebf3e746c232353556d9904da71693e06699727c3467af7e7dc87e53e6f9fb42d77e60f270f464fb55883a8e57b7f76f41ce885d01127ac40e45a7bb7f3e16cca174c4ae4ac7aa114837caac5e18ea3633f6cdc97b3c463b011805b0bbb6110acc40868c5a5794428d9ec5e3ca8be15fdaaf579d8dbcacb34117f9824fb4e5564086caef31f256c1acb9e9eb45f1ae0e3f1ae91821c50163ad28cfbee16ea02d2bfe27c659da8d67e62266fa71e0ca7d09e813a0a6d418e983e9ae8644d256aa5dddb88319ddc188e99faa1595f50905509a10e39fcc5b35d4c09ae0f5f04436b06a1f1b415cf495ee0cd2451b4365d6f19031e90ace8d8d2cd070b80847e145c9119cc4dbe17387c2ebc1e255d1f9ea1af18e029c5a3d1ee829a63d1b7fdb6aa702f7352138c1ed0c9c34d00a94842ae3efb962e34811a67a5dd2d410669251f8745bef747f2d92fd2c09461b5ec7556e807a238daf7f0bc5bf12915ea84b9d1eb0d28713dc427295b0dfba69d3e57536393a5343ab7c48465015fa98096c465ae229537d69d44340f30fba75cd125792d9c14867398d9f69d35a4b8a457c2f58b89524fc8e47a6ef440091f2b0b31a20ffdeedd0c29de6b8546b06932c3dce9984ba292f6894e12241d92ceab667e4b296d5404d01692928fa2131cbe8d6f20392709235b31dc99ae1237b0dc87dbd9872fcb5ebcaee50678916df59f9152af59a7e3a2f309cfbde407eb4e87a284936f133a4cd525b6ed44cb046b9a12ff88529b8573a544ab75390f6a0855ef650c720381bed76c4e163648d361fa1df48d1d37286cdc916af5b146a3d48efdd8fb826642759c803de719dd9b3665713d9f589ec52345bd43a1222ec55539bebf1766b553ccd9b00bc84315935746880b911f7c10a120105348a04c303c62f201f9b080c453f9442b15c983bfe640b154d5b8bf063d439dcf253366e5174a86fdfabd4d435a4c8173ffea1ea1e47af3a519b66a130d7d8886c4859cf573a544ab75390f68e8569ee6f5b3f0c7dbb64a195915b9d83e4db28d8f490f9b0aa6efb6dd88c528c85e2f9e323ee8b174e9bb87022904a2e043785a1df30452fc313cd6c58cda40ff9077463755cebceab298f0c7040724c6774b289e887e2756089f931705af03634b7906b8615450216c6d1531362c146e9b665a1877447d5f9a1e9ee501ec448343eeb0cc038e9b21037b6a3a9508e','基本完成本职工作，作为寝室老师能够认识所有同学并且有所交流，能够与其中部分同学深入交流，了解他们的需求和问题；在出纳岗位方面，完成学校账款支付、收据和发票的开具等工作；行政岗位方面，完成每月餐费领取及使用工作，学校部分物资采购和保管工作等；作为助教，课程出勤率较高，协助部分导师和兼职老师进行教学活动等。\n工作积极性有所不足，工作比较被动不擅长发现问题。','$2a$10$vJ6fw4Fs.zM8w/S.cbpaMOfOWrMlw1CnOWyhUnEdRgLz1kVg33CA6','2019-02-01 11:06:04'),(2,'9201801826/9201801110/9201801590/9201501154/9201502803/9201503542','9201402713','2019','9201502803','0f179f8f1ff1479de8d4db2ab192420685c104635710ce35c44d4088cf47c4bb3e48efe1f09e755a6d1edb9457476a489ee1bdf8e5ab10f3fb5f0299034178f60c66575e535af4f93a2041eefb00601a3cf2409342685515d40b07eecd0bb8fe35c9889edf637774731a817c09194f3816776f26cefa19e4f066f07b80fa36a4bb19c66f634dc988d25217cec692f29327488360d3a026dd055d28da3b991d553f0bfe49135a73d5e359943908c8f0599c211620e5bb1efc315c4cf68f02d08dbfac5428f2b4279e78cdc4d51409039dd194999ddcbd3c88bc7199dd2ba1bfa74fa55db5cdf305ce4fd7b8ea8efcf94cfe2f3a05b153c7abe37541be9dd6988a9a78c50a12ae78d7633041ce9e793711dce804bf79abdbe3b0fd836994f14031d0331dd5cfe3aa10ed34fff87144e4166d7979e6ec1bf57e62121a22f68f7d87feefd6d3b6dc843bfc1fcf29de8e9a50b99c4cce089d0474a996e6aab2b8976e6eedf472a550ed3837ac8670d2bfb163130f70c4213af9d0e586608869e0c7979a42e9f92d253cbb7e104b635d80bd2eca18703203c2a13df99b71f95e86174eac21fda5cf599fc162fa9717f5f42162e813da8cd49fb58d42c85bdc8499da2bc273a2a48132eb5fe6a2454e7ef5aebe89d8d1fa7b6fce465ab651d73d5fa71998eb60ca9fd686704d2ce8dd8137d7ec46cbb59938cb03944a29011920b7f32be945f08cd8d92420a122ce8efa1a25e0c28d04663bf09d783aba73d2e71472f8f07340a8936aae769d171031199c76d4b23b36505bb4e6b0652ae1efd937534c5d90140ea7fcc0ccc119bcd9586b02dd491182d4625f8c616aa795031f765c107102f1fb64fbf4885273de3ad5c580290a1be4338d166f84f801939e7ab79e6e9402dc5139715441ae2111b0f7342cb67d9b059bb68a5120b1bd490f9421d44960ada988dd5ce37b3cc53d4f0d062a0aa0eb4a17b5b4e53f3d5f96939c52daf7f556552d15f14617087deef5f54793c5b5ebcaee50678916df59f9152af59a7e2b68c9e3c8c4dd34af008e5f2a3a6515929b094e4b786a9bb1638cbdbf809c4f52e9b431a1554b9f6d63d119c5ff32756126f6c57b59bd2eaa5be92a49e3b9629fb6cd83f62c1831075644161477611ac41a77598bf44fc592b5d89385e5f112ac82bb0354a197b88aca9c59132d1acda9de4be496e0cff7641c0e399ad1aee22d53d62760300ac3ad3b1defc7ca157321168c6e5c65331c34fe6858ed28c6ebd3f31d1e4cf43b581e5a181986c38d405b9910a23c7bf06e7543de338e64f03cb46e3199e470449fd96fa736c9408dbe0845bd119ea8bcd4d419cf6286749bd9faddd3d3dcd96ca145816b91b933f944a4120c351597897cef0111e7a316bad6f801939e7ab79e6e9402dc5139715441ea65c3a730072d94f3621037611670ad573a544ab75390f6a0855ef650c720382372e68a1888816bfc4bde9066e9ec284eb1a7aa8939d8ed4ea084a7ac92b116654f16077200e2abc0553fc5418ac03497416cd076b2615c565c52861cee365813c972b79921c9a4c7a0cb14dce85c6f403b34a88f2fcbc0f7c38e007721900fefbe0d494dfc499f645425b6e056caab102bb400d042bfea9339d5292637c63d8058064dd440f3899babfbde0ae1040ddce268f03a0aecd4b5412698785a8af33965f9a597e1460e4ab2e4b081998e2b4f9d6bac69be8f07dc459b2939d5c7ebad4e206679cdb6669b36f27936218860f7f4fafbd48952ba4890d040e6c3c0b289a6df55d6538cb161bc731e9664f5cfb21037b6a3a9508e','总体星级：4星\n\n导师工作（4星）：\n\n优：\n18年上半年，对李双成和许毅晗两人有效的支持和沟通。支持李双成理解自身的问题，接纳规则调整自己与他人的相处关系。支持许毅晗探索游戏，从比较防备的状态到逐渐打开分享过去的经历。\n\n18年下半年，带领的6位学生可以保证每月最少有三小时以上的沟通，根据不同学生的状态会花更多和较少的时间。在支持谭行知、刘霈臻、王涵的成长上卓有成效，也能够做到对高瑞泽、彭稚钦、许毅晗的全面了解。\n\n劣：\n作为导师也应该去理解和了解更多学生。但当其他学生和我自己带领的学生发生分歧时不能很好的理解对方。\n\n寝室工作（4星）：\n\n能做到对寝室学生比较全面的了解，并和每个学生保持一定的沟通频率。（每月至少一次单独沟通）支持寝室自制和聚餐卓有成效。\n\n问题在于寝室有一个学生，一个学期没有和导师沟通过一次，但没有及时了解并反馈给导师。\n\n外事工作（4.9星）：\n\n可以将外事做成教学的一部分，稳定支持校外人士了解学校并支持新生。而且补位了很多家长沟通的工作。\n\n教务工作（3星）：\n\n18年上半年兼职负责了部分教务工作，对讲授式课程有自己不认同和不理解的部分，并对此类课程产生偏见。而在处理教务相关问题上，容易将偏见带进工作中。并在这个过程中和部分老师产生相处上的问题。在树立教务规则等方面稳步推进。总体4星，但造成这样的问题扣1星。因此3星。\n\n金刚工作（4.5星）：\n\n起草了较多的制度文件，并给其他老师做了较多的部位工作。可主动发现学校管理层面的问题并通过与老师沟通合力解决问题。\n\n成都行会、创新教育交流会（4星）：\n\n推进19年初联欢会活动，推进18年中旬北京交流会年会。让学校与同行的关系更紧密，持续与同行建立联系，发生影响。','$2a$10$vJ6fw4Fs.zM8w/S.cbpaMOfOWrMlw1CnOWyhUnEdRgLz1kVg33CA6','2019-02-01 11:11:36'),(3,'9201801826/9201402713/9201801590/9201501154/9201502803/9201503542','9201801110','2019','9201502803','0f179f8f1ff1479d3c9a34d9819b0eb886594580986e3e1cee07ce4f7082900cad0fd889dadca44b00cb5f0f98c610045db3b4160da419579738c9a5e2c0d913f2c9a5b4c554c2af18b54dce694f84acc44d4088cf47c4bb236919b621d123aab7fcbdf00da3bb59b420c7f327d2bf959a419496389aa3dd15623c7fdc9ec8b3eba5d29f093d3ce49f63535bd97da14aa2a0dad9d935836772a7b9fbcb3a5ea0b675ba028b46d040b1074e2c67e210e1ceebc95cdd6f1ce7e4ac5593fee295c293652c07f675293282db366c8e2658ddedb68b277ae58098cf69b742fd2516efc5a88283a2d7a63c5a0728d727c7b31d544ba90102af460d0690df6f080d9d55dd73eb0437d1c8a843b4b5320436cbc76ca024bca4a86e4bb7fcbdf00da3bb598dfe74e980b26208c9cbe2b71cfa8b12e8506f113cae696b7a07cdab815087929baa47f3fbc6c040c44d4088cf47c4bb3c9a34d9819b0eb86bc95f28411ba6c4dd0a04bb1f439e34e266fccfb0920b4a1f83f73ac312793fd0cc34803c1ad43cabef9baf3047fbc8367547e6a0b710d055aa8f7a6523162fa2e2f4cab907c418140721654ec49034b404bf7fe243aa7a4e1cf59ea73430e71ead925538926df2e8ef04dccf4f1380','2018年度我在会计核算和财务预算上除了日常的费用报销、支付款项、报税和学期初的预算汇总等工作外，还利用网络资源启用了“柠檬云”财务软件（免费网络版），方便、准确又快捷地完成会计核算工作；也利用网络资源启用了“云快报”费用报销软件（免费网络版），在一定程度上使费用申请、报销和借款等日常支付款项工作跨时空完成，各环节可视化；申请使用了电子发票，减少税务工作上的人力成本和时间成本。在财务专业上，我取得了美国管理会计师证书（CMA中文版），在以后的工作和学习中还需要不断更新知识、拓展视野和有效实践。\n2018年对我是不平凡的一年，许多人事在不经意间发生又消失，正所谓“麻雀虽小五脏俱全”，既认识自己的有限，也去发现自己的潜能，做好本份竭力帮人。\n','$2a$10$vJ6fw4Fs.zM8w/S.cbpaMOfOWrMlw1CnOWyhUnEdRgLz1kVg33CA6','2019-02-01 11:30:42'),(4,'9201801826/9201402713/9201801110/9201501154/9201503542/9201502803','9201801590','2019','9201502803','0f179f8f1ff1479de8d4db2ab1924206e2f3c48dd6e0b40fc046b74c6f542efcb2f49af6d1c794417eb2b929f93fe559f3ca6c0b0a077d81b1017da2a71e39c9ea1074bd74e26689c44d4088cf47c4bbe8d4db2ab19242066d1edb9457476a483a7abdddc3addc455747790fce594a42d8b60d0fccef0ed48358b994dbeac0d8d5d21952c13e31a841c140abaa7849a40433805049b2bb894a17507ba9db9f7b241357c6013a585383862c212574525945d06b873a73be04440c467b7403693adfa2ad430137bb0325335ccf8ff084caf2de2f5a555558fa8c0f7de3d01cca3a4e56408fa981cf3f222bcd45d763ed242f21dc0cf3df48d64922c69859926d0c256d2d760f7a2252e1199ce593bbcce7675ca41765cc014b375de221735b3f8d5feb47e9d5ced59f5f1365ea7a389addb0a14dc8ee44425930d44ea673b57d3981a82e81b35669f0a464690283a8ad8f75dd54817b4201ef3a9acca20434410a7de23745ee8c94bd53d91d3de88cb8ec1afa68c48a06b3aa23716c4faded082f0604af57064e1f3c58d03f8c10527295e07c98e5940a46c550621564d33932747dd06a9c0a48bf33a2f218538658b11ad25ba0105862e726223ecc55dab9c23f6f51ffd2a192227d6d2a81ffef0d6278010ffb4bb9d0f9bf31a65a7d68845fdcafc60127a694e0f259f07db2061d77d7ccd95f423f85033c41edd22cb13067144b075efaaa219665f76c5fd75004946942b86ee9d417de30ffb23745a881bc5807b17946c7904f7cc7e6ecd16d0aa712ff3a25aeb84527bc90684af72a281b1e3c596b50b5e52c61b876402f54fc877f71232d1e3d931a98710a27a003130bffb5afd029901492c8fe58fd6527f95027fdda4ac737aa7154fcba3932a72f42deba39acb5f872c57af1bc061ef372cbe4c64a07ef4a12aec1242a6838773f864e7b76aab0fae900be317b6f324441a04f64a32e4a55ac2c32e88826400649ff384c1bcd24145bbb185d6e0bded460d860832c5528154fe0db5594d07710c914413725c273dea0b3633b893de25adaae3295088c0029e935512b1387a2afccfb9070d0874ab650657f87adee90aaa716e315838505d291923492b110a0eaf7350c3fc2aa11cb3b99db309feaf1a81f45d1c1db86a40479d0c657736c1c4bc08cc44144a4947176d682573a544ab75390f6a0855ef650c72038465eaf253f178824ff8378cd93dde88695bd5b570ed68eb04fc302ec35be514543f09e1fd71e5bf67eb2ac500348900524a0ae0585b77dfb144ab35c58c1f6f85fdff4c3d56da7c2f0750ccbfc7dfc06a7c27469095d7e47c636d40de987cdf288c8a4733907a15552853599cf4395ecc36a8eba2a7dfea7411371140826dea5d9e809218e2621d1d59da8378a3c77d04d4545dcdf38856efda297038266b0ed5db77482e0d347b12cae4eac4879f68ed3df7d1c0e317df0bb3178397c2c83fe2384349c737a66138bbd5e065b7f2a3eda7f6db55dc21ade26d94bdd3fd91faf97addde198df0c9226d94bdd3fd91faf2ff0e6c83e5eef55f39b0dac1403151b547804959f4bbe4e26d94bdd3fd91faf9cc16be9e28fb384aed8c1f809a9fee2dc3a3b5ccde08c971ef11c80fee2bf137a8121a0c89091af083a2720b8991de6e634e3c2cef1c532d3a113b3f0d7f4cc91b9a1fa1a161a6b945ef9c2338dc039c4a9502a6b7b8b381856221a6cd3eae4f37be3d228c74cddf46958210573512dfe74a728319284668879a646a8b5e6b3e0149d69780b369a953e70cb33eed51ac16b84814ac3cdeabc2554f1b3ec53484c82169a720aac5d15b6443c9dc1960a6f3d6f57ce693e9e55b6c2aabb079e7c8251ecc22916765f71680ac3ee85000d0dbdfa8e5ef0eda7fc06f9beef8d0e72f1e7e3ecd42fc4931bab4a0b3ce018e8a517d84fa40bc44a43b4b5320436cbc7d20fdfeb19e126a0b7fcbdf00da3bb5959329faeec9643b9855f6dcf3b3ece80869c7eac423aff7910b4a1d145ae6c6a0cd06618e35b5d120eb6445bcf1cd4e18b9f51e6afccea3d23cb0da26bb1e406861c3b2bce510bb543b4b5320436cbc7549a18fc9a0dfc3a2099fbe39115e1f584d0380d416dc01d1be0673d31d97bfd97f98c5bdbf162ed2420f8ee02105521a256d6e570bddc355cbdc6729d5b9369ede747eb52e98f9b0cbe378a56084e973d7a8d6a4aedf06b5ad2e1896b15ff56370c6da4649bf88799c35e4960aeaf5f1bc059b91bdf774478201354e13ea7198b43f91183043392f1a75113a6197f24c5ab40d816254c85b3035fedaab90cc4edec6e5fd6a3f1b8facf905a97f0739037bd1e82018380d751d09ab044d9689bf5622aa6f073aa3ac039189d298a6fc18873a9ff81e7c0785d64658d9124bb5506e7e68472e702abdaf7bd3d3327a6733c96411260115bd74d15e7592f2f9b7b9f63535bd97da14a3860922ef10b65bd765a08992e46fcdf7b4f826da423435f6e8366fee749e1cc2216b83a8034550d9674c571214509d6f9b99b8a8f416c424162c4b1795f85006de3d98cab9128571d938431934ff09ab60b4e519d04b4c4886728f7acadc7f52027acf0f4ba04f063095d3c73765d3b53a544bce2189795dc52eea118ffa9faeab3d91256f0387ee8799665dc6798a71e748e503dba86eeda4b67c51ac352bdba67a85e917c9123b670a59cb1e5ad6d6fe1a9575ec9f4823c038d91d1103f3ffb06050b9b3e63cedcfdb01eaacf89a3d1a91c3f358618e826bb313d20998c2e1c82120f2597cfa7d73c0a2580701866cdb6996dc5a0a78bed7a710704a2f7caf30e3023c9cc280352f152949963d7bbc69b9fc78edd454d67f9133858ab3768fdb64baa097f4711','总评4星⭐⭐⭐⭐\n导师工作：4星\n从加入先锋的一年以来，辅导学生的人数从2人增长到了10人，每月也保证和学生有至少3小时的沟通时间。其中和小鱼，子祺等学生，有过一对一的长聊，也及时跟进学生的心理、健康情况。\n教务工作：4星\n从6月初接手教务工作以来，我快速熟悉业务，开始的时候也有过一些急躁。我觉得本年我对教务工作从入门到熟悉，了解各个老师的需求，但在项目跟进和一些预算处理上还稍显不足。\n软件工作：4星\nPCP基础开发工作基本完成。完成了监控设备的拆装，官网1期的开发等，都有不错的反馈。','$2a$10$vJ6fw4Fs.zM8w/S.cbpaMOfOWrMlw1CnOWyhUnEdRgLz1kVg33CA6','2019-02-01 11:34:06'),(5,'9201801826/9201402713/9201801110/9201801590/9201502803/9201503542','9201501154','2019','9201502803','0f179f8f1ff1479de8d4db2ab1924206e6cb775f45fb2e9267440afa5520e51b56c8afadb22c8c2d299df590f1fce78643b4b5320436cbc7549a18fc9a0dfc3a2099fbe39115e1f5c3c2aebb8034b04c15939af667bb6c6cee280a6eb01633f928419f663aa7b7805ba4a4006495b4f954083288fe4fcd66b2f44465384b737d63766cef4b06358685d8738aaac1cd9522da0f410449a129b999030830757ffd4e7c3ab4b1e9da698e6516f393f79ecc36baec11922c8202df4e7346a30ba344bc04ddff37162064e7c174b376a014a010528b9316b53d74f2d80bfe713bca205c0a16f6754a5ea58ea07622e83b206cdc41f51eada9f81caabeb18d2b986f3bc44d4088cf47c4bb236919b621d123aab7fcbdf00da3bb5926d706a9675c5fcc554212cfcdfda3dcddc54a9a6dd69abd87272693a53c1216d066d40f0335d02e2faecc74379cc4dd5e51c3201fb6223a754fd6c7d92bbcb0e4ed42923c507973ce1f73e15097729343882141009ddae16294bc4410730603f8b6a77748a63d02660c550922c5734440b9d48eabe446808d478b5c22ad23611d923db0d665fd74bee16ea02d2bfe272871f2a124eef23d56e744074e638d8fd5f6c8e0ef71b2914a2162de4f7a8c46c10fbd30d5de9853749b30e1d4a05ea1d63086df56da5b99707b310303d3a429ef79454d41995d805ab99c0f9bee6822aef12df7cc8ce3a63a3aa4080de18b894fdbc846b70ceda52099fbe39115e1f5016b2317ad460ed93d82b2284e9fe4ca7f038499f666236ef520b12096fc1b8c9bd69ed9873e2a9dfc5175a4739dd679d203c93dab48d87f65ea50bc6fd17711ba6af19a658e49654819c1feeab5c4ff86594580986e3e1c2b1c6eb8f001a25f835c6f0b52566bd1a06cf01286c0016660ac36e2665b4e1cc44d4088cf47c4bbe8d4db2ab19242060772a9d89d0b78507afcfa96bd0bb2977f5f765d6f1a347c8fe65066d86f222237640edf51f336ad08000c61ccdc3a6bb0cd4c6b59bcad3b3ff3417958286b2989c35709d18a1cd2b7be5fc789c2628c61744025bdca5377bb82aa1e93e1a19b80c9da69a5595b7f9aaedf9fc88dffb0d1453ee3b9efd5acc8bf27f1df6324b4fe571ac7b532ff04facb2e508fe64ca4ae3ca8b57f62c5a932716a94329846e6a84b8d9f83713dfc2d844807652a6f2e058b3a015344ef33ecf8dce281f8ef702f9d1803922bf46f6547a17f64b96eddd84499ebd70ef423d9aecdb1c760ed632cad5609917949fffc9ef802f817fe54d9425e876db2468c6b05e1d86644666e240ba62d813cbda7337cb448191f89e36bfe82f7784ecaafdd61e095afadb9e2','  本年度春夏学期在小学部开设科学课，主要以动手实验为主，学生反馈不错，师生互动良好。\n\n  在中学部分别开设理化实验课和英文阅读小组。理化实验课上逐步引入假设-验证的实验思想和科学方法，天煜和嘉和在其中表现突出，收效不错。英文阅读小组的实施离我的初衷有些距离，重心没有落在英文文本阅读的障碍扫除，但是意外地打开了某些同学比如双成提高表达的欲望。\n\n  秋冬学期分别开设阅读课、末日求生课。和石磊合开《怎样玩数学》课。阅读课因人数较少，参与的个人各自的特质原因，较少看到学生之间互相碰撞和激发，学生处于聆听状态比较多，离我初衷有距离。末日求生课从始至终有稳定的四名学生兴致勃勃地参与课堂讨论，互相激发了很多想法，加深了对这个世界运行的认识。《玩数学》后期学生锐减，可能也跟学生水平参差不一，某些环节设计得过于抽象有关。\n  \n  给毅晗单独辅导物理和化学，感觉他兴趣浓厚，但一旦涉及到比较麻烦的理论计算部分，他会有一定程度的畏难。','$2a$10$vJ6fw4Fs.zM8w/S.cbpaMOfOWrMlw1CnOWyhUnEdRgLz1kVg33CA6','2019-02-01 11:37:25'),(6,'9201801826//9201402713/9201801110/9201801590/9201501154/9201503542','9201502803','2019','9201502803','0f179f8f1ff1479de8d4db2ab192420685c104635710ce35c44d4088cf47c4bbe8d4db2ab1924206c33b757f320aa061ca9781ff37475454e877e955e80e9a6db368cd3d0a4b735dee36ee449bf11ad748ca7b8530214765af82ecf31bf72f84a734fc6a8e8c20d7f347fc49913d9a75f7b12c82200f7d4036910b4740c733a2fa4efc5ed03200da5d42ea1156f40ccfdc445f60585109cce8ea3c1cf6a88d0381dc229c17b339ee469e447742d5c03c75c9c2f36497fdc932f9f8219cfa66083898cf93e657755adcc797af2fc423d6b4ccddb3913156cd89ced29298b30d53f6d96d8ec6665db904152319975523a77b8bf8eaa6282ecbc23d01449fe319db54426f16b06ef4d78414b91f3a0507b9656aa3ef361c041439a9faeb313a9d3f0517e164862cb2d6776e24ff91ee1701dee84abe0782d52ecd19b78aa7a91f3907e04875654b978e8d1b790bd68ae25f053af7bc1620a58b2041fc1e079a35377f747af1e063276bfc195528109865a83e12fe8289dd241e43b4b5320436cbc7549a18fc9a0dfc3a2099fbe39115e1f57bb47f4f0f784c2710a1a85eae9ac9d1309cce53c8463ac37d694c36ba1fbe4c230967823bb4fc68008d51196b6ccae79c789f6f1c6aee0f697848729990a7ddb8694591c9eb8123e4554ef5e46736ad5cad5c6a07c3773bb66f4223b91b24fc1a7d6c410fc6ad9e2d6738fb1ae2ed0ebb989881899de1de3de3c5e35c0e931cc52226054b9b10d385c8d988d5730d3bcc3f329fafc858c2d3704b26042d7fa5dba1c592aff54a3413fa348813e2c25b2ae590efd4a7e4ac5db68929a440fa761b67684eac74adef8c07e26f110a73f727f85081d3a5a0835a14b0550569de6fdc5ff5d19b3299b33e155892c396dc88a94ea23b17397e7cc88ee0deca2875c4e0d1694a755e3fd8ee931280f90a845458e8dddebd5aba965b0f8055e28cb6c65e712f97bdbdebd99dee5b7ed0e44fc17c8dcc394ea5673e31b62d74709c3167039ca788891a1cff8abd3368f6339db19de6bc91a5f7489a0c40333792b75270a93489e5af8d58d472ccfa721fb7366bfe6cb99d035287029770341382f1e64bf4511f9d68cb185c7e1f2b2c3420bbc2cfc4f76263ef0c9641b9eb6877e9e108dae81c997cda087c3c88830c403a66aebba87235574153a798e5147498c5452eebe63afe94d6c2dc130f1aaaa20b442325a4d95b33c99c7477a06452bec3092a4d61e76bbb0b670337e8f32cdd875c95aa2dc6ec25948ead77da10592c833d6603644d6e767b5908872b1fc070e98682757c0f8ff9bbf530a6432072e5c91cdfcc2d6b279b4f44e76d72ec2fbbe0fa30b6bb575d68ee511eb744f1b31eff54bf6b73910088118dd520c4f34b14dbce66c03cf40bea77fe68b60beaec8f967b9271a11eb067b04b2bb127ffe4d8bf9c866dbbbffa9d3d8f15886667088f77542c638a1e98433a672bff178a17c4e0d5e46cab873c26c80994945fdb33b1934d42d4a1c857ece43c245ea28ccffdd43c60a09f0c2f54ed6da24bd983e93954f428792bfb8d278d63b79eb8ae383e447c7d3dd96e24c7d9300858c25f93a94744878d3edd26d7cf9f0a65453c859a83589dfade60fa609522bd12e5f8c26c2511b796b9ba08aae1ceaa3884f43e6b516ae6a9f63eec8801090fe939a11d157122075202f9445ccc9844075d3079caa9b1173cc53da08ddb83b414b2faef3921ade811f6797f5e41cfd20297f98084b06dcf417b7496e25182c63c1b80a0d7b210c0f7d1ad7747f997e2d3411bed7876123d44a09160a36f7973fdc1f72c67aa2aee257f8182676563a8e833e8b2a5e76e06c3d5af281a80e2a83c35f2aff107e8a50660e92eb033d4b6b5ebcaee50678916df59f9152af59a7e2f0929b542e8540d9992d3b44b61d637fc407c6a43961c665e9d95e46b0a8367c91c215858126e213ccd9b00bc8431593b690e83d92df0396bea3765e5fd7262add15c549a47021b650080975eaa32cb599ff62c13f54a06d468ecbc0776083f46efd6424471c038a7cea45bfa3cfb3c6de163ec32856022f9a16bc3dbe66aa2d45839c1e31a5a942b4cd99b434259aceaec83926cbdb7cf25fb1a3ea777e862f9e17397ae08f35a20215226791104c40bad4f0777d102ac6ba821e669fae512573a544ab75390f63fc0260488dcc5883a2d58ef642ed7a32b11fb66be7ff7e7c29ae2f13b66138abfec46dce4f99c6c387a8cf00e8df18706f5cdbec9dcfa152606d359ab6f65d9330b33e440c8acb4a572272a93f3e9400cba28ce457e3a20dca45448484a58b016c552cee335247579cacc262b7d520cb48d144c9b05deacc6f36c4f4fdf808f38d72b41a5e3cb88b21037b6a3a9508e','总括：\n这是我加入先锋以来，工作最累的一个学年，也是教学成绩最好的一个学年。体现在几个方面，学生数量；学生实际情况；课程数量；社会传播等。我把自己的工作成绩每个方面以★来进行标示，5★为满。\n\n陪伴：★★★★★\n这是先锋的教育重点，一是我的学生多，二是学生里面新生多；三是学生情况复杂，比如性格层面存在各种问题多学生尤为多，差不多我的日常休息时间基本全部被占用，但是对于学生的改善和成长以及后续的人生规划价值也是显而易见的。\n\n课程：★★★★★\n这是我对学生进行“学会思考”和“学会学习”两个方面的教育重点，本学期我有四门课，除去进行国际化的前沿学术观点传递外，更加注重对于新学生思考能力的培养，希望他们可以在第1个学期开一扇思考力的天窗；第2个学期找到研究的兴趣；第3个学期进行真正的独立研究并产生价值；第4个学期成为我真正意义上的教学助手。\n\n传播：★★★★\n这个学年，因为前两个部分占用了我几乎所有时间，所以再传播工作上我更多利用休息日以“先锋导师&独立学者”的身份进行大量社会活动和讲座，对我校进行教育理念和成绩进行宣讲和推广。秋季学期随着左众的加入，我开始和左众/石磊进行微信公众号/网站进行整改，对架构/内容尤其是影视素材进行了大量拍摄，目前传播素材库已经基本就绪。\n\n项目/预约课：★★★★\n这个学年，我先后有两个和一个项目小组，其中游戏研究室作为游戏文化的专题探讨项目，已经培养出韩秋实/党建桐/安芮琪/何子宸/谢天悦等一批从随便打打游戏，到研究游戏背景再到社会性的文化思考的学生。预约课方面，谢天悦同学的游戏课/历史课，庞雨琳同学的历史课，都达到了“精致化教学一对一”的新高度，一是因为学生生源质量高，二是我们的授课方式具有非常强的学术性，这些都使得预约课成为了一种新的有效的教学方式。\n','$2a$10$vJ6fw4Fs.zM8w/S.cbpaMOfOWrMlw1CnOWyhUnEdRgLz1kVg33CA6','2019-02-01 11:52:19'),(7,'9201801826/9201402713/9201801110/9201801590/9201501154/9201502803','9201503542','2019','9201502803','0f179f8f1ff1479de8d4db2ab19242065471639de61f98440a53649623593e4509e770badfe01e549665f8f5e78cb4920f55ab5485a263f196b979a8f97ce1127a160042fa8fd150c255e82bc95e02bdbea4ec5d08a4b842c44d4088cf47c4bb236919b621d123aab7fcbdf00da3bb59d84ff391efcf2118cb30278cd632e5b7eda39fae9ddb9df8999978b96a7dac899e19c687aaf6d7739b3300e1a9cdce060d64e0193e3876ae902578e454b8394e36adb42b1f8838d0d7cf2a718445443aa20eaa9c561f9b829d4cc1f19f2c1388627ab54b1b5ada17dc135a6959bf57343415197d7893347e23d2e6275d1e2e0cd41a834d2d33c219f17644c703a097ef9bc03a0d3230e580bee16ea02d2bfe27f80a161d491e927a077bf11b694d2d79c3b6075b121574468b094d30ea990412511362a6fcaa067a77d651a10d08b3396596dbea393d2e75ef14ea447ccd910a34408e98ed0d18e4461eb7c6f244451f4a0af9b8e5dc5ffc00cc2242ee83043ab26484959545c37fa2681fb4d780dcf52a6448bb0f3d5a1a88c22b2c28e4e1ce19095b58ec0aade388189cfa3e1cecb3a12c67fb4cf5e89c76eb4e9538e980061cfdd9c99ad47f19f8731e83052c3eae82d41493cd235314698b2258c09f26b693e4e58c4bd77602327e7fefb13a66402d4a030a354501e89a672a215dee03255d32e2b8c78d22a17011e36fb2dc8769249cec584aa02738a3d65950d5d1b0012b5ced39fe9a5762845ce84eb2b92aa02c0a77fb1e7197d3d27c28036a3bff2edc3277dae6c9cf0fe814b4e447d8ccb3e3f898c7b3f544de9ebeaded518d76caa6a4333997ebb3a05c1c1695011c6bb8ab70da7287effd3967d34f2765d34972b3cd7b3c9c2d93aba92b14dc140f0ae1d0721b2f44b13fd85fd80ad2114b4d972a4999520799655d20e8fd382372a3a9bd43f4e6a4fb577b2c8e3ee6a916248d2a525dca771e6d698c22dbf21b0327fc5f5cce64130a28ef078469368fc5f3e4715e7f842d28d8a25d415333b271c804bc48fdb213bd1658724dec313d7b334cb4d714da3f7121c42445f72374f8760a81335fa9c38695e7c829a22499d810702c0a77fb1e7197d345e06669b96698397c7d46b154d8b142bad37dcaf634c5f44becadae99554f6adc5efe2cc36bd527c1370b6eadb62e6adf1c6400b64b7b4d5e6751ad5f548c5926d706a9675c5fcce562ba56c84335a91e691f435faa6eb756d14c14ff8ac59e5a3c4b60b43ebc4d12e5f8c26c2511b7da3e52bb1f6ba15920b122241d36f0c100253f642290312a90c155ca97ed622718f67a08d3b0da533076790d849104a343a92fafb92ff29f057b220fe539da06564e3681997e4f3b5829d2801455f22505bea31e739528f6c44d4088cf47c4bb236919b621d123aab7fcbdf00da3bb59b800f04593c5e9cc0f2e127c38452b47d7a818760abddd90fc6c1d88d36cc7dfb2d56f2a776329fbb3de2b8741959812093badd94c6f92c6cb4f4d8a0868e9d7c203beb0d3b995d6a30cde4bb8c73d1f7f4a6d1ddfd8bef05d0e71ef42b521046414afeac0ac2646344470d4b51c342dd955d7d6d93f26e5908d7aa712b168ed0e384c7665249796533e31e74227de99dec3d3c189db2bd3ee44a3ffff65753f03a434101a15b755b15588c62d6725cc908d7aa712b168edda5c52c928ac6b7526d4ccd052648de2814fd248abe8ed37cc5954dddb4cd2e5bdac5c72e88decb1ddf055b65ccd7bfb5629a600ea88b5969323db9479b4d3d85680b5ff44542a9864c823968ced11862c782f017e15e3945ead685a0ae68535cc03a64a56dc55f10843e18d8d2ade81aa32ab8dea80ff3ecd24acebbcdceee07e3af7de50142bb74104438c7c04245e1b8a44a32817d948da6ef34a78b01cabc5c63c932fa7d4a6764bcb107d9356a77f437f5716e9e754b902eeb923572609364f8ed55aa10a751ff1310af280b90099720b2c4c9c4dbbf32945f7db07386b33e11234d43a9c36d73fd39ad3758439f012bf462bb60f4996d37d152fbf57185095a3814729ed0f6039da5d42b0ea9a8d4bfae03be264fd1da7b34ade6bd7861239243ff6211c15e777fde6743ce54af412077ccda7bc3e3ccd9b00bc843159c7643c8690425c45ce5821fc8db4e7932a104300a7e02e820ae29f649281534263a8b8acfbfeea8fb514293adc6a7863087deef5f54793c5b5ebcaee50678916df59f9152af59a7e534cd0ee5704d4110f44a64de3eb79cea5402b7b22d0028bb5ebcaee50678916df59f9152af59a7e85be229731a2a64ab33e52fa38334024ccd62c5c6e260af355ab2531f03d03245a7dd74776fffbecdf59f9152af59a7e569a1abc932f23341c2dad35bb35435d18687528cfd4dd08450ce59b5e4b3738f23f4dfe295625ad9113477cf46903ee2ae627dea9e892db0825cfe377012774724f17c21de9062a66e3759a16b735ce1fa3d8cff75e299c58163c9bcc56b8ab358b42a2b2590e271b696aa46286c9b64cf404ad7f916a425898dcbd777134834ea084a7ac92b116814440d7bbd10efd01511ab4ba5bbca2c4df330398dfc55fde0efde423bac3252fe796c7e079cd24927850be1fe7c5e9d2497df2c102c45c443c8c999e6ceebf03f1b6e546ac7a61e4bfb18f3497f3fccb89291fcd68535245916119e675d710ba1a3e2e5cc57e68972b044712c462742b0d4347920a6ec5544a794032d5decfa2b6fdc089cd95b1f9d11fbab334229c','回顾2018年年度工作，在做事和同事沟通方面，比较缺乏主动性及看待事的全面性，根据以下工作，整体评星为★★★★\n2018年上学期，主要负责小学部。小学部从前期的筹备到学期结束，工作内容主要包含行政后勤、教务工作、对外接待及少部分家长沟通工作，整个学期也是一波三折，会因经验不足部分事的处理方式不足，幸而在老师们的支持下完成小学部的学期工作。\n2018年下学期因小学部校址问题，故工作重心转回中学部，工作内容主要分为行政后勤、人事、寝室管理、学生项目四个方面。1、行政后勤的工作比较繁琐，含盖了食堂、寝室、学习中心的日杂事等，在日常的管理中能意识到其中的问题所在，求助其他老师加以修正；2、人事方面工作量不大，主要做一些基础沟通及员工合同的工作，因自身缺乏相关经验，目前在学习中；3、寝室管理主要负责女生寝室及1402的查寝工作，女生寝室工作主要是规则建立、家长沟通及寝室矛盾3方面。女生们性格差异大，日常相处下摩擦不断，前期主要花时间处理周佳韵和林芝欣的矛盾，在这个过程中支持并协助她们互相面对面的沟通，试着说出各自的需求，如何在中间取相处的平衡点。后期稍微熟悉后，女生们发生矛盾时主要支持她们自己去解决问题；4、学生项目是协助小虞做“虞嬷嬷的小冰箱”，整个项目能看到小虞的不确定性和事先的预判性，所以整个过程我是偏主动的推着他做，后期能明显感觉到他在项目过程中找到自信后的积极性，并且他自己能在整个项目过程中有思考和反思。','$2a$10$vJ6fw4Fs.zM8w/S.cbpaMOfOWrMlw1CnOWyhUnEdRgLz1kVg33CA6','2019-02-01 11:52:19');

/*Table structure for table `hibernate_sequence` */

DROP TABLE IF EXISTS `hibernate_sequence`;

CREATE TABLE `hibernate_sequence` (
  `next_val` bigint(20) DEFAULT NULL
) ENGINE=MyISAM DEFAULT CHARSET=latin1;

/*Data for the table `hibernate_sequence` */

insert  into `hibernate_sequence`(`next_val`) values (8),(8),(8),(8),(8),(8),(8),(8),(8),(8),(8),(8),(8),(8),(8),(8);

/*Table structure for table `message` */

DROP TABLE IF EXISTS `message`;

CREATE TABLE `message` (
  `id` int(20) NOT NULL AUTO_INCREMENT,
  `sender_id` varchar(50) NOT NULL COMMENT '发送者ID',
  `subject` varchar(20) DEFAULT NULL COMMENT '主题',
  `title` varchar(255) DEFAULT NULL COMMENT '标题',
  `receiver_id` text DEFAULT NULL COMMENT '接收者ID',
  `body` text DEFAULT NULL COMMENT '内容',
  `status` varchar(10) DEFAULT NULL COMMENT '已读(read)、未读(unread)、草稿(draft)、删除(delete)',
  `date` varchar(50) DEFAULT NULL COMMENT '创建时间',
  `attachment` varchar(50) DEFAULT NULL COMMENT '附件',
  `tag` varchar(50) DEFAULT NULL COMMENT '标签组1（教务、系统、教学、普通）',
  `labels` varchar(50) DEFAULT NULL COMMENT '标签组2（重要、一般、紧急）',
  PRIMARY KEY (`id`)
) ENGINE=InnoDB AUTO_INCREMENT=34 DEFAULT CHARSET=utf8;

/*Data for the table `message` */

insert  into `message`(`id`,`sender_id`,`subject`,`title`,`receiver_id`,`body`,`status`,`date`,`attachment`,`tag`,`labels`) values (1,'9201701000','选课识别码','您所辅导的学生选课识别码(PIN)的信息','9201101270','您收到一条来自教务的信息：本学期的选课时间为：2019-03-15 00:00:00至2019-03-18 00:00:00, 您的学生的选课码为：<br>学生名：高,琛来, 选课识别码：150563<br>学生名：郑,懿男, 选课识别码：124959<br>','unread','2019-03-15 02:22:16',NULL,'教务','紧急'),(2,'9201701000','选课识别码','您所辅导的学生选课识别码(PIN)的信息','9201402713','您收到一条来自教务的信息：本学期的选课时间为：2019-03-15 00:00:00至2019-03-18 00:00:00, 您的学生的选课码为：<br>学生名：黄,馨琦, 选课识别码：654928<br>学生名：黄,筱添, 选课识别码：148011<br>','read','2019-03-15 02:22:16',NULL,'教务','紧急'),(3,'9201701000','选课识别码','您所辅导的学生选课识别码(PIN)的信息','9201502803','您收到一条来自教务的信息：本学期的选课时间为：2019-03-15 00:00:00至2019-03-18 00:00:00, 您的学生的选课码为：<br>学生名：何,子宸, 选课识别码：993973<br>学生名：师,宇洋, 选课识别码：774206<br>学生名：熊,仲宇, 选课识别码：921200<br>学生名：胡,智阳, 选课识别码：432369<br>学生名：乌,梓宸, 选课识别码：322243<br>学生名：谢,天悦, 选课识别码：873891<br>学生名：张,笑天, 选课识别码：712597<br>','unread','2019-03-15 02:22:16',NULL,'教务','紧急'),(4,'9201701000','选课识别码','您所辅导的学生选课识别码(PIN)的信息','9201503542','您收到一条来自教务的信息：本学期的选课时间为：2019-03-15 00:00:00至2019-03-18 00:00:00, 您的学生的选课码为：<br>学生名：刘,霈臻, 选课识别码：811615<br>','read','2019-03-15 02:22:16',NULL,'教务','紧急'),(5,'9201701000','选课识别码','您所辅导的学生选课识别码(PIN)的信息','9201801144','您收到一条来自教务的信息：本学期的选课时间为：2019-03-15 00:00:00至2019-03-18 00:00:00, 您的学生的选课码为：<br>学生名：线,力维, 选课识别码：173534<br>学生名：李,双成, 选课识别码：183480<br>学生名：林,芝欣, 选课识别码：815717<br>学生名：安,芮琪, 选课识别码：392470<br>学生名：李,昊泽, 选课识别码：718390<br>','unread','2019-03-15 02:22:16',NULL,'教务','紧急'),(6,'9201701000','选课识别码','您所辅导的学生选课识别码(PIN)的信息','9201801590','您收到一条来自教务的信息：本学期的选课时间为：2019-03-15 00:00:00至2019-03-18 00:00:00, 您的学生的选课码为：<br>学生名：虞,晨煦, 选课识别码：520230<br>学生名：李,嘉和, 选课识别码：635826<br>学生名：朱,润然, 选课识别码：826042<br>学生名：李,覃恩, 选课识别码：921068<br>','read','2019-03-15 02:22:16',NULL,'教务','紧急'),(7,'9201701000','选课识别码','您所辅导的学生选课识别码(PIN)的信息','9201801825','您收到一条来自教务的信息：本学期的选课时间为：2019-03-15 00:00:00至2019-03-18 00:00:00, 您的学生的选课码为：<br>','unread','2019-03-15 02:22:16',NULL,'教务','紧急'),(8,'9201701000','用户申请','用户创建','9201901657','您接收到来自系统的一条消息:您的账户已创建！欢迎来到先锋！','unread','2019-03-15 14:45:28',NULL,'系统','重要'),(9,'9201701000','用户申请','批准操作成功','9201701000','您接收到来自系统的一条消息:来自用户 谭, 行知(9201901657) 批准已通过！','unread','2019-03-15 14:45:28',NULL,'系统','重要'),(10,'9201701000','选课识别码','您所辅导的学生选课识别码(PIN)的信息','9201801590','您的辅导学生周,佳韵用于选课的PIN是：148172，有效期为：2019-03-15 00:00:00至2019-03-19 00:00:00。请及时告知，谢谢！','unread','2019-03-15 23:24:28',NULL,'教务','紧急'),(11,'9201701000','识别码','选课的识别码','9201701000','您接收到来自系统的一条消息:用户 9201802938 的选课的识别码148172 已生成！','unread','2019-03-15 23:24:28',NULL,'系统','重要'),(12,'9201701000','选课识别码','您所辅导的学生选课识别码(PIN)的信息','9201801474','您的辅导学生余,林熹用于选课的PIN是：147741，有效期为：2019-03-15 00:00:00至2019-03-19 00:00:00。请及时告知，谢谢！','unread','2019-03-15 23:24:52',NULL,'教务','紧急'),(13,'9201701000','识别码','选课的识别码','9201701000','您接收到来自系统的一条消息:用户 9201801471 的选课的识别码147741 已生成！','unread','2019-03-15 23:24:52',NULL,'系统','重要'),(14,'9201701000','选课识别码','您所辅导的学生选课识别码(PIN)的信息','9201402713','您的辅导学生王,涵用于选课的PIN是：717308，有效期为：2019-03-15 00:00:00至2019-03-19 00:00:00。请及时告知，谢谢！','read','2019-03-15 23:25:00',NULL,'教务','紧急'),(15,'9201701000','识别码','选课的识别码','9201701000','您接收到来自系统的一条消息:用户 9201802500 的选课的识别码717308 已生成！','unread','2019-03-15 23:25:00',NULL,'系统','重要'),(16,'9201701000','选课识别码','您所辅导的学生选课识别码(PIN)的信息','9201502803','您的辅导学生颜,子睿用于选课的PIN是：589140，有效期为：2019-03-15 00:00:00至2019-03-19 00:00:00。请及时告知，谢谢！','unread','2019-03-15 23:25:20',NULL,'教务','紧急'),(17,'9201701000','识别码','选课的识别码','9201701000','您接收到来自系统的一条消息:用户 9201803113 的选课的识别码589140 已生成！','unread','2019-03-15 23:25:20',NULL,'系统','重要'),(18,'9201701000','用户申请','用户创建','9201901515','您接收到来自系统的一条消息:您的账户已创建！欢迎来到先锋！','read','2019-03-16 20:25:40',NULL,'系统','重要'),(19,'9201701000','用户申请','批准操作成功','9201701000','您接收到来自系统的一条消息:来自用户 汪, 彩荧(9201901515) 批准已通过！','unread','2019-03-16 20:25:40',NULL,'系统','重要'),(20,'9201701000','用户申请','用户创建','9201901425','您接收到来自系统的一条消息:您的账户已创建！欢迎来到先锋！','unread','2019-03-19 12:46:50',NULL,'系统','重要'),(21,'9201701000','用户申请','批准操作成功','9201701000','您接收到来自系统的一条消息:来自用户 周, 志羿(9201901425) 批准已通过！','unread','2019-03-19 12:46:50',NULL,'系统','重要'),(22,'9201701000','用户申请','用户创建','9201403292','您接收到来自系统的一条消息:您的账户已创建！欢迎来到先锋！','unread','2019-03-19 12:47:01',NULL,'系统','重要'),(23,'9201701000','用户申请','批准操作成功','9201701000','您接收到来自系统的一条消息:来自用户 张, 潘荣正(9201403292) 批准已通过！','unread','2019-03-19 12:47:01',NULL,'系统','重要'),(24,'9201701000','用户申请','用户创建','9201901882','您接收到来自系统的一条消息:您的账户已创建！欢迎来到先锋！','unread','2019-03-19 12:47:10',NULL,'系统','重要'),(25,'9201701000','用户申请','批准操作成功','9201701000','您接收到来自系统的一条消息:来自用户 阿邦, 南美(9201901882) 批准已通过！','unread','2019-03-19 12:47:10',NULL,'系统','重要'),(26,'9201701000','用户申请','用户创建','9201901605','您接收到来自系统的一条消息:您的账户已创建！欢迎来到先锋！','unread','2019-03-19 18:44:18',NULL,'系统','重要'),(27,'9201701000','用户申请','批准操作成功','9201701000','您接收到来自系统的一条消息:来自用户 许, 世伟(9201901605) 批准已通过！','unread','2019-03-19 18:44:18',NULL,'系统','重要'),(28,'9201701000','用户申请','用户创建','9201901628','您接收到来自系统的一条消息:您的账户已创建！欢迎来到先锋！','unread','2019-03-19 18:44:26',NULL,'系统','重要'),(29,'9201701000','用户申请','批准操作成功','9201701000','您接收到来自系统的一条消息:来自用户 钱, 益诚(9201901628) 批准已通过！','unread','2019-03-19 18:44:26',NULL,'系统','重要'),(30,'9201701000','用户申请','用户创建','9201901403','您接收到来自系统的一条消息:您的账户已创建！欢迎来到先锋！','unread','2019-03-19 19:03:16',NULL,'系统','重要'),(31,'9201701000','用户申请','批准操作成功','9201701000','您接收到来自系统的一条消息:来自用户 朱, 姝(9201901403) 批准已通过！','unread','2019-03-19 19:03:16',NULL,'系统','重要'),(32,'9201701000','选课识别码','您所辅导的学生选课识别码(PIN)的信息','9201801825','您的辅导学生钱,益诚用于选课的PIN是：158587，有效期为：2019-03-27 00:00:00至2019-04-01 00:00:00。请及时告知，谢谢！','unread','2019-03-26 19:29:29',NULL,'教务','紧急'),(33,'9201701000','识别码','选课的识别码','9201701000','您接收到来自系统的一条消息:用户 9201901628 的选课的识别码158587 已生成！','unread','2019-03-26 19:29:29',NULL,'系统','重要');

/*Table structure for table `person` */

DROP TABLE IF EXISTS `person`;

CREATE TABLE `person` (
  `user_id` varchar(20) NOT NULL COMMENT '主编号',
  `username` varchar(100) NOT NULL COMMENT '用户名',
  `first_name` varchar(100) NOT NULL COMMENT '名',
  `last_name` varchar(100) NOT NULL COMMENT '姓',
  `password` varchar(100) NOT NULL COMMENT '密码',
  `status` varchar(20) NOT NULL COMMENT '状态',
  `info` varchar(100) NOT NULL COMMENT '信息',
  `type` varchar(20) NOT NULL COMMENT '属性',
  `role_id` varchar(50) DEFAULT NULL,
  `birthday` varchar(100) DEFAULT NULL COMMENT '生日',
  `email` varchar(100) DEFAULT NULL COMMENT '电子邮件',
  `tel` varchar(100) DEFAULT NULL COMMENT '电话号',
  `qq` varchar(100) DEFAULT NULL COMMENT 'qq号',
  `we_chat` varchar(100) DEFAULT NULL COMMENT '微信号',
  `dorm` varchar(100) DEFAULT NULL COMMENT '宿舍号',
  `gender` varchar(20) NOT NULL COMMENT '性别',
  `create_time` varchar(100) NOT NULL COMMENT '创建时间',
  `update_time` varchar(100) NOT NULL COMMENT '修改时间',
  `last_login_time` varchar(100) DEFAULT NULL,
  `trial_period` varchar(255) DEFAULT NULL COMMENT '试读期/试用期',
  `address` varchar(255) DEFAULT NULL,
  `qq_openid` varchar(255) DEFAULT NULL,
  `comment` text DEFAULT NULL COMMENT '备注',
  `profile` text DEFAULT NULL COMMENT '头像',
  `user_info` text DEFAULT NULL,
  PRIMARY KEY (`user_id`)
) ENGINE=InnoDB DEFAULT CHARSET=utf8;

/*Data for the table `person` */

insert  into `person`(`user_id`,`username`,`first_name`,`last_name`,`password`,`status`,`info`,`type`,`role_id`,`birthday`,`email`,`tel`,`qq`,`we_chat`,`dorm`,`gender`,`create_time`,`update_time`,`last_login_time`,`trial_period`,`address`,`qq_openid`,`comment`,`profile`,`user_info`) values ('9201101270','xwl270','晓伟','刘','$2a$10$ERRXsJuXW6U5sKxr1AvyBuQgPtbkm/lEFYKBD3imDex2/bCsHJJ6W','1','2011-01','f/','0/6/7/','1962-12-13T16:00:00.000Z','xianfeng@xianfengedu.org','18030475676','94548782',NULL,NULL,'male','2018-08-15 21:45:44','2018-09-13 21:06:57','2018-09-13 21:04:19',NULL,NULL,NULL,'','{\"path\":\"/pioneer/image/profile/14/1/13c95fd1-7ebc-4318-9b36-6bac7a2e9789.jpg\",\"size\":101597,\"name\":\"lxw_2.jpg\",\"type\":\"jpg\"}',NULL),('9201301743','nmcr743','尼玛','慈仁','$2a$10$t8QAasFsD74KTtgHph6Du.SczgIIQ9Jp7oOg8VOSIFj7ZH6QV.vfK','0','2013-01','f/','0/6/','2000-05-24T16:00:00.000Z','784757643@QQ.COM','18980855649','784757643',NULL,NULL,'male','2018-09-12 23:01:39','2019-03-15 01:48:16','2019-02-01 20:35:17',NULL,NULL,NULL,'',NULL,NULL),('9201402537','phl537','培洪','罗','$2a$10$QjTPbQilxGnDgIGe9UnUf.86x8lpecqpx/gLM.WhxizNcR7s8N95i','0','2014-02','f/','0/6/2/','2000-10-23T16:00:00.000Z','806246566@qq.com','18073309685','806246566',NULL,NULL,'undetermined','2018-08-02 22:04:55','2019-03-15 01:48:19',NULL,NULL,NULL,NULL,'','{\"path\":\"/pioneer/image/profile/7/6/238f0912-c926-436c-a735-4fba8220a150.jpg\",\"size\":87244,\"name\":\"lph_2.jpg\",\"type\":\"jpg\"}','{\"path\":\"/pioneer/document/userInfo/7/6/76f345c5-4162-4443-a0a9-079a93e5e8e9.jpg\",\"size\":87244,\"name\":\"lph_2.jpg\",\"type\":\"jpg\"}'),('9201402713','zj713','伟灿（桔子）','倪','$2a$10$ItXYkdMqGQOrthC7TQj.2.bhxzlcM7wxJclFOgoMfUjbxdnUBq012','1','2014-02','f/a/','0/6/1/4/7/','1994-06-20T16:00:00.000Z','821978672@qq.com','17780622519','821978672',NULL,NULL,'male','2018-09-07 10:15:13','2019-01-25 14:10:47','2019-03-18 17:31:59',NULL,NULL,NULL,'','{\"path\":\"/pioneer/image/profile/12/0/bddcc077-d57f-49ef-b90e-b0eecb7052aa.jpg\",\"size\":89438,\"name\":\"nwc_1.jpg\",\"type\":\"jpg\"}',NULL),('9201403292','przz292','潘荣正','张','$2a$10$7V4HQM4T3dJYG2LXXyZ7F.G.cDi9UJP77OEiMNBzM53NWLbM67zRe','1','2014-03','pf/','0/6/','','sorrm_028@126.com','15828067617','1018704864',NULL,NULL,'male','2019-03-19 12:47:01','2019-03-19 12:47:01',NULL,NULL,NULL,NULL,'',NULL,NULL),('9201501154','zmt154','振明','唐','$2a$10$0N28tZwO1nXOslttl14pw.h2Sty3SZZzImGvoryMlcb.S9vYpgAh2','0','2015-01','f/','0/6/','1982-02-10T16:00:00.000Z','Synphotine@qq.com','13625104371','55175350',NULL,NULL,'male','2018-08-04 14:01:09','2019-03-15 01:48:22','2019-01-31 20:06:30',NULL,NULL,NULL,'','{\"path\":\"/pioneer/image/profile/9/0/ea563cc6-b0c0-42f6-b195-aaee052fad58.jpg\",\"size\":91493,\"name\":\"tzm_1.jpg\",\"type\":\"jpg\"}',NULL),('9201502132','sl132','三','老','$2a$10$SdAxVq02af4nngPAwQrt4OqIE7vzkaYxyCp29SqEjDmhiiWxFAGCC','0','2015-02','f/','0/6/','2018-09-11T16:00:00.000Z','111111111@qq.com','1111111111','11111111',NULL,NULL,'male','2018-09-12 22:36:34','2019-03-15 01:48:25',NULL,NULL,NULL,NULL,'',NULL,NULL),('9201502154','zch154','子宸','何','$2a$10$yaNcYOkibAajjiJdnP4ZAOiXcopAerjdzcQuSW0Us3HZNdMxnG8yW','1','2015-02','s/','0/5/','2002-05-25T16:00:00.000Z','2194910972@qq.com','13541081269','2194910972',NULL,NULL,'male','2018-08-02 20:20:35','2019-03-17 16:14:12','2019-03-20 10:06:18','[]',NULL,'B8F760DDACB94C8D71D3EC68EA6DC97F','','{\"path\":\"/pioneer/image/profile/3/1/eb241dd7-6e15-450d-932a-00ea3c6ab7f5.jpg\",\"size\":130090,\"name\":\"hzc_1.jpg\",\"type\":\"jpg\"}',NULL),('9201502803','lzby803','隆之','布彦','$2a$10$Ckq1ydZo/M/R3.QH9tXJ8udL1SWoZS8d0dXnX4SioqMuiTraYbwWe','1','2015-02','f/','0/6/2/7/','1981-08-19T16:00:00.000Z','','18628047206','772380576',NULL,NULL,'male','2018-08-07 20:13:54','2019-02-02 21:54:08','2019-02-02 21:52:16',NULL,NULL,NULL,'','{\"path\":\"/pioneer/image/profile/2/8/00676f81-b09e-4562-82d8-3ebc91fc804b.jpg\",\"size\":108457,\"name\":\"hh_1.jpg\",\"type\":\"jpg\"}',NULL),('9201502825','cxy825','晨煦','虞','$2a$10$JGET23xjdiWqLEGGzfvXc.7K.o1odzZ15N6skk6Ncfhk9Uiuv8qAu','1','2015-02','s/','0/5/','2002-08-15T16:00:00.000Z','815237261@qq.com','18969765952','815237261',NULL,NULL,'male','2018-08-02 19:11:05','2019-03-10 23:35:10','2019-03-27 10:29:30',NULL,NULL,NULL,'','{\"path\":\"/pioneer/image/profile/0/10/e71b1592-2c9c-4cb7-9290-4df0929c81ef.jpg\",\"size\":127399,\"name\":\"ycx_1.jpg\",\"type\":\"jpg\"}',NULL),('9201503542','zjm542','宗佳','马','$2a$10$MQC1k2ZCSukZzsukB.sxzulfApfCevTKxhtdvaXbGx6yd2ba5072i','1','2015-03','ff/','0/3/6/7/','1994-02-11T16:00:00.000Z','858715195@qq.com','17708075506','858715195',NULL,NULL,'female','2019-01-24 14:10:49','2019-01-27 00:07:37','2019-03-17 23:21:27',NULL,NULL,NULL,'','{\"path\":\"/pioneer/image/profile/15/0/3ee2061f-7cb2-4eeb-9d92-755d37bc3156.jpg\",\"size\":63715,\"name\":\"mzj_1.jpg\",\"type\":\"jpg\"}',NULL),('9201601212','xj212','旭','姜','$2a$10$Nhq/SIfBA0X/0pd/MpxkL../.qzGvePv17hKBzcxi.EmIru47GzTG','0','2016-01','s/','0/5/','2002-02-08T16:00:00.000Z','1832993047@qq.com','13962263766','1832993047',NULL,NULL,'male','2018-08-02 20:22:00','2018-09-06 01:12:02',NULL,NULL,NULL,NULL,'','{\"path\":\"/pioneer/image/profile/0/13/6b809be4-c034-4f90-b8b0-ee1f2385c075.jpg\",\"size\":142974,\"name\":\"jx_1.jpg\",\"type\":\"jpg\"}',NULL),('9201601559','yb,ypl559','宇波','劉','$2a$10$PdzV43/ugaH5nrajWxEnbumCHB1llCpZxPAV3jfh8P0CX0NxvGAzu','1','2016-01','f/','0/6/','1992-04-21T16:00:00.000Z','basakaji@foxmail.com','18200352250','2283753328',NULL,NULL,'male','2018-09-12 22:36:26','2018-09-12 22:36:26','2019-03-18 00:30:36',NULL,NULL,NULL,'',NULL,NULL),('9201601752','rc752','蓉','程','$2a$10$7l9DWG3E393pbTdTpdBpquwNyPeFIBOEVBifBFAQgTgjKw8dxuWdC','1','2016-01','f/','0/6/','2018-08-14T16:00:00.000Z','1483794460@qq.com','11111111111','1483794460',NULL,NULL,'female','2018-08-15 22:19:31','2018-08-15 22:19:31',NULL,NULL,NULL,NULL,'','{\"path\":\"/pioneer/image/profile/1/8/b5eda830-6ef9-417f-90af-e6dfebe864ff.jpg\",\"size\":88349,\"name\":\"cr_1.jpg\",\"type\":\"jpg\"}',NULL),('9201602165','hnh165','昊南','黄','$2a$10$AcfkZPs7fq7rVEnbiCGF9.FVsf3jFmqiftOd9AWDsj6hI8dsfbYaq','0','2016-02','s/','0/5/','2001-01-03T16:00:00.000Z','huang1227007212@163.com','17358532484','1227007212',NULL,NULL,'male','2018-08-02 20:23:11','2019-03-15 01:48:33','2018-09-15 11:16:01',NULL,NULL,NULL,'','{\"path\":\"/pioneer/image/profile/0/11/ac3c87a8-a65c-4073-b24a-cc07a9d70034.jpg\",\"size\":121621,\"name\":\"hhn_1.jpg\",\"type\":\"jpg\"}',NULL),('9201602229','ynl229','亚倪','刘','$2a$10$6u65/5AVJFLq4lDEIOEJruqLFdeYhkIG0zaKrvjOwqsuUq3xUyDBm','0','2016-02','s/','0/5/','2000-11-13T16:00:00.000Z','mierma@sina.com','13520898920','2467415445',NULL,NULL,'undetermined','2018-09-10 00:37:07','2019-03-15 01:48:36','2018-09-10 00:43:34',NULL,NULL,NULL,'',NULL,NULL),('9201603838','ytl838','永泰','林','$2a$10$JthTlQT6L7hZOIrHdDbA9.130lt.BCwE4Oek2PS71A1WTH3rQOCpq','0','2016-03','s/','0/5/','2001-11-14','837099769@qq.com','13548084920','837099769',NULL,NULL,'male','2018-08-02 20:21:03','2019-03-15 01:48:38','2018-09-13 14:33:24',NULL,NULL,NULL,'','{\"path\":\"/pioneer/image/profile/10/10/c0f00597-1bd3-44a4-9aa8-6ce84b3ca185.jpg\",\"size\":139070,\"name\":\"lyt_2.jpg\",\"type\":\"jpg\"}',NULL),('9201701000','root','管理员','先锋','$2a$10$UcsU6n.N0fyLrDgonZm5O.E8L5HSaXSaU.Ei5yftD21h117FOeedK','1','2017-01','s/f/a/','0/1/2/3/4/5/6/','1996-11-12','691217991@qq.com','13668284849','1343214384','1343214384','我不知道','undetermined','2017-08-08 07:00:00','2018-09-12 23:58:35','2019-03-26 19:27:33',NULL,'成都市新都区斑竹园镇北欧知识城云兴路8号',NULL,'请勿删除','{\"path\":\"/pioneer/image/profile/9/9/0f130949-3466-44be-8c5f-ee1dd5d59201.jpg\",\"size\":9276,\"name\":\"dcf_1.jpg\",\"type\":\"jpg\"}',''),('9201701888','lz888','玲','张','$2a$10$fnNcCLJ3M16SI5sJceqIfuTrXYvlTLahdDCGZ.Xjlhs1oaVNMM7a.','0','2017-01','f/','0/6/','2018-08-14T16:00:00.000Z','252524749@qq.com','1111111111','252524749',NULL,NULL,'female','2018-08-15 22:18:46','2019-03-15 01:48:40',NULL,NULL,NULL,NULL,'',NULL,NULL),('9201702405','dUdi)w405','迪（Udi)','吴','$2a$10$P6uJqjGttFS7oNwnzhaws.8kDOKmtZ/mEh766Z3Zokmi5oe85UteS','0','2017-02','f/','0/6/','2018-09-11T16:00:00.000Z','111111@qq.com','11111111111','111111111',NULL,NULL,'male','2018-09-12 22:32:30','2019-03-15 01:48:42',NULL,NULL,NULL,NULL,'',NULL,NULL),('9201702636','tyf636','天煜','傅','$2a$10$.8aN0HRMVgPBB6aVj/AtN.2lkF4JEC1vR5jjCRDEJwIJUdNPUKlgm','0','2017-02','s/','0/5/','2004-03-24T16:00:00.000Z','1840691987@qq.com','13682458147','1840691987',NULL,NULL,'female','2018-08-02 20:21:31','2018-09-06 01:11:48',NULL,NULL,NULL,NULL,'','{\"path\":\"/pioneer/image/profile/13/10/a690d88f-cd9e-41db-a9bf-fe21e2d2d4f2.jpg\",\"size\":117728,\"name\":\"fty_1.jpg\",\"type\":\"jpg\"}',NULL),('9201801110','mf,p110','梅','冯','$2a$10$5vjCGP11WY4T3WhB4sJPuu25RSWebSvtgWypLW9O6gUPFhhVLBEWi','1','2018-01','f/','0/6/3/','1969-11-25T16:00:00.000Z','352300400@qq.com','13350079282','352300400',NULL,NULL,'female','2018-08-12 22:41:51','2019-01-24 18:22:56','2019-01-29 22:32:39',NULL,NULL,NULL,'','{\"path\":\"/pioneer/image/profile/9/2/a73eea7d-bda6-4740-a52f-3ae00c235634.jpg\",\"size\":94354,\"name\":\"fm_1.jpg\",\"type\":\"jpg\"}',NULL),('9201801114','qsh114','秋实','韩','$2a$10$NJJyj13HfUjFX.oY/lzGb.DoeQ32Ta5DzhbGuMPeK9WEVTVN4v64y','0','2018-01','s/','0/5/','2018-08-14T16:00:00.000Z','11111111@qq.com','11111111','11111111',NULL,NULL,'male','2018-08-15 22:35:06','2018-09-06 01:11:54',NULL,NULL,NULL,NULL,'',NULL,NULL),('9201801119','yys119','宇洋','师','$2a$10$BiyQ3iZRVIr3M9S16TeP6.h9pFpnId4yZn1O/tcpn2LVqb0J2.UbK','1','2018-01','s/','0/5/','2003-07-29T16:00:00.000Z','','18908029710','1351768199',NULL,NULL,'male','2018-08-15 22:35:21','2019-03-17 15:41:55','2019-03-17 15:41:55',NULL,NULL,'3F99E10CE06576A8709D0B3D27E85CF1','',NULL,NULL),('9201801144','tc144','涛','崔','$2a$10$Vgi8tZLxvUdtt9pMj7ZEguBoOYohts.RGeQxcKqvf7PIKoeXQzmea','1','2018-01','f/','0/6/2/7/','1985-05-07T16:00:00.000Z','8406206@qq.com','18030714656','8406206',NULL,NULL,'male','2018-08-15 21:46:36','2018-09-18 09:45:21','2019-03-15 19:56:18',NULL,NULL,NULL,'','{\"path\":\"/pioneer/image/profile/4/15/0f7d3d72-bda6-47ee-9d70-581284f91733.jpg\",\"size\":80344,\"name\":\"ct_2.jpg\",\"type\":\"jpg\"}',NULL),('9201801173','qfc173','棋丰','陈','$2a$10$Ci9tWUJc7Imons0Q/aZeXeHx3nf6Kkbxf6vJPs.vbKJ3cwYPI.x1W','0','2018-01','s/','0/5/','2018-08-14T16:00:00.000Z','1111111111@qq.com','111111111','111111111',NULL,NULL,'male','2018-08-15 22:33:58','2018-09-06 01:11:46','2018-08-15 23:59:18',NULL,NULL,NULL,'',NULL,NULL),('9201801200','bzj200','炳郅','蒋','$2a$10$1/yzvRpZmzzL/qkCzhkagePckCY2El.6SO7Rw6n.Q9.MjrTzGR44a','0','2018-01','s/','0/5/','2018-08-14T16:00:00.000Z','111111@qq.com','11111111','11111111',NULL,NULL,'male','2018-08-15 22:35:38','2019-03-15 01:48:49',NULL,NULL,NULL,NULL,'',NULL,NULL),('9201801215','clg215','琛来','高','$2a$10$Vpc1SocnLWnftirP.TfJCe.P5myEnNKop.dkMNyDJGbCeTw5x9Zuu','1','2018-01','s/','0/5/','1999-11-05T16:00:00.000Z','gaochenlai@gmail.com','13880691106','2859286801',NULL,NULL,'male','2018-08-15 21:44:56','2019-03-17 16:40:09','2019-03-19 19:38:24',NULL,NULL,'68A2E32F37EAA36DA6119564D4854DFC','',NULL,NULL),('9201801240','xqh240','馨琦','黄','$2a$10$QaDgcznRpv1h4GD94taNJuF9LSW7NCiOYSUeWjAQ7vKOYMQjZgreW','1','2018-01','s/','0/5/','2002-08-18T16:00:00.000Z','3226256269@qq.com','15828151614','3226256269',NULL,NULL,'female','2018-09-06 01:10:26','2019-03-18 14:30:27','2019-03-20 12:07:57',NULL,NULL,'344C995B2BFC0B0AC95D7FB06543A3A4','',NULL,NULL),('9201801259','zyx259','仲宇','熊','$2a$10$dlhOSQaU65k552J09r0lFeQGy1YxXKlMTaRiY9wNHEV5FiIdMOCyO','1','2018-01','s/','0/5/','2005-10-17T16:00:00.000Z','3509452966@qq.com','18190745337','3509452966',NULL,NULL,'male','2018-08-15 22:34:15','2019-03-18 13:21:56','2019-03-18 13:23:55',NULL,NULL,'6E748891C234EB0419ECC57D52E61113','',NULL,NULL),('9201801342','jtd342','健桐','党','$2a$10$w6AuzFFFsQknrwF1JV4vTuwW3pyE9JmtpdBRHy9rT2gX.Qrde8OQi','0','2018-01','s/','0/5/','2018-08-14T16:00:00.000Z','1111111111@qq.com','1111111111','1111111111',NULL,NULL,'male','2018-08-15 22:34:28','2018-09-06 01:12:18',NULL,NULL,NULL,NULL,'',NULL,NULL),('9201801417','jhl417','嘉和','李','$2a$10$0VqV.BnYmpw4Gay8MZdCbeCM1Ssgb7oAgZiXlYc5lOwjDkUG55k/i','1','2018-01','s/','0/5/','2003-06-13T16:00:00.000Z','1070987833@qq.com','18577790898','1070987833',NULL,NULL,'male','2018-08-15 22:33:39','2019-03-17 14:43:35','2019-03-17 14:47:01',NULL,NULL,'8CEB3048139510D95443F305823559DC','',NULL,NULL),('9201801423','zql423','子祺','李','$2a$10$puW9RBwIFtwtOE2xeC31GO5Q6jI4GmzZaqQVmGNngs98Dxw3Q4j7u','0','2018-01','s/','0/5/','2003-12-20T16:00:00.000Z','2895311981@qq.com','18661315161','2895311981',NULL,NULL,'male','2018-08-15 22:34:53','2019-03-15 01:48:56','2018-09-14 16:18:37',NULL,NULL,NULL,'','{\"path\":\"/pioneer/image/profile/5/3/eee32ed5-9b0b-4b79-90db-fc34cdb110f2.jpg\",\"size\":59041,\"name\":\"lzq_1.jpg\",\"type\":\"jpg\"}',NULL),('9201801465','yjg465','仪佳','郭','$2a$10$hX/cMQkdQmwAuBcZ2k4Y6ODNgKGM1dDqTZ1Vp50qI1J6oZlYTGAhG','0','2018-01','s/','0/5/','2018-08-14T16:00:00.000Z','111111@qq.com','11111111','11111111',NULL,NULL,'female','2018-08-15 22:36:21','2018-09-06 01:15:35',NULL,NULL,NULL,NULL,'',NULL,NULL),('9201801470','rpm470','瑞鹏','马','$2a$10$IggUuvLvTlnsqj6jWq403.rt0Mo7m2jLCVNLIbPNdAgSmM1RrWsfO','0','2018-01','s/','0/5/','2018-08-14T16:00:00.000Z','111111111@qq.com','1111111111','1111111111',NULL,NULL,'male','2018-08-15 22:34:05','2018-09-06 01:12:22',NULL,NULL,NULL,NULL,'',NULL,NULL),('9201801471','lxt,y471','林熹','余','$2a$10$.B0FR3gOVi34EpqMQboG6eINg6aN0NZQuTN3MHetg.Wjsuv5wNE..','1','2018-01','s/','0/5/','2004-10-12T16:00:00.000Z','','18011467768','3453325011',NULL,NULL,'female','2018-08-15 22:35:46','2019-03-20 13:17:41','2019-03-20 13:17:41',NULL,NULL,'C24339D3430E834569378D51F68E112A','','{\"path\":\"/pioneer/image/profile/7/2/2ab96ed5-691d-4e09-b134-ffaf3bb9576c.jpg\",\"size\":71301,\"name\":\"ylx_1.jpg\",\"type\":\"jpg\"}',NULL),('9201801474','gx474','刚','熊','$2a$10$RvTqIln90A6ycJhTrC00M.GdmpPjJ93YFZrn.FUFHHgz54kL94nqa','0','2018-01','f/','0/','1974-10-23T16:00:00.000Z','','13981881760','1214644286',NULL,NULL,'male','2018-08-15 22:19:12','2018-09-14 15:30:02','2018-09-14 15:32:43',NULL,NULL,NULL,'','{\"path\":\"/pioneer/image/profile/1/10/e23324a4-6adf-4836-8c98-5fff7e576438.jpg\",\"size\":110482,\"name\":\"xg_1.jpg\",\"type\":\"jpg\"}',NULL),('9201801547','tyx547','天悦','谢','$2a$10$wqjvJKFDCQIbMgZDM0a08Ou24m61g9eH/uKm7Csr.pzBLFND.gEA.','1','2018-01','s/','0/5/','2018-08-14T16:00:00.000Z','111111@qq.com','11111111','11111111',NULL,NULL,'female','2018-08-15 22:35:13','2018-08-15 22:35:13',NULL,NULL,NULL,NULL,'',NULL,NULL),('9201801549','yhx549','毅晗','许','$2a$10$yTFiEsI9C63OLbrEPqLBFOy/eaKmifoWuCqUoFVXa3P7qyhVN4GT.','0','2018-01','s/','0/5/','2002-07-20T16:00:00.000Z','1719441436@qq.com','13505743035','1719441436',NULL,NULL,'male','2018-08-18 17:44:06','2019-03-15 01:49:00','2018-09-15 10:57:45',NULL,NULL,NULL,'',NULL,NULL),('9201801590','ShileiLin590','石磊','林','$2a$10$nrxpK4b3sCGFWD.LrouXg.vX7YvF9tEbOx2hy5x3hO78pvsiZUoSe','1','2018-01','f/','0/6/2/7/','1996-11-11T16:00:00.000Z','691217991@qq.com','13668284849','691217991',NULL,'1402','male','2018-08-02 00:05:14','2019-03-16 21:40:49','2019-03-27 22:58:42',NULL,'Weiyi Rd,HUangtianba, qingyang district','F25FF636783F83701ABB183DDE077585','','{\"path\":\"/pioneer/image/profile/7/2/c6a9a5a8-0403-4914-9936-0930ca11f8a1.jpg\",\"size\":109132,\"name\":\"lsl_1.jpg\",\"type\":\"jpg\"}','{\"path\":\"/pioneer/document/userInfo/4/10/4f57e665-5062-4787-ba9a-301d74b7a113.png\",\"size\":1947443,\"name\":\"第三新成都2_1.png\",\"type\":\"png\"}'),('9201801692','lwx692','力维','线','$2a$10$JTkyraIfO.JFfzhOQwdvGe.Z1KEua.ubt.QAJEdGDdHS2pdWV4mcO','1','2018-01','s/','0/5/','2002-04-21T16:00:00.000Z','794295469@qq.com','17392255202','794295469',NULL,NULL,'male','2019-03-09 10:27:20','2019-03-17 14:24:12','2019-03-17 14:24:12',NULL,NULL,'A8D6930FBC16778E39AAF1A52C45916E','',NULL,NULL),('9201801734','zyh734','智阳','胡','$2a$10$KtCO8cC6JG/pcvtQ3NLCb.lSa./OD.Oe.nEYCj0GwReuRKNzlKNe6','1','2018-01','s/','0/5/','2003-05-19T16:00:00.000Z','3091467293@qq.com','13357883035','3091467293',NULL,NULL,'male','2019-02-01 23:15:18','2019-03-09 12:47:57','2019-03-22 11:02:39',NULL,NULL,NULL,'',NULL,NULL),('9201801789','rrz789','润然','朱','$2a$10$BX3jlRHvxr7CpnE1tRnvAOVBhQJvzCqbZxjw9vKp2DRUQTUsxBBWG','1','2018-01','s/','0/5/','2019-03-01T16:00:00.000Z','2052836471@qq.com','15867751772','2052836471',NULL,NULL,'male','2018-08-15 22:35:28','2019-03-17 15:57:07','2019-03-19 21:45:30',NULL,NULL,'360F96C770BD3DEB0FB5D431C9BAABDD','','{\"path\":\"/pioneer/image/profile/12/13/1baa6a4f-5c1d-468b-950e-1054e475fe41.jpg\",\"size\":53794,\"name\":\"zrr_1.jpg\",\"type\":\"jpg\"}',NULL),('9201801790','tn790','天','牛','$2a$10$4adpluHwoR9TYomOicGU/O8vbrFXcr9xMTF5wsoAAFw1vHjI0a6fi','0','2018-01','s/','0/5/','2018-08-14T16:00:00.000Z','111111111@qq.com','111111111','111111111',NULL,NULL,'male','2018-08-15 22:34:21','2018-09-06 01:15:39',NULL,NULL,NULL,NULL,'',NULL,NULL),('9201801805','yms,c805','意铭','沈','$2a$10$9Xg9LvCSB.RBESg41vgtKee1YQaVS19vstHQRJDA9Btigvxv.74Ka','0','2018-01','s/','0/5/','2018-08-14T16:00:00.000Z','1111111111@qq.com','1111111111','1111111111',NULL,NULL,'male','2018-08-15 22:34:45','2018-09-06 01:12:27',NULL,NULL,NULL,NULL,'',NULL,NULL),('9201801825','cfd825','乘风','丁','$2a$10$6RvG5.NTq2jr/Hxcv56AEOYg2C1Qyh9GO7Sv8B4MRPA0l..v8Fy2.','1','2018-01','f/','0/6/7/','','','18353139443','554925899',NULL,NULL,'male','2018-08-15 22:51:40','2019-03-26 19:30:44','2019-03-27 15:54:31',NULL,NULL,'9A7EB1BE8F78BD2665C7DF49B23028D9','',NULL,NULL),('9201801826','wl826','苇','卢','$2a$10$04p.1uuVo7.JxtB4liIIs.RgMOBNv0J7ZWvv7TFXeD7gK/wVO9IW2','1','2018-01','f/','0/6/2/','1993-07-08T16:00:00.000Z','85800327@qq.com','15884468203','85800327',NULL,NULL,'male','2018-08-12 22:16:34','2019-01-24 17:04:37','2019-03-27 15:53:20',NULL,NULL,NULL,'','{\"path\":\"/pioneer/image/profile/13/2/8ec193a5-499a-4406-9c1d-d0288c635957.jpg\",\"size\":92972,\"name\":\"lw_1.jpg\",\"type\":\"jpg\"}',NULL),('9201801842','qcp842','泉呈','潘','$2a$10$toGEOVfRandNaCy64g0dneNgKzPRIKGCUp7aS.mlywLWE6AgS/myi','0','2018-01','s/','0/5/','2018-08-14T16:00:00.000Z','111111@qq.com','11111111','11111111',NULL,NULL,'male','2018-08-15 22:36:02','2018-09-06 01:12:33',NULL,NULL,NULL,NULL,'',NULL,NULL),('9201801846','ycz846','一畅','张','$2a$10$oVZcuNnEB6S5s.LW03HEQecYh6L4QP0wfREbBSdZb9fFfpAip1HkK','0','2018-01','s/','0/5/','2018-08-14T16:00:00.000Z','111111@qq.com','11111111','11111111',NULL,NULL,'male','2018-08-15 22:35:53','2018-09-06 01:12:36',NULL,NULL,NULL,NULL,'',NULL,NULL),('9201801848','hxc848','泓贤','陈','$2a$10$pa3qi25f76Xvf7KLrlIOfO.iuAxApwjL1IlyepQ27fRtip87qE3le','0','2018-01','s/','0/5/','2018-08-14T16:00:00.000Z','111111@qq.com','11111111','11111111',NULL,NULL,'male','2018-08-15 22:34:38','2018-09-06 01:12:38',NULL,NULL,NULL,NULL,'',NULL,NULL),('9201801876','ynz876','懿男','郑','$2a$10$qpUmKArDLvCPKWf.rKYrUuvdirmCA.74o9Jcay9e0ZHQoZTPq1GHG','1','2018-01','s/','0/5/','2000-03-18T16:00:00.000Z','1147327846@qq.com','17743268964','1147327846',NULL,NULL,'male','2018-08-15 22:36:12','2019-03-18 12:21:56','2019-03-19 11:21:29',NULL,NULL,'BE4C3D1901A092BD8488858BCE082008','',NULL,NULL),('9201801880','yy880','燕','杨','$2a$10$MQPlqr/eE6Ahp0geBtieBuO3nO8iFsx4ItwYZPFv/O5piHUIOq/qm','1','2018-01','f/','0/3/2/','2018-08-14T16:00:00.000Z','7344682@qq.com','13668284849','7344682',NULL,NULL,'female','2018-08-15 21:51:56','2018-08-15 21:51:56','2018-08-16 11:15:34',NULL,NULL,NULL,'','{\"path\":\"/pioneer/image/profile/2/2/46ce922c-de83-45e7-b698-004fd53e792d.jpg\",\"size\":110787,\"name\":\"yy_1.jpg\",\"type\":\"jpg\"}',NULL),('9201801916','scl916','双成','李','$2a$10$4dsEklHBQ7B1TKm82OO8l...CvOqyFJDqE/WpFceEYuVxgxwbomFa','1','2018-01','s/','0/5/','2002-11-11T16:00:00.000Z','3027921577@qq.com','18190902273','3027921577',NULL,NULL,'male','2018-08-15 22:33:48','2019-03-17 21:02:22','2019-03-17 21:02:22',NULL,NULL,'95894C710FCA555A15F64E0D759A20CE','',NULL,NULL),('9201801969','zxl969','子璇','凌','$2a$10$JB3YTusHEkYyIpA6iiWZoeOtV0dECU/HilFZpbFHtMjj.O9UMUVXe','0','2018-01','s/','0/5/','2018-08-14T16:00:00.000Z','111111@qq.com','11111111','11111111',NULL,NULL,'female','2018-08-15 22:33:31','2018-09-06 01:15:29','2018-09-06 00:50:19',NULL,NULL,NULL,'',NULL,NULL),('9201802112','jal112','金奥','李','$2a$10$tFX/W2yj7g3h5EuTDaICSOPWGVcPMrllt8N0.b0JWmgVm9m8ZGz4m','0','2018-02','s/','0/5/','2001-07-12T16:00:00.000Z','2832922603@qq.com','17773179212','2832922603',NULL,NULL,'female','2018-09-06 01:10:45','2019-03-15 01:49:12','2018-09-15 17:19:09',NULL,NULL,NULL,'',NULL,NULL),('9201802152','zxl152','芝欣','林','$2a$10$hNpCax63MB8UnXR4XpuTSOBXqsQ/T29VRanVXaEtwvueidOuYHGbC','1','2018-02','s/','0/5/','2003-11-13T16:00:00.000Z','1176192158@qq.com','13505876385','1176192158',NULL,NULL,'female','2018-09-12 23:02:18','2019-03-17 14:38:14','2019-03-19 19:49:45',NULL,NULL,'1F0D2155A0ACAC4683AD3FC03F784A1C','','{\"path\":\"/pioneer/image/profile/12/13/aae9136d-d9b9-4263-9ede-e5868dbf4432.jpg\",\"size\":77989,\"name\":\"lzx_1.jpg\",\"type\":\"jpg\"}',NULL),('9201802224','rqa224','芮琪','安','$2a$10$RiI1AidqxUn5zrC6lxuG5.j2aZYnICrUHgijFD7ZhC159pUJFyvm6','1','2018-02','s/','0/5/','2003-12-17T16:00:00.000Z','1873822849@qq.com','18780226493','1873822849',NULL,NULL,'female','2018-09-06 01:10:36','2019-03-16 20:29:09','2019-03-16 20:29:09',NULL,NULL,'','',NULL,NULL),('9201802231','wmc231','炜明','陈','$2a$10$KCiisHugw/jYrtvzkA9bleVqarjSpN53zVq1/eOXK.yB2tj2KJ5lK','0','2018-02','s/','0/5/','2000-08-28','1735900239@qq.com','13352878357','1735900239',NULL,NULL,'male','2018-09-07 10:14:46','2019-03-15 01:49:15','2018-09-19 12:19:46',NULL,NULL,NULL,'',NULL,NULL),('9201802436','zqp436','稚钦','彭','$2a$10$LYr4cotlMqAdTJvLKRUzqeNd5xmShtKPlKX8poyQrcP1mXXVP6uvS','0','2018-02','s/','0/5/','2003-07-07T16:00:00.000Z','405581685@qq.com','18685000733','405581685',NULL,NULL,'male','2018-09-12 23:02:05','2019-03-15 01:49:17','2018-09-20 02:29:34',NULL,NULL,NULL,'',NULL,NULL),('9201802500','hw500','涵','王','$2a$10$uPEjjAr9Nq0n7e2Cf3LpbekciOwvsFHA8eqjPcaSOn8QcYKxfUCeq','1','2018-02','s/','0/5/','2002-06-11T16:00:00.000Z','1415738263@qq.com','13868385330','1415738263',NULL,NULL,'male','2018-09-12 23:01:53','2019-03-17 16:08:57','2019-03-19 19:44:53',NULL,NULL,'CABECDE1DBD01755A80A731E445DA30F','',NULL,NULL),('9201802524','qe,tel524','覃恩','李','$2a$10$2CiV5gNeyqhVj1DPWNM5QecgljyVl0mAr0OZuPHGVM2v8Re1ZVbb6','1','2018-02','s/','0/5/2/','2001-07-05','1277168683@qq.com','13243709233','1277168683',NULL,NULL,'male','2018-09-06 01:08:37','2019-03-17 16:21:06','2019-03-17 16:21:06',NULL,NULL,'0F09982770D6AF12471E2C69E42635BB','','{\"path\":\"/pioneer/image/profile/15/12/cdd72f87-c88c-41c4-95a2-d78fcbda2a3c.jpg\",\"size\":64726,\"name\":\"lte_1.jpg\",\"type\":\"jpg\"}',NULL),('9201802528','ylp528','雨琳','庞','$2a$10$zvo/TIvdvo3ZMDB32EXqrumJlTm3egJMDAhlGHnKSskIIALHR6EN2','1','2018-02','s/','0/5/','2000-05-21T16:00:00.000Z','1798100218@qq.com','13486624887','1798100218',NULL,NULL,'female','2018-10-15 13:12:09','2018-10-15 13:12:09','2018-10-15 13:13:39',NULL,NULL,NULL,'',NULL,NULL),('9201802583','zcw583','梓宸','乌','$2a$10$VxDM4LIzlnQScO1QUwf.a.FgyP.aApsR2Ht5./R93Hgvr2OUdARLS','1','2018-02','s/','0/5/','2002-12-16T16:00:00.000Z','3117947280@qq.com','18228356289','3117947280',NULL,NULL,'male','2018-09-10 00:36:54','2019-03-17 14:30:25','2019-03-17 14:30:25',NULL,NULL,'B0574B4A2B309B73BAC9AC3C6E0667BA','',NULL,NULL),('9201802622','syz,c622','苏尧','曾','$2a$10$aMFLmEa0RHukeDaxFW.kK.ohMz58naLNPo8hQXTvCbhyd878qmZFG','1','2018-02','f/','0/6/','','','15902849507','416252632',NULL,NULL,'female','2018-09-12 22:32:41','2019-03-21 17:37:54','2019-03-21 17:39:02',NULL,NULL,'48F9C1FE49054EBDC6D802B2C83BC810','',NULL,NULL),('9201802683','pzl683','霈臻','刘','$2a$10$X6inPe7W1FvHP5wqE13Mm.oVCj3eL2gR/5eJs8iHlzoqt1p49hO12','1','2018-02','s/','0/5/','2004-07-27T16:00:00.000Z','13327686492@QQ.com','13327686492','3407626138',NULL,NULL,'female','2018-09-25 13:17:36','2018-09-26 10:19:34','2019-03-16 15:44:59',NULL,NULL,NULL,'',NULL,NULL),('9201802938','jyz938','佳韵','周','$2a$10$.UQVdbpJgC/RK393Cx3ZxORXZE7VoYjLC/y9pWHyuVVKVxpBmvl3i','1','2018-02','s/','0/5/','2006-01-08T16:00:00.000Z','2271930819@qq.com','18908887870','2271930819',NULL,NULL,'female','2018-09-06 01:10:55','2019-03-17 15:34:25','2019-03-20 10:24:23',NULL,NULL,'092E1296B28E3F9516966EC7536761C5','',NULL,NULL),('9201803113','zry113','子睿','颜','$2a$10$Hbgwu0lV5mGg//.VmeNDbuGJpvCQQRf7NTgcXXDhrFkfy97td1ocS','1','2018-03','s/','0/5/','2001-03-31T16:00:00.000Z','','18980852467','857855091',NULL,NULL,'male','2018-08-02 20:23:34','2018-09-09 20:06:51','2018-09-15 20:55:49',NULL,NULL,NULL,'','{\"path\":\"/pioneer/image/profile/15/0/f78efc0f-3e15-4d65-abec-977d7e031f0f.jpg\",\"size\":9276,\"name\":\"mzj_1.jpg\",\"type\":\"jpg\"}',NULL),('9201803537','syl537','书阳','李','$2a$10$o0Sx2faLhJLwTKO45GSfruqXtP9wr69M.9ozpb97WsqbQ.kFRNyJW','1','2018-03','s/','0/5/','2001-09-17T16:00:00.000Z','1067237690@qq.com','15047517007','1067237690',NULL,NULL,'male','2018-09-06 01:11:14','2019-02-01 01:18:33','2018-09-14 12:02:02',NULL,NULL,NULL,'','{\"path\":\"/pioneer/image/profile/4/3/7f08cd5c-8e44-4047-b7f4-c412aeb6c483.jpg\",\"size\":103605,\"name\":\"lsy_1.jpg\",\"type\":\"jpg\"}',NULL),('9201803703','pys703','鹏尧','孙','$2a$10$aqIi3H4jtE1npBMep8XYHuYdS86C0DL5BffU6Ao7YlyzK4bTTf54e','0','2018-03','s/','0/5/','2018-09-11T16:00:00.000Z','111111111@qq.com','1111111111','111111111',NULL,NULL,'male','2018-09-12 23:02:28','2019-03-15 01:49:29',NULL,NULL,NULL,NULL,'',NULL,NULL),('9201803777','hzl777','昊泽','李','$2a$10$L1feWZXCg5E8BuGzvDkEO.C2niA7A0ygIpOR1dAgrWcMMAL/S4Tu6','1','2018-03','s/','0/5/','2004-08-11T16:00:00.000Z','2580243689@qq.com','17703305218','2580243689',NULL,NULL,'male','2018-09-12 23:02:38','2019-03-16 22:34:19','2019-03-21 15:31:04',NULL,NULL,'75AF736F1352DBC9285E08BD3A6CAA29','',NULL,NULL),('9201901211','xtz211','笑天','张','$2a$10$pM7/g4v1Xet3mCGGBAKxRuK33ornu0ENeyvZCkT2gje03.klimScC','1','2019-01','s/','0/5/','1998-11-27T16:00:00.000Z','526822968@qq.com','13583878267','1733690645',NULL,NULL,'male','2019-03-15 02:02:37','2019-03-15 02:02:37',NULL,NULL,NULL,NULL,'',NULL,NULL),('9201901403','sz403','姝','朱','$2a$10$HYmHiGIZXbKgpqZhvKHkpOm4Ev5WEV9Z.Tx6nPWos8iiWw56takrK','1','2019-01','pf/','0/6/','1995-11-09T16:00:00.000Z','1107189458@qq.com','18382224755','1107189458',NULL,NULL,'female','2019-03-19 19:03:16','2019-03-19 19:03:16','2019-03-22 10:19:20',NULL,NULL,NULL,'',NULL,NULL),('9201901425','zyz425','志羿','周','$2a$10$K.HQjT4g.BNw593zZVjwuuBzH99vqm4VbT/OnaQvqZXkUHH8Lseeu','1','2019-01','pf/','0/6/','2019-11-20T16:00:00.000Z','wen_yue_sheng@sina.com','18628200721','932558231',NULL,NULL,'male','2019-03-19 12:46:50','2019-03-21 16:37:20','2019-03-21 16:41:37',NULL,NULL,'5AC4393AE8EBF21700D8BBE04D4B0E8B','',NULL,NULL),('9201901515','cyw515','彩荧','汪','$2a$10$UK4p3MBqx/vqB07.9/V8G.j1su8aZIjzzTTrnKsk67ngNPlNqQUJi','1','2019-01','pf/','0/6/','1996-08-31T16:00:00.000Z','wangcy0901@hotmail.com','18281711593','3058716681',NULL,NULL,'female','2019-03-16 20:25:40','2019-03-16 20:25:40','2019-03-16 22:07:19',NULL,NULL,NULL,'',NULL,NULL),('9201901548','xth548','筱天','黄','$2a$10$s0B1k3GCgMJMO8HdcbPwtuHo9WfdReoUQFGYujpe63fCBr3xluH3a','1','2019-01','s/','0/5/','2005-02-15T16:00:00.000Z','3152190074@qq.com','17764879391','3152190074',NULL,NULL,'male','2019-03-09 10:26:23','2019-03-18 12:04:41','2019-03-18 13:44:21',NULL,NULL,'9DF3E9375D0ED2016C2875A8938B0C9D','',NULL,NULL),('9201901605','swx605','世伟','许','$2a$10$mRPpVYxeEZ5rNKWZ1p1EHuGd4z4hxtWV/YVoqeLN0c8LmXApzWvWO','1','2019-01','pf/','0/6/','1982-12-01T16:00:00.000Z','xusway@qq.com','15881129904','1373018878',NULL,NULL,'male','2019-03-19 18:44:18','2019-03-19 18:44:18',NULL,NULL,NULL,NULL,'',NULL,NULL),('9201901628','ycq628','益诚','钱','$2a$10$JqFtuVrExKdLCc4iA9CdQeVNXyh67.mhuAhhPiHX8GyX2Z8B6os/.','1','2019-01','s/','0/5/','2002-02-27T16:00:00.000Z','2929497297@qq.com','13368838153','2929497297',NULL,NULL,'male','2019-03-19 18:44:26','2019-03-26 19:26:46','2019-03-26 19:26:46',NULL,NULL,'B2B573393D1F721CC9A47C69C6C3D8C4','',NULL,NULL),('9201901657','xz,hzt657','行知','谭','$2a$10$S1HQG.3SB.mkMOfeTs0rKuQfL2T3oq6f4H0A2t1FnPEbx4BL4xvxW','1','2019-01','s/','0/5/','2007-12-17T16:00:00.000Z','1280588175@qq.com','15902861045','1280588175',NULL,NULL,'male','2019-03-15 14:45:28','2019-03-15 14:45:28',NULL,NULL,NULL,NULL,'',NULL,NULL),('9201901882','nmeb,ab882','南美','阿邦','$2a$10$FmRsRKt2H/lUQ14lGEmI3.H9eKdOmnAMsjL9kHHZOY4NA1MDHJXoK','1','2019-01','pf/','0/6/','','yazhouguojituanjie@163.com','13522682646','1223917414',NULL,NULL,'male','2019-03-19 12:47:10','2019-03-19 12:49:16','2019-03-19 12:50:05',NULL,NULL,'EDAAF7CA9916E9ED3DD47BFEFE82AB32','',NULL,NULL);

/*Table structure for table `pin` */

DROP TABLE IF EXISTS `pin`;

CREATE TABLE `pin` (
  `id` int(11) NOT NULL AUTO_INCREMENT,
  `pin` int(11) NOT NULL,
  `info` varchar(20) NOT NULL,
  `owner_id` varchar(20) NOT NULL,
  `role` int(11) NOT NULL COMMENT '1：选课，2：成绩录入，3：选导师，4：评价',
  `start_time` varchar(20) NOT NULL,
  `end_time` varchar(20) NOT NULL,
  `create_time` varchar(20) DEFAULT NULL,
  `remark` text DEFAULT NULL,
  PRIMARY KEY (`id`)
) ENGINE=InnoDB AUTO_INCREMENT=27 DEFAULT CHARSET=latin1;

/*Data for the table `pin` */

insert  into `pin`(`id`,`pin`,`info`,`owner_id`,`role`,`start_time`,`end_time`,`create_time`,`remark`) values (1,150563,'2019-01','9201801215',1,'2019-03-15 00:00:00','2019-03-20 00:00:00','2019-03-15 02:22:16',''),(2,124959,'2019-01','9201801876',1,'2019-03-15 00:00:00','2019-03-20 00:00:00','2019-03-15 02:22:16',''),(3,654928,'2019-01','9201801240',1,'2019-03-15 00:00:00','2019-03-20 00:00:00','2019-03-15 02:22:16',''),(4,148011,'2019-01','9201901548',1,'2019-03-15 00:00:00','2019-03-20 00:00:00','2019-03-15 02:22:16',''),(5,993973,'2019-01','9201502154',1,'2019-03-15 00:00:00','2019-03-20 00:00:00','2019-03-15 02:22:16',''),(6,774206,'2019-01','9201801119',1,'2019-03-15 00:00:00','2019-03-20 00:00:00','2019-03-15 02:22:16',''),(7,921200,'2019-01','9201801259',1,'2019-03-15 00:00:00','2019-03-20 00:00:00','2019-03-15 02:22:16',''),(8,432369,'2019-01','9201801734',1,'2019-03-15 00:00:00','2019-03-20 00:00:00','2019-03-15 02:22:16',''),(9,322243,'2019-01','9201802583',1,'2019-03-15 00:00:00','2019-03-20 00:00:00','2019-03-15 02:22:16',''),(10,873891,'2019-01','9201801547',1,'2019-03-15 00:00:00','2019-03-20 00:00:00','2019-03-15 02:22:16',''),(11,712597,'2019-01','9201901211',1,'2019-03-15 00:00:00','2019-03-20 00:00:00','2019-03-15 02:22:16',''),(12,811615,'2019-01','9201802683',1,'2019-03-15 00:00:00','2019-03-20 00:00:00','2019-03-15 02:22:16',''),(13,173534,'2019-01','9201801692',1,'2019-03-15 00:00:00','2019-03-20 00:00:00','2019-03-15 02:22:16',''),(14,183480,'2019-01','9201801916',1,'2019-03-15 00:00:00','2019-03-20 00:00:00','2019-03-15 02:22:16',''),(15,815717,'2019-01','9201802152',1,'2019-03-15 00:00:00','2019-03-20 00:00:00','2019-03-15 02:22:16',''),(16,392470,'2019-01','9201802224',1,'2019-03-15 00:00:00','2019-03-20 00:00:00','2019-03-15 02:22:16',''),(17,718390,'2019-01','9201803777',1,'2019-03-15 00:00:00','2019-03-20 00:00:00','2019-03-15 02:22:16',''),(18,520230,'2019-01','9201502825',1,'2019-03-15 00:00:00','2019-03-20 00:00:00','2019-03-15 02:22:16',''),(19,635826,'2019-01','9201801417',1,'2019-03-15 00:00:00','2019-03-20 00:00:00','2019-03-15 02:22:16',''),(20,826042,'2019-01','9201801789',1,'2019-03-15 00:00:00','2019-03-20 00:00:00','2019-03-15 02:22:16',''),(21,921068,'2019-01','9201802524',1,'2019-03-15 00:00:00','2019-03-20 00:00:00','2019-03-15 02:22:16',''),(22,148172,'2019-01','9201802938',1,'2019-03-15 00:00:00','2019-03-20 00:00:00','2019-03-15 23:24:28',''),(23,147741,'2019-01','9201801471',1,'2019-03-15 00:00:00','2019-03-20 00:00:00','2019-03-15 23:24:52',''),(24,717308,'2019-01','9201802500',1,'2019-03-15 00:00:00','2019-03-20 00:00:00','2019-03-15 23:25:00',''),(25,589140,'2019-01','9201803113',1,'2019-03-15 00:00:00','2019-03-20 00:00:00','2019-03-15 23:25:20',''),(26,158587,'2019-01','9201901628',1,'2019-03-27 00:00:00','2019-04-01 00:00:00','2019-03-26 19:29:29','');

/*Table structure for table `role` */

DROP TABLE IF EXISTS `role`;

CREATE TABLE `role` (
  `id` int(11) NOT NULL AUTO_INCREMENT COMMENT '主键id',
  `role_id` int(11) DEFAULT NULL COMMENT '序号',
  `role_name` varchar(255) DEFAULT NULL COMMENT '管理名称',
  `role_code` varchar(255) DEFAULT NULL,
  PRIMARY KEY (`id`)
) ENGINE=InnoDB AUTO_INCREMENT=10 DEFAULT CHARSET=utf8 COMMENT='角色表';

/*Data for the table `role` */

insert  into `role`(`id`,`role_id`,`role_name`,`role_code`) values (1,0,'用户','user'),(2,1,'管理员','admin'),(3,2,'教务','teach'),(4,3,'行政|后勤','logistic'),(5,4,'系统','system'),(6,5,'学生','student'),(7,6,'教师','faculty'),(8,7,'导师','advisor'),(9,8,'全职','fulltime');

/*Table structure for table `student` */

DROP TABLE IF EXISTS `student`;

CREATE TABLE `student` (
  `student_id` varchar(20) NOT NULL,
  `max_credits` int(11) NOT NULL,
  `update_time` varchar(255) DEFAULT NULL,
  PRIMARY KEY (`student_id`)
) ENGINE=InnoDB DEFAULT CHARSET=utf8;

/*Data for the table `student` */

insert  into `student`(`student_id`,`max_credits`,`update_time`) values ('9201502154',1000,'2018-08-02 20:20:35'),('9201502825',1000,'2018-08-02 19:11:06'),('9201601212',1000,'2018-08-02 20:22:00'),('9201602165',1000,'2018-08-02 20:23:11'),('9201602229',1000,'2018-09-10 00:37:07'),('9201603838',1000,'2018-08-02 20:21:03'),('9201701000',1000,'2018-08-02 20:23:34'),('9201702636',1000,'2018-08-03 16:18:24'),('9201801114',1000,'2018-08-15 22:35:06'),('9201801119',1000,'2018-08-15 22:35:21'),('9201801173',1000,'2018-08-15 22:33:58'),('9201801200',1000,'2018-08-15 22:35:38'),('9201801215',1000,'2018-08-15 21:44:56'),('9201801240',1000,'2018-09-06 01:10:26'),('9201801259',1000,'2018-08-15 22:34:15'),('9201801342',1000,'2018-08-15 22:34:28'),('9201801417',1000,'2018-08-15 22:33:39'),('9201801423',1000,'2019-03-15 01:48:56'),('9201801465',1000,'2018-08-15 22:36:21'),('9201801470',1000,'2018-08-15 22:34:05'),('9201801471',1000,'2018-08-15 22:35:46'),('9201801547',1000,'2018-08-15 22:35:13'),('9201801549',1000,'2018-08-18 17:44:06'),('9201801692',1000,'2018-09-12 23:02:38'),('9201801734',1000,'2018-09-12 23:02:38'),('9201801789',1000,'2018-08-15 22:35:28'),('9201801790',1000,'2018-08-15 22:34:21'),('9201801805',1000,'2018-08-15 22:34:45'),('9201801842',1000,'2018-08-15 22:36:02'),('9201801846',1000,'2018-08-15 22:35:53'),('9201801848',1000,'2018-08-15 22:34:38'),('9201801876',1000,'2018-08-15 22:36:12'),('9201801916',1000,'2018-08-15 22:33:48'),('9201801969',1000,'2018-08-15 22:33:31'),('9201802112',1000,'2018-09-06 01:10:45'),('9201802152',1000,'2018-09-12 23:02:18'),('9201802224',1000,'2018-09-06 01:10:36'),('9201802231',1000,'2018-09-07 10:14:46'),('9201802436',1000,'2018-09-12 23:02:05'),('9201802500',1000,'2018-09-12 23:01:53'),('9201802524',1000,'2018-09-06 01:08:37'),('9201802528',1000,'2018-10-15 13:12:09'),('9201802583',1000,'2018-09-10 00:36:54'),('9201802683',1000,'2018-09-25 13:17:36'),('9201802938',1000,'2018-09-06 01:10:55'),('9201803113',1000,'2018-09-15 20:48:21'),('9201803537',1000,'2018-09-06 01:11:14'),('9201803703',1000,'2018-09-12 23:02:28'),('9201803777',1000,'2018-09-12 23:02:38'),('9201901211',1000,'2019-03-15 02:02:37'),('9201901548',1000,'2018-09-12 23:02:38'),('9201901628',12,'2019-03-19 18:44:26'),('9201901657',12,'2019-03-15 14:45:28');

/*Table structure for table `tempadvise` */

DROP TABLE IF EXISTS `tempadvise`;

CREATE TABLE `tempadvise` (
  `id` int(11) NOT NULL AUTO_INCREMENT,
  `create_time` varchar(255) DEFAULT NULL,
  `first_id` varchar(255) DEFAULT NULL,
  `second_id` varchar(255) DEFAULT NULL,
  `third_id` varchar(255) DEFAULT NULL,
  `info` varchar(20) DEFAULT NULL,
  `status` varchar(255) DEFAULT NULL,
  `operator_id` varchar(255) DEFAULT NULL,
  `student_id` varchar(255) DEFAULT NULL,
  `update_time` varchar(255) DEFAULT NULL,
  `comment` text DEFAULT NULL,
  `faculty_ids` varchar(255) DEFAULT NULL,
  PRIMARY KEY (`id`)
) ENGINE=InnoDB AUTO_INCREMENT=32 DEFAULT CHARSET=utf8 CHECKSUM=1 DELAY_KEY_WRITE=1 ROW_FORMAT=DYNAMIC;

/*Data for the table `tempadvise` */

insert  into `tempadvise`(`id`,`create_time`,`first_id`,`second_id`,`third_id`,`info`,`status`,`operator_id`,`student_id`,`update_time`,`comment`,`faculty_ids`) values (4,'2019-03-10 17:13:25','9201801590','9201701000','9201701000','2019-01','1','9201701000','9201801417','2019-03-15 01:34:15','',NULL),(5,'2018-09-07 12:56:49','9201801590','9201701000','9201701000','2018-02','1','9201701000','9201602165','2018-09-10 18:55:43','石磊牛逼',NULL),(6,'2018-09-07 13:00:13','9201402713','9201701000','9201701000','2018-02','1','9201701000','9201801549','2018-09-10 18:55:31','',NULL),(7,'2018-09-07 13:56:23','9201801590','9201701000','9201701000','2018-02','1','9201701000','9201801423','2018-09-10 18:58:02','',NULL),(8,'2019-03-10 23:37:47','9201801590','9201701000','9201701000','2019-01','1','9201701000','9201502825','2019-03-15 01:33:54','You will be suck Mr.Lin.\n',NULL),(9,'2019-03-09 11:37:58','9201502803','9201801590','9201701000','2019-01','1','9201701000','9201502154','2019-03-15 01:33:44','',NULL),(10,'2019-03-10 23:53:36','9201801590','9201502803','9201701000','2019-01','1','9201701000','9201801789','2019-03-15 01:34:25','',NULL),(11,'2019-03-09 14:14:39','9201801590','9201801144','9201701000','2019-01','1','9201701000','9201801916','2019-03-15 01:34:32','希望可以帮助我数学',NULL),(12,'2018-09-09 20:12:22','9201502803','9201701000','9201701000','2018-02','1','9201701000','9201803113','2018-09-10 18:57:51','',NULL),(13,'2018-09-10 00:45:00','9201801144','9201701000','9201701000','2018-02','1','9201701000','9201602229','2018-09-10 18:57:46','',NULL),(14,'2018-09-10 11:18:48','9201502803','9201402713','9201701000','2018-02','1','9201701000','9201803537','2018-09-10 22:07:47','',NULL),(15,'2018-09-10 11:24:06','9201101270','9201601752','9201701000','2018-02','1','9201701000','9201802112','2018-09-10 22:07:39','',NULL),(16,'2018-09-10 11:35:18','9201801474','9201601752','9201701000','2018-02','1','9201701000','9201801471','2018-09-10 22:06:42','',NULL),(17,'2019-03-11 09:33:07','9201502803','9201701000','9201701000','2019-01','1','9201701000','9201802583','2019-03-15 01:34:43','',NULL),(18,'2019-03-10 17:21:56','9201101270','9201502803','9201701000','2019-01','1','9201701000','9201801876','2019-03-15 01:34:29','辅导英语，教导历史人文',NULL),(19,'2019-03-11 14:41:09','9201503542','9201701000','9201701000','2019-01','1','9201701000','9201802683','2019-03-15 01:34:46','',NULL),(20,'2018-10-15 13:16:31','9201502803','9201701000','9201701000','2018-02','0','9201802528','9201802528','2018-10-15 13:16:31','',NULL),(22,'2019-03-09 10:48:14','9201801144','9201701000','9201701000','2019-01','1','9201701000','9201801692','2019-03-15 01:34:18','',NULL),(23,'2019-03-09 11:46:33','9201502803','9201701000','9201701000','2019-01','1','9201701000','9201801119','2019-03-15 01:33:57','',NULL),(24,'2019-03-09 12:52:30','9201502803','9201801825','9201701000','2019-01','1','9201701000','9201801734','2019-03-15 01:34:21','',NULL),(25,'2019-03-10 12:59:35','9201801144','9201701000','9201701000','2019-01','1','9201701000','9201802224','2019-03-15 01:34:39','',NULL),(26,'2019-03-10 22:29:27','9201801144','9201801590','9201502803','2019-01','1','9201701000','9201803777','2019-03-15 01:34:50','',NULL),(27,'2019-03-10 23:13:44','9201402713','9201701000','9201701000','2019-01','1','9201701000','9201801240','2019-03-15 01:34:06','',NULL),(28,'2019-03-11 09:20:18','9201502803','9201701000','9201701000','2019-01','1','9201701000','9201801259','2019-03-15 01:34:11','',NULL),(29,'2019-03-11 10:43:18','9201402713','9201701000','9201701000','2019-01','1','9201701000','9201901548','2019-03-15 01:34:53','',NULL),(30,'2019-03-12 17:27:37','9201101270','9201701000','9201701000','2019-01','1','9201701000','9201801215','2019-03-15 01:34:00','',NULL),(31,'2019-03-12 17:39:10','9201801144','9201701000','9201701000','2019-01','1','9201701000','9201802152','2019-03-15 01:34:36','',NULL);

/*Table structure for table `tempcourse` */

DROP TABLE IF EXISTS `tempcourse`;

CREATE TABLE `tempcourse` (
  `id` int(11) NOT NULL AUTO_INCREMENT,
  `crn` varchar(20) NOT NULL,
  `status` varchar(20) DEFAULT NULL,
  `course_json` text NOT NULL,
  `create_time` varchar(255) DEFAULT NULL,
  `faculty_id` varchar(255) DEFAULT NULL,
  `operator_id` varchar(255) DEFAULT NULL,
  `update_time` varchar(255) DEFAULT NULL,
  PRIMARY KEY (`id`)
) ENGINE=InnoDB AUTO_INCREMENT=69 DEFAULT CHARSET=utf8;

/*Data for the table `tempcourse` */

insert  into `tempcourse`(`id`,`crn`,`status`,`course_json`,`create_time`,`faculty_id`,`operator_id`,`update_time`) values (1,'820180132','1','{\"level\":\"100\",\"endDate\":\"2018-07-15\",\"precrn\":\"\",\"section\":\"课程\",\"classroom\":\"二楼\",\"capacity\":\"20\",\"facultyId\":\"9201701000\",\"credits\":\"1\",\"name\":\"美术\",\"startTime\":\"11:00:00\",\"comment\":\"\",\"endTime\":\"11:00:00\",\"courseInfo\":\"{\\\"path\\\":\\\"/pioneer/document/courseInfo/0/9/b1957212-614d-4b29-b8f9-53b4a98474e9.png\\\",\\\"size\\\":4767916,\\\"name\\\":\\\"第三新成都.png\\\",\\\"type\\\":\\\"png\\\"}\",\"day\":\"m/\",\"crn\":\"\",\"startDate\":\"2018-03-01\",\"info\":\"2018-01\"}','2018-08-02 22:36:13','9201701000','9201701000','2018-08-03 20:53:05'),(2,'820180190','1','{\"level\":\"100\",\"endDate\":\"2018-07-15\",\"precrn\":\"\",\"section\":\"课程\",\"classroom\":\"小教室\",\"capacity\":\"5\",\"facultyId\":\"9201801590\",\"credits\":\"1\",\"name\":\"英语基础课\",\"startTime\":\"09:00:00\",\"comment\":\"\",\"endTime\":\"11:00:00\",\"courseInfo\":\"\",\"day\":\"m/\",\"crn\":\"\",\"startDate\":\"2018-03-01\",\"info\":\"2018-01\"}','2018-08-02 22:58:41','9201701000','9201701000','2018-08-03 01:55:41'),(3,'820180157','1','{\"level\":\"100\",\"endDate\":\"2018-07-15\",\"precrn\":\"\",\"section\":\"兴趣小组\",\"classroom\":\"小教室\",\"capacity\":\"5\",\"facultyId\":\"9201801590\",\"credits\":\"2\",\"name\":\"计算机编程\",\"startTime\":\"19:30:00\",\"comment\":\"\",\"endTime\":\"21:00:00\",\"courseInfo\":\"\",\"day\":\"t/f/\",\"crn\":\"\",\"startDate\":\"2018-03-01\",\"info\":\"2018-01\"}','2018-08-02 23:02:25','9201701000','9201701000','2018-08-03 16:17:59'),(4,'820180143','1','{\"level\":\"100\",\"endDate\":\"2018-07-15\",\"precrn\":\"\",\"section\":\"课程\",\"classroom\":\"大教室\",\"capacity\":\"20\",\"facultyId\":\"9201701000\",\"credits\":\"2\",\"name\":\"项目式英语\",\"startTime\":\"14:00:00\",\"comment\":\"\",\"endTime\":\"16:00:00\",\"courseInfo\":\"{\\\"path\\\":\\\"/pioneer/document/courseInfo/0/1/5d75f650-80a4-4253-87de-aed52bb8a37d.png\\\",\\\"size\\\":4767916,\\\"name\\\":\\\"第三新成都 (1).png\\\",\\\"type\\\":\\\"png\\\"}\",\"day\":\"tr/\",\"crn\":\"\",\"startDate\":\"2018-03-01\",\"info\":\"2018-01\"}','2018-08-03 21:01:05','9201701000','9201701000','2018-08-03 22:13:05'),(5,'820180153','1','{\"level\":\"100\",\"endDate\":\"2018-07-15\",\"precrn\":\"\",\"section\":\"课程\",\"classroom\":\"学习中心\",\"capacity\":\"25\",\"facultyId\":\"9201701000\",\"credits\":\"2\",\"name\":\"Healthy Cooking\",\"startTime\":\"14:00:00\",\"comment\":\"\",\"endTime\":\"16:00:00\",\"courseInfo\":\"{\\\"path\\\":\\\"/pioneer/document/courseInfo/0/1/ccf138df-1ba0-427b-a4da-f30ba21e082c.png\\\",\\\"size\\\":4767916,\\\"name\\\":\\\"第三新成都 (1).png\\\",\\\"type\\\":\\\"png\\\"}\",\"day\":\"w/\",\"crn\":\"\",\"startDate\":\"2018-03-01\",\"info\":\"2018-01\"}','2018-08-03 22:17:19','9201701000','9201701000','2018-08-03 22:19:11'),(6,'820180180','1','{\"level\":\"100\",\"endDate\":\"2018-07-15\",\"precrn\":\"\",\"section\":\"课程\",\"classroom\":\"\",\"capacity\":\"10\",\"facultyId\":\"9201501154\",\"credits\":\"2\",\"name\":\"理化实验\",\"startTime\":\"14:00:00\",\"comment\":\"\",\"endTime\":\"16:00:00\",\"courseInfo\":\"\",\"day\":\"w/\",\"crn\":\"\",\"startDate\":\"2018-03-01\",\"info\":\"2018-01\"}','2018-08-05 21:52:25','9201501154','9201701000','2018-08-05 21:55:03'),(7,'820180155','1','{\"level\":\"100\",\"endDate\":\"2018-07-15\",\"precrn\":\"\",\"section\":\"课程\",\"classroom\":\"大教室\",\"capacity\":\"20\",\"facultyId\":\"9201502803\",\"credits\":\"2\",\"name\":\"恋爱与情感世界\",\"startTime\":\"09:00:00\",\"comment\":\"\",\"endTime\":\"11:00:00\",\"courseInfo\":\"\",\"day\":\"f/\",\"crn\":\"\",\"startDate\":\"2018-03-01\",\"info\":\"2018-01\"}','2018-08-08 16:39:00','9201701000','9201701000','2018-08-15 21:56:07'),(8,'820180166','1','{\"level\":\"100\",\"endDate\":\"2018-07-15\",\"precrn\":\"\",\"section\":\"课程\",\"classroom\":\"\",\"capacity\":\"10\",\"facultyId\":\"9201402713\",\"credits\":\"2\",\"name\":\"导师课\",\"startTime\":\"14:00:00\",\"comment\":\"\",\"endTime\":\"16:00:00\",\"courseInfo\":\"\",\"day\":\"t/\",\"crn\":\"\",\"startDate\":\"2018-03-01\",\"info\":\"2018-01\"}','2018-08-08 16:45:07','9201701000','9201701000','2018-09-11 20:34:47'),(9,'820180132','1','{\"level\":\"100\",\"endDate\":\"2018-07-15\",\"precrn\":\"\",\"section\":\"课程\",\"classroom\":\"\",\"capacity\":\"20\",\"facultyId\":\"9201601752\",\"credits\":\"2\",\"name\":\"导师课\",\"startTime\":\"14:00:00\",\"comment\":\"\",\"endTime\":\"16:00:00\",\"courseInfo\":\"\",\"day\":\"t/\",\"crn\":\"\",\"startDate\":\"2018-03-01\",\"info\":\"2018-01\"}','2018-08-08 16:46:29','9201701000','9201701000','2018-08-15 22:22:21'),(10,'820180138','1','{\"level\":\"100\",\"endDate\":\"2018-07-15\",\"precrn\":\"\",\"section\":\"课程\",\"classroom\":\"\",\"capacity\":\"20\",\"facultyId\":\"9201801474\",\"credits\":\"2\",\"name\":\"导师课\",\"startTime\":\"14:00:00\",\"comment\":\"\",\"endTime\":\"16:00:00\",\"courseInfo\":\"{\\\"path\\\":\\\"/pioneer/document/courseInfo/7/6/306f4bbd-3582-44ef-8071-ac568d4e89a2.jpg\\\",\\\"size\\\":87244,\\\"name\\\":\\\"lph_2.jpg\\\",\\\"type\\\":\\\"jpg\\\"}\",\"day\":\"t/\",\"crn\":\"\",\"startDate\":\"2018-03-01\",\"info\":\"2018-01\"}','2018-08-12 21:00:47','9201701000','9201701000','2018-08-15 22:22:26'),(11,'820180122','1','{\"level\":\"100\",\"endDate\":\"2018-07-15\",\"precrn\":\"\",\"section\":\"预约课程\",\"classroom\":\"\",\"capacity\":\"20\",\"facultyId\":\"9201502803\",\"credits\":\"2\",\"name\":\"游戏艺术\",\"startTime\":\"09:00:00\",\"comment\":\"\",\"endTime\":\"11:00:00\",\"courseInfo\":\"\",\"day\":\"tr/\",\"crn\":\"\",\"startDate\":\"2018-03-01\",\"info\":\"2018-01\"}','2018-08-15 21:55:24','9201701000','9201701000','2018-08-15 22:02:32'),(12,'820180166','1','{\"level\":\"100\",\"endDate\":\"2018-06-01\",\"precrn\":\"\",\"section\":\"课程\",\"classroom\":\"\",\"capacity\":\"20\",\"facultyId\":\"9201701000\",\"credits\":\"1\",\"name\":\"影视赏析\",\"startTime\":\"14:00:00\",\"comment\":\"\",\"endTime\":\"16:00:00\",\"courseInfo\":\"\",\"day\":\"m/\",\"crn\":\"\",\"startDate\":\"2018-03-01\",\"info\":\"2018-01\"}','2018-08-15 22:07:07','9201701000','9201701000','2018-08-15 22:13:41'),(13,'820180124','1','{\"level\":\"100\",\"endDate\":\"2018-07-15\",\"precrn\":\"\",\"section\":\"课程\",\"classroom\":\"\",\"capacity\":\"25\",\"facultyId\":\"9201701000\",\"credits\":\"2\",\"name\":\"运动综合课 TBK \",\"startTime\":\"16:30:00\",\"comment\":\"\",\"endTime\":\"18:30:00\",\"courseInfo\":\"\",\"day\":\"m/w/\",\"crn\":\"\",\"startDate\":\"2018-03-01\",\"info\":\"2018-01\"}','2018-08-15 22:09:00','9201701000','9201701000','2018-08-15 22:13:25'),(14,'820180146','1','{\"level\":\"100\",\"endDate\":\"2018-07-15\",\"precrn\":\"\",\"section\":\"课程\",\"classroom\":\"\",\"capacity\":\"20\",\"facultyId\":\"9201701000\",\"credits\":\"2\",\"name\":\"橄榄球\",\"startTime\":\"16:30:00\",\"comment\":\"\",\"endTime\":\"18:30:00\",\"courseInfo\":\"\",\"day\":\"t/\",\"crn\":\"\",\"startDate\":\"2018-03-01\",\"info\":\"2018-01\"}','2018-08-15 22:10:36','9201701000','9201701000','2018-08-15 22:13:36'),(15,'820180132','1','{\"level\":\"100\",\"endDate\":\"2018-07-15\",\"precrn\":\"\",\"section\":\"课程\",\"classroom\":\"\",\"capacity\":\"20\",\"facultyId\":\"9201701000\",\"credits\":\"2\",\"name\":\"哲学人文\",\"startTime\":\"09:00:00\",\"comment\":\"\",\"endTime\":\"11:00:00\",\"courseInfo\":\"\",\"day\":\"w/\",\"crn\":\"\",\"startDate\":\"2018-03-01\",\"info\":\"2018-01\"}','2018-08-15 22:11:12','9201701000','9201701000','2018-08-15 22:13:30'),(16,'820180184','1','{\"level\":\"100\",\"endDate\":\"2018-07-15\",\"precrn\":\"\",\"section\":\"课程\",\"classroom\":\"\",\"capacity\":\"20\",\"facultyId\":\"9201701000\",\"credits\":\"2\",\"name\":\"犯罪心理学\",\"startTime\":\"19:30:00\",\"comment\":\"\",\"endTime\":\"21:30:00\",\"courseInfo\":\"\",\"day\":\"w/\",\"crn\":\"\",\"startDate\":\"2018-03-01\",\"info\":\"2018-01\"}','2018-08-15 22:12:04','9201701000','9201701000','2018-08-15 22:13:51'),(17,'820180179','1','{\"level\":\"100\",\"endDate\":\"2018-07-15\",\"precrn\":\"\",\"section\":\"课程\",\"classroom\":\"小教室\",\"capacity\":\"20\",\"facultyId\":\"9201701000\",\"credits\":\"2\",\"name\":\"日语基础\",\"startTime\":\"14:00:00\",\"comment\":\"\",\"endTime\":\"16:00:00\",\"courseInfo\":\"\",\"day\":\"f/\",\"crn\":\"\",\"startDate\":\"2018-03-01\",\"info\":\"2018-01\"}','2018-08-15 22:13:13','9201701000','9201701000','2018-08-15 22:13:46'),(18,'820180147','1','{\"level\":\"100\",\"endDate\":\"2018-07-15\",\"precrn\":\"\",\"section\":\"项目\",\"classroom\":\"\",\"capacity\":\"20\",\"facultyId\":\"9201701000\",\"credits\":\"2\",\"name\":\"语伴项目\",\"startTime\":\"00:00:00\",\"comment\":\"\",\"endTime\":\"11:00:00\",\"courseInfo\":\"\",\"day\":\"\",\"crn\":\"\",\"startDate\":\"2018-03-01\",\"info\":\"2018-01\"}','2018-08-15 22:14:57','9201701000','9201701000','2018-08-15 22:15:07'),(19,'820180189','1','{\"level\":\"100\",\"endDate\":\"2018-07-15\",\"precrn\":\"\",\"section\":\"兴趣小组\",\"classroom\":\"\",\"capacity\":\"20\",\"facultyId\":\"9201701000\",\"credits\":\"2\",\"name\":\"自主学分\",\"startTime\":\"09:00:00\",\"comment\":\"\",\"endTime\":\"11:00:00\",\"courseInfo\":\"\",\"day\":\"\",\"crn\":\"\",\"startDate\":\"2018-03-01\",\"info\":\"2018-01\"}','2018-08-15 23:15:34','9201701000','9201701000','2018-08-15 23:17:10'),(20,'820180187','1','{\"level\":\"100\",\"endDate\":\"2018-07-15\",\"precrn\":\"\",\"section\":\"预约课程\",\"classroom\":\"\",\"capacity\":\"20\",\"facultyId\":\"9201502803\",\"credits\":\"2\",\"name\":\"历史与历史学\",\"startTime\":\"09:00:00\",\"comment\":\"\",\"endTime\":\"11:00:00\",\"courseInfo\":\"\",\"day\":\"t/\",\"crn\":\"\",\"startDate\":\"2018-03-01\",\"info\":\"2018-01\"}','2018-08-15 23:16:32','9201701000','9201701000','2018-08-15 23:17:15'),(21,'820180261','1','{\"level\":\"100\",\"endDate\":\"2019-01-15\",\"precrn\":\"\",\"section\":\"预约课程\",\"classroom\":\"小教室\",\"capacity\":\"20\",\"facultyId\":\"9201801590\",\"credits\":\"2\",\"name\":\"数学预约课\",\"startTime\":\"14:24:00\",\"comment\":\"\",\"endTime\":\"15:24:00\",\"courseInfo\":\"\",\"day\":\"\",\"crn\":\"\",\"startDate\":\"2018-09-03\",\"info\":\"2018-02\"}','2018-09-07 14:24:59','9201701000','9201701000','2018-09-07 14:25:18'),(22,'820180273','1','{\"level\":\"100\",\"endDate\":\"2019-01-15\",\"precrn\":\"\",\"section\":\"课程\",\"classroom\":\"\",\"capacity\":\"20\",\"facultyId\":\"9201801590\",\"credits\":\"2\",\"name\":\"怎样玩数学\",\"startTime\":\"13:00:00\",\"comment\":\"\",\"endTime\":\"14:30:00\",\"courseInfo\":\"{\\\"path\\\":\\\"/pioneer/document/courseInfo/4/12/8032c24f-d692-4d44-8fad-aa3889788dd5.docx\\\",\\\"size\\\":33759,\\\"name\\\":\\\"怎样玩数学课程描述.docx\\\",\\\"type\\\":\\\"docx\\\"}\",\"day\":\"t/\",\"crn\":\"\",\"startDate\":\"2018-09-03\",\"info\":\"2018-02\"}','2018-09-11 20:33:48','9201701000','9201701000','2018-09-12 22:31:21'),(23,'820180234','1','{\"level\":\"100\",\"endDate\":\"2019-01-15\",\"precrn\":\"\",\"section\":\"课程\",\"classroom\":\"小教室\",\"capacity\":\"20\",\"facultyId\":\"9201701000\",\"credits\":\"2\",\"name\":\"日语课\",\"startTime\":\"14:00:00\",\"comment\":\"\",\"endTime\":\"15:30:00\",\"courseInfo\":\"\",\"day\":\"m/\",\"crn\":\"\",\"startDate\":\"2018-09-03\",\"info\":\"2018-02\"}','2018-09-11 20:36:13','9201701000','9201701000','2018-09-12 22:28:25'),(24,'820180284','1','{\"level\":\"100\",\"endDate\":\"2019-01-15\",\"precrn\":\"\",\"section\":\"课程\",\"classroom\":\"大教室\",\"capacity\":\"20\",\"facultyId\":\"9201502803\",\"credits\":\"2\",\"name\":\"东亚史与历史学\",\"startTime\":\"19:30:00\",\"comment\":\"\",\"endTime\":\"21:30:00\",\"courseInfo\":\"{\\\"path\\\":\\\"/pioneer/document/courseInfo/5/6/2dba4c2a-2164-4933-9330-8f27928e8d69.docx\\\",\\\"size\\\":710464,\\\"name\\\":\\\"东亚史与历史学-布彦隆之.docx\\\",\\\"type\\\":\\\"docx\\\"}\",\"day\":\"t/\",\"crn\":\"\",\"startDate\":\"2018-09-03\",\"info\":\"2018-02\"}','2018-09-11 20:37:50','9201701000','9201701000','2018-09-12 22:58:25'),(25,'820180233','1','{\"level\":\"100\",\"endDate\":\"2019-01-15\",\"precrn\":\"\",\"section\":\"课程\",\"classroom\":\"小教室\",\"capacity\":\"20\",\"facultyId\":\"9201502803\",\"credits\":\"2\",\"name\":\"游戏艺术\",\"startTime\":\"10:00:00\",\"comment\":\"\",\"endTime\":\"12:00:00\",\"courseInfo\":\"{\\\"path\\\":\\\"/pioneer/document/courseInfo/9/9/657fc238-0c75-4a5f-bf05-b34c0793ef50.docx\\\",\\\"size\\\":710183,\\\"name\\\":\\\"游戏艺术-布彦隆之.docx\\\",\\\"type\\\":\\\"docx\\\"}\",\"day\":\"t/\",\"crn\":\"\",\"startDate\":\"2018-09-03\",\"info\":\"2018-02\"}','2018-09-11 20:39:47','9201701000','9201701000','2018-09-12 23:00:30'),(26,'820180223','1','{\"level\":\"100\",\"endDate\":\"2019-01-15\",\"precrn\":\"\",\"section\":\"课程\",\"classroom\":\"大教室\",\"capacity\":\"20\",\"facultyId\":\"9201502803\",\"credits\":\"2\",\"name\":\"社会通识\",\"startTime\":\"10:00:00\",\"comment\":\"\",\"endTime\":\"12:00:00\",\"courseInfo\":\"{\\\"path\\\":\\\"/pioneer/document/courseInfo/13/6/a2b55dd1-d5a8-4385-9a99-fc421f3009fd.docx\\\",\\\"size\\\":710231,\\\"name\\\":\\\"社会通识-布彦隆之.docx\\\",\\\"type\\\":\\\"docx\\\"}\",\"day\":\"tr/\",\"crn\":\"\",\"startDate\":\"2018-09-03\",\"info\":\"2018-02\"}','2018-09-11 20:41:12','9201701000','9201701000','2018-09-12 22:24:43'),(27,'820180266','1','{\"level\":\"100\",\"endDate\":\"2019-01-15\",\"precrn\":\"\",\"section\":\"课程\",\"classroom\":\"小教室\",\"capacity\":\"20\",\"facultyId\":\"9201502803\",\"credits\":\"2\",\"name\":\"生活美学\",\"startTime\":\"10:00:00\",\"comment\":\"\",\"endTime\":\"12:00:00\",\"courseInfo\":\"{\\\"path\\\":\\\"/pioneer/document/courseInfo/1/9/fbaa23e9-b016-4057-baac-84f4a7d9cd47.docx\\\",\\\"size\\\":710317,\\\"name\\\":\\\"生活美学-布彦隆之.docx\\\",\\\"type\\\":\\\"docx\\\"}\",\"day\":\"f/\",\"crn\":\"\",\"startDate\":\"2018-09-03\",\"info\":\"2018-02\"}','2018-09-11 20:42:19','9201701000','9201701000','2018-09-12 22:59:13'),(28,'820180227','1','{\"level\":\"100\",\"endDate\":\"2019-01-15\",\"precrn\":\"\",\"section\":\"课程\",\"classroom\":\"学习中心\",\"capacity\":\"20\",\"facultyId\":\"9201701000\",\"credits\":\"2\",\"name\":\"Healthy Cooking\",\"startTime\":\"14:00:00\",\"comment\":\"\",\"endTime\":\"16:00:00\",\"courseInfo\":\"\",\"day\":\"w/\",\"crn\":\"\",\"startDate\":\"2018-09-03\",\"info\":\"2018-02\"}','2018-09-11 20:44:08','9201701000','9201701000','2018-09-12 22:25:34'),(29,'820180270','1','{\"level\":\"100\",\"endDate\":\"2019-01-15\",\"precrn\":\"\",\"section\":\"课程\",\"classroom\":\"大教室\",\"capacity\":\"20\",\"facultyId\":\"9201801144\",\"credits\":\"2\",\"name\":\"什么都玩的兴趣课\",\"startTime\":\"19:00:00\",\"comment\":\"\",\"endTime\":\"21:30:00\",\"courseInfo\":\"\",\"day\":\"m/\",\"crn\":\"\",\"startDate\":\"2018-09-03\",\"info\":\"2018-02\"}','2018-09-11 20:45:10','9201701000','9201701000','2018-09-12 22:30:47'),(30,'820180217','1','{\"level\":\"100\",\"endDate\":\"2019-01-15\",\"precrn\":\"\",\"section\":\"课程\",\"classroom\":\"运动场\",\"capacity\":\"20\",\"facultyId\":\"9201801825\",\"credits\":\"2\",\"name\":\"体育课\",\"startTime\":\"16:30:00\",\"comment\":\"\",\"endTime\":\"19:30:00\",\"courseInfo\":\"\",\"day\":\"tr/\",\"crn\":\"\",\"startDate\":\"2018-09-03\",\"info\":\"2018-02\"}','2018-09-11 20:46:44','9201701000','9201701000','2018-09-12 22:24:37'),(31,'820180256','1','{\"level\":\"100\",\"endDate\":\"2019-01-15\",\"precrn\":\"\",\"section\":\"课程\",\"classroom\":\"小教室\",\"capacity\":\"20\",\"facultyId\":\"9201801825\",\"credits\":\"2\",\"name\":\"电影欣赏\",\"startTime\":\"19:30:00\",\"comment\":\"\",\"endTime\":\"21:30:00\",\"courseInfo\":\"{\\\"path\\\":\\\"/pioneer/document/courseInfo/10/8/227ff372-8691-4927-85f7-e7498bda7111.docx\\\",\\\"size\\\":702479,\\\"name\\\":\\\"先锋课程描述（电影欣赏）.docx\\\",\\\"type\\\":\\\"docx\\\"}\",\"day\":\"tr/\",\"crn\":\"\",\"startDate\":\"2018-09-03\",\"info\":\"2018-02\"}','2018-09-11 20:47:38','9201701000','9201701000','2018-09-12 22:29:50'),(32,'820180296','1','{\"level\":\"100\",\"endDate\":\"2019-01-15\",\"precrn\":\"\",\"section\":\"课程\",\"classroom\":\"小教室\",\"capacity\":\"20\",\"facultyId\":\"9201501154\",\"credits\":\"2\",\"name\":\"末日求生\",\"startTime\":\"14:00:00\",\"comment\":\"\",\"endTime\":\"16:00:00\",\"courseInfo\":\"{\\\"path\\\":\\\"/pioneer/document/courseInfo/1/2/259c8d89-83b9-436a-879c-a5f76ddf12a7.docx\\\",\\\"size\\\":33713,\\\"name\\\":\\\"末日生存课程描述.docx\\\",\\\"type\\\":\\\"docx\\\"}\",\"day\":\"tr/\",\"crn\":\"\",\"startDate\":\"2018-09-03\",\"info\":\"2018-02\"}','2018-09-11 20:48:46','9201701000','9201701000','2018-09-12 22:31:32'),(33,'820180244','1','{\"level\":\"100\",\"endDate\":\"2019-01-15\",\"precrn\":\"\",\"section\":\"课程\",\"classroom\":\"大教室\",\"capacity\":\"20\",\"facultyId\":\"9201701000\",\"credits\":\"2\",\"name\":\"未来学校\",\"startTime\":\"14:00:00\",\"comment\":\"\",\"endTime\":\"16:00:00\",\"courseInfo\":\"{\\\"path\\\":\\\"/pioneer/document/courseInfo/15/8/dcce2b66-7383-49cf-a142-5bca6076bbec.docx\\\",\\\"size\\\":44601,\\\"name\\\":\\\"未来学校-曾苏尧.docx\\\",\\\"type\\\":\\\"docx\\\"}\",\"day\":\"f/\",\"crn\":\"\",\"startDate\":\"2018-09-03\",\"info\":\"2018-02\"}','2018-09-11 20:50:03','9201701000','9201701000','2018-09-12 22:29:19'),(34,'820180297','1','{\"level\":\"100\",\"endDate\":\"2019-01-15\",\"precrn\":\"\",\"section\":\"课程\",\"classroom\":\"大教室\",\"capacity\":\"20\",\"facultyId\":\"9201701000\",\"credits\":\"2\",\"name\":\"English\",\"startTime\":\"16:00:00\",\"comment\":\"\",\"endTime\":\"18:00:00\",\"courseInfo\":\"\",\"day\":\"w/\",\"crn\":\"\",\"startDate\":\"2018-09-03\",\"info\":\"2018-02\"}','2018-09-12 22:22:09','9201701000','9201701000','2018-09-12 22:31:02'),(35,'820180223','1','{\"level\":\"100\",\"endDate\":\"2019-01-15\",\"precrn\":\"\",\"section\":\"课程\",\"classroom\":\"小教室\",\"capacity\":\"20\",\"facultyId\":\"9201701000\",\"credits\":\"2\",\"name\":\"音乐戏剧课\",\"startTime\":\"19:30:00\",\"comment\":\"\",\"endTime\":\"21:30:00\",\"courseInfo\":\"\",\"day\":\"w/\",\"crn\":\"\",\"startDate\":\"2018-09-03\",\"info\":\"2018-02\"}','2018-09-12 22:24:09','9201701000','9201701000','2018-09-12 22:25:29'),(36,'820180291','1','{\"level\":\"100\",\"endDate\":\"2019-01-15\",\"precrn\":\"\",\"section\":\"预约课程\",\"classroom\":\"\",\"capacity\":\"10\",\"facultyId\":\"9201801590\",\"credits\":\"2\",\"name\":\"林石磊-导师课\",\"startTime\":\"\",\"comment\":\"\",\"endTime\":\"\",\"courseInfo\":\"\",\"day\":\"t/\",\"crn\":\"\",\"startDate\":\"2018-09-03\",\"info\":\"2018-02\"}','2018-09-12 22:46:47','9201701000','9201701000','2018-09-12 22:56:06'),(37,'820180249','1','{\"level\":\"100\",\"endDate\":\"2019-01-15\",\"precrn\":\"\",\"section\":\"预约课程\",\"classroom\":\"\",\"capacity\":\"10\",\"facultyId\":\"9201801474\",\"credits\":\"2\",\"name\":\"熊刚-导师课\",\"startTime\":\"\",\"comment\":\"\",\"endTime\":\"\",\"courseInfo\":\"\",\"day\":\"t/\",\"crn\":\"\",\"startDate\":\"2018-09-03\",\"info\":\"2018-02\"}','2018-09-12 22:48:22','9201701000','9201701000','2018-09-12 22:54:50'),(38,'820180277','1','{\"level\":\"100\",\"endDate\":\"2019-01-15\",\"precrn\":\"\",\"section\":\"课程\",\"classroom\":\"\",\"capacity\":\"10\",\"facultyId\":\"9201101270\",\"credits\":\"2\",\"name\":\"刘晓伟-导师课\",\"startTime\":\"09:00:00\",\"comment\":\"\",\"endTime\":\"11:00:00\",\"courseInfo\":\"\",\"day\":\"t/\",\"crn\":\"\",\"startDate\":\"2018-09-03\",\"info\":\"2018-02\"}','2018-09-12 22:49:23','9201701000','9201701000','2018-09-12 22:55:03'),(39,'820180222','1','{\"level\":\"100\",\"endDate\":\"2019-01-15\",\"precrn\":\"\",\"section\":\"预约课程\",\"classroom\":\"\",\"capacity\":\"10\",\"facultyId\":\"9201801144\",\"credits\":\"2\",\"name\":\"崔涛-导师课\",\"startTime\":\"\",\"comment\":\"\",\"endTime\":\"\",\"courseInfo\":\"\",\"day\":\"t/\",\"crn\":\"\",\"startDate\":\"2018-09-03\",\"info\":\"2018-02\"}','2018-09-12 22:50:15','9201701000','9201701000','2018-09-12 22:54:17'),(40,'820180220','1','{\"level\":\"100\",\"endDate\":\"2019-01-15\",\"precrn\":\"\",\"section\":\"预约课程\",\"classroom\":\"\",\"capacity\":\"10\",\"facultyId\":\"9201601752\",\"credits\":\"2\",\"name\":\"程蓉-导师课\",\"startTime\":\"\",\"comment\":\"\",\"endTime\":\"\",\"courseInfo\":\"\",\"day\":\"t/\",\"crn\":\"\",\"startDate\":\"2018-09-03\",\"info\":\"2018-02\"}','2018-09-12 22:51:12','9201701000','9201701000','2018-09-12 22:53:59'),(41,'820180281','1','{\"level\":\"100\",\"endDate\":\"2019-01-15\",\"precrn\":\"\",\"section\":\"预约课程\",\"classroom\":\"\",\"capacity\":\"10\",\"facultyId\":\"9201402713\",\"credits\":\"2\",\"name\":\"倪伟灿(桔子)-导师课\",\"startTime\":\"\",\"comment\":\"\",\"endTime\":\"\",\"courseInfo\":\"\",\"day\":\"t/\",\"crn\":\"\",\"startDate\":\"2018-09-03\",\"info\":\"2018-02\"}','2018-09-12 22:52:23','9201701000','9201701000','2018-09-12 22:55:29'),(42,'820180271','1','{\"level\":\"100\",\"endDate\":\"2019-01-15\",\"precrn\":\"\",\"section\":\"预约课程\",\"classroom\":\"\",\"capacity\":\"20\",\"facultyId\":\"9201801590\",\"credits\":\"2\",\"name\":\"计算机预约课\",\"startTime\":\"aN:aN:aN\",\"comment\":\"\",\"endTime\":\"aN:aN:aN\",\"courseInfo\":\"\",\"day\":\"\",\"crn\":\"\",\"startDate\":\"2018-09-03\",\"info\":\"2018-02\"}','2018-09-13 00:02:32','9201801590','9201801590','2018-09-13 00:03:33'),(43,'820180254','1','{\"level\":\"100\",\"endDate\":\"2019-01-15\",\"precrn\":\"\",\"section\":\"预约课程\",\"classroom\":\"\",\"capacity\":\"20\",\"facultyId\":\"9201801590\",\"credits\":\"2\",\"name\":\"英语预约课\",\"startTime\":\"aN:aN:aN\",\"comment\":\"\",\"endTime\":\"aN:aN:aN\",\"courseInfo\":\"\",\"day\":\"\",\"crn\":\"\",\"startDate\":\"2018-09-03\",\"info\":\"2018-02\"}','2018-09-13 00:03:16','9201801590','9201801590','2018-09-13 00:03:24'),(44,'820180233','1','{\"level\":\"100\",\"endDate\":\"2019-01-15\",\"precrn\":\"\",\"section\":\"课程\",\"classroom\":\"\",\"capacity\":\"20\",\"facultyId\":\"9201701000\",\"credits\":\"2\",\"name\":\"莎士比亚戏剧课\",\"startTime\":\"aN:aN:aN\",\"comment\":\"\",\"endTime\":\"aN:aN:aN\",\"courseInfo\":\"\",\"day\":\"m/\",\"crn\":\"\",\"startDate\":\"2018-09-03\",\"info\":\"2018-02\"}','2018-09-13 01:04:38','9201801590','9201801590','2018-09-13 01:04:50'),(45,'820180285','1','{\"level\":\"100\",\"endDate\":\"2019-01-15\",\"precrn\":\"\",\"section\":\"预约课程\",\"classroom\":\"\",\"capacity\":\"20\",\"facultyId\":\"9201502803\",\"credits\":\"0\",\"name\":\"布彦隆之-导师课\",\"startTime\":\"aN:aN:aN\",\"comment\":\"\",\"endTime\":\"aN:aN:aN\",\"courseInfo\":\"\",\"day\":\"\",\"crn\":\"\",\"startDate\":\"2018-09-03\",\"info\":\"2018-02\"}','2018-09-13 01:23:19','9201801590','9201801590','2018-09-13 01:23:30'),(46,'820180245','1','{\"level\":\"100\",\"endDate\":\"2019-01-01\",\"precrn\":\"\",\"section\":\"课程\",\"classroom\":\"小教室\",\"capacity\":\"20\",\"facultyId\":\"9201501154\",\"credits\":\"2\",\"name\":\"阅读课\",\"startTime\":\"aN:aN:aN\",\"comment\":\"\",\"endTime\":\"aN:aN:aN\",\"courseInfo\":\"\",\"day\":\"\",\"crn\":\"\",\"startDate\":\"2018-09-03\",\"info\":\"2018-02\"}','2018-09-15 13:14:01','9201701000','9201701000','2018-09-15 13:14:11'),(47,'820180277','1','{\"level\":\"100\",\"endDate\":\"2019-01-15\",\"precrn\":\"\",\"section\":\"项目\",\"classroom\":\"\",\"capacity\":\"20\",\"facultyId\":\"9201701000\",\"credits\":\"3\",\"name\":\"魔兽世界\",\"startTime\":\"aN:aN:aN\",\"comment\":\"\",\"endTime\":\"aN:aN:aN\",\"courseInfo\":\"\",\"day\":\"w/\",\"crn\":\"\",\"startDate\":\"2018-09-03\",\"info\":\"2018-02\"}','2018-09-23 23:25:56','9201701000','9201701000','2018-09-23 23:26:54'),(48,'820180290','1','{\"level\":\"100\",\"endDate\":\"2019-01-15\",\"precrn\":\"\",\"section\":\"项目\",\"classroom\":\"\",\"capacity\":\"20\",\"facultyId\":\"9201701000\",\"credits\":\"2\",\"name\":\"笑谈广东话\",\"startTime\":\"23:26:00\",\"comment\":\"\",\"endTime\":\"23:59:00\",\"courseInfo\":\"\",\"day\":\"t/w/tr/\",\"crn\":\"\",\"startDate\":\"2018-09-03\",\"info\":\"2018-02\"}','2018-09-23 23:26:44','9201701000','9201701000','2018-09-23 23:26:59'),(50,'820190120','1','{\"level\":\"100\",\"endDate\":\"2019-3-1\",\"precrn\":\"\",\"section\":\"预约课程\",\"classroom\":\"\",\"capacity\":\"20\",\"facultyId\":\"9201101270\",\"credits\":\"4\",\"name\":\"导师课\",\"startTime\":\"NaN:NaN:NaN\",\"comment\":\"\",\"endTime\":\"NaN:NaN:NaN\",\"courseInfo\":\"\",\"day\":\"\",\"crn\":\"\",\"startDate\":\"2019-3-1\",\"info\":\"2019-01\"}','2019-03-09 02:23:33','9201701000','9201701000','2019-03-09 02:23:57'),(51,'820190191','1','{\"level\":\"100\",\"endDate\":\"2019-7-15\",\"precrn\":\"\",\"section\":\"课程\",\"classroom\":\"\",\"capacity\":\"25\",\"facultyId\":\"9201502803\",\"credits\":\"96\",\"name\":\"历史思辨\",\"startTime\":\"0:0:0\",\"comment\":\"\",\"endTime\":\"0:0:0\",\"courseInfo\":\"\",\"day\":\"\",\"crn\":\"\",\"startDate\":\"2019-3-1\",\"info\":\"2019-01\"}','2019-03-15 01:39:05','9201701000','9201701000','2019-03-15 01:59:22'),(52,'820190186','1','{\"level\":\"100\",\"endDate\":\"2019-7-15\",\"precrn\":\"\",\"section\":\"课程\",\"classroom\":\"\",\"capacity\":\"25\",\"facultyId\":\"9201502803\",\"credits\":\"96\",\"name\":\"游戏与人文社会\",\"startTime\":\"0:0:0\",\"comment\":\"\",\"endTime\":\"0:0:0\",\"courseInfo\":\"\",\"day\":\"\",\"crn\":\"\",\"startDate\":\"2019-3-1\",\"info\":\"2019-01\"}','2019-03-15 01:40:02','9201701000','9201701000','2019-03-15 01:59:02'),(53,'820190157','1','{\"level\":\"100\",\"endDate\":\"2019-7-15\",\"precrn\":\"\",\"section\":\"课程\",\"classroom\":\"\",\"capacity\":\"25\",\"facultyId\":\"9201502803\",\"credits\":\"96\",\"name\":\"社会构造思考\",\"startTime\":\"0:0:0\",\"comment\":\"\",\"endTime\":\"0:0:0\",\"courseInfo\":\"\",\"day\":\"\",\"crn\":\"\",\"startDate\":\"2019-3-1\",\"info\":\"2019-01\"}','2019-03-15 01:40:54','9201701000','9201701000','2019-03-15 01:58:40'),(54,'820190165','1','{\"level\":\"100\",\"endDate\":\"2019-7-15\",\"precrn\":\"\",\"section\":\"课程\",\"classroom\":\"\",\"capacity\":\"25\",\"facultyId\":\"9201502803\",\"credits\":\"96\",\"name\":\"美学生活\",\"startTime\":\"0:0:0\",\"comment\":\"\",\"endTime\":\"0:0:0\",\"courseInfo\":\"\",\"day\":\"\",\"crn\":\"\",\"startDate\":\"2019-3-1\",\"info\":\"2019-01\"}','2019-03-15 01:41:36','9201701000','9201701000','2019-03-15 01:58:46'),(55,'820190136','1','{\"level\":\"100\",\"endDate\":\"2019-7-15\",\"precrn\":\"\",\"section\":\"预约课程\",\"classroom\":\"\",\"capacity\":\"3\",\"facultyId\":\"9201801590\",\"credits\":\"96\",\"name\":\"数学预约课程\",\"startTime\":\"0:0:0\",\"comment\":\"\",\"endTime\":\"0:0:0\",\"courseInfo\":\"\",\"day\":\"\",\"crn\":\"\",\"startDate\":\"2019-3-1\",\"info\":\"2019-01\"}','2019-03-15 01:42:09','9201701000','9201701000','2019-03-15 01:58:22'),(56,'820190174','1','{\"level\":\"100\",\"endDate\":\"2019-7-15\",\"precrn\":\"\",\"section\":\"课程\",\"classroom\":\"\",\"capacity\":\"25\",\"facultyId\":\"9201701000\",\"credits\":\"96\",\"name\":\"像社会学家一样思考\",\"startTime\":\"0:0:0\",\"comment\":\"\",\"endTime\":\"0:0:0\",\"courseInfo\":\"\",\"day\":\"\",\"crn\":\"\",\"startDate\":\"2019-3-1\",\"info\":\"2019-01\"}','2019-03-15 01:42:40','9201701000','9201701000','2019-03-15 01:58:51'),(57,'820190187','1','{\"level\":\"100\",\"endDate\":\"2019-7-15\",\"precrn\":\"\",\"section\":\"课程\",\"classroom\":\"\",\"capacity\":\"25\",\"facultyId\":\"9201601559\",\"credits\":\"96\",\"name\":\"日语课基础\",\"startTime\":\"0:0:0\",\"comment\":\"\",\"endTime\":\"0:0:0\",\"courseInfo\":\"\",\"day\":\"m/\",\"crn\":\"\",\"startDate\":\"2019-3-1\",\"info\":\"2019-01\"}','2019-03-15 01:43:22','9201701000','9201701000','2019-03-15 01:59:09'),(58,'820180173','1','{\"level\":\"100\",\"endDate\":\"2019-7-15\",\"precrn\":\"\",\"section\":\"课程\",\"classroom\":\"\",\"capacity\":\"25\",\"facultyId\":\"9201601559\",\"credits\":\"96\",\"name\":\"日语课进阶\",\"startTime\":\"0:0:0\",\"comment\":\"\",\"endTime\":\"0:0:0\",\"courseInfo\":\"\",\"day\":\"m/\",\"crn\":\"\",\"startDate\":\"2019-3-1\",\"info\":\"2019-01\"}','2019-03-15 01:44:01','9201701000','9201701000','2019-03-15 01:57:48'),(59,'820190112','1','{\"level\":\"100\",\"endDate\":\"2019-7-15\",\"precrn\":\"\",\"section\":\"课程\",\"classroom\":\"\",\"capacity\":\"25\",\"facultyId\":\"9201801825\",\"credits\":\"96\",\"name\":\"体育运动\",\"startTime\":\"0:0:0\",\"comment\":\"\",\"endTime\":\"0:0:0\",\"courseInfo\":\"\",\"day\":\"\",\"crn\":\"\",\"startDate\":\"2019-3-1\",\"info\":\"2019-01\"}','2019-03-15 01:44:26','9201701000','9201701000','2019-03-15 01:57:55'),(60,'820190134','1','{\"level\":\"100\",\"endDate\":\"2019-7-15\",\"precrn\":\"\",\"section\":\"课程\",\"classroom\":\"\",\"capacity\":\"25\",\"facultyId\":\"9201801825\",\"credits\":\"96\",\"name\":\"电影欣赏\",\"startTime\":\"0:0:0\",\"comment\":\"\",\"endTime\":\"0:0:0\",\"courseInfo\":\"\",\"day\":\"\",\"crn\":\"\",\"startDate\":\"2019-3-1\",\"info\":\"2019-01\"}','2019-03-15 01:45:09','9201701000','9201701000','2019-03-15 01:58:15'),(61,'820190133','1','{\"level\":\"100\",\"endDate\":\"2019-7-15\",\"precrn\":\"\",\"section\":\"课程\",\"classroom\":\"\",\"capacity\":\"25\",\"facultyId\":\"9201802622\",\"credits\":\"96\",\"name\":\"成长的烦恼\",\"startTime\":\"0:0:0\",\"comment\":\"\",\"endTime\":\"0:0:0\",\"courseInfo\":\"\",\"day\":\"\",\"crn\":\"\",\"startDate\":\"2019-3-1\",\"info\":\"2019-01\"}','2019-03-15 01:50:33','9201701000','9201701000','2019-03-15 01:58:09'),(62,'820190119','1','{\"level\":\"100\",\"endDate\":\"2019-7-15\",\"precrn\":\"\",\"section\":\"课程\",\"classroom\":\"\",\"capacity\":\"25\",\"facultyId\":\"9201701000\",\"credits\":\"96\",\"name\":\"逻辑与批判性思维\",\"startTime\":\"0:0:0\",\"comment\":\"\",\"endTime\":\"0:0:0\",\"courseInfo\":\"\",\"day\":\"\",\"crn\":\"\",\"startDate\":\"2019-3-1\",\"info\":\"2019-01\"}','2019-03-15 01:51:04','9201701000','9201701000','2019-03-15 01:58:03'),(63,'820190146','1','{\"level\":\"100\",\"endDate\":\"2019-7-15\",\"precrn\":\"\",\"section\":\"课程\",\"classroom\":\"\",\"capacity\":\"25\",\"facultyId\":\"9201701000\",\"credits\":\"96\",\"name\":\"“来，让我们真的读完这本书”\",\"startTime\":\"0:0:0\",\"comment\":\"\",\"endTime\":\"0:0:0\",\"courseInfo\":\"\",\"day\":\"\",\"crn\":\"\",\"startDate\":\"2019-3-1\",\"info\":\"2019-01\"}','2019-03-15 01:51:39','9201701000','9201701000','2019-03-15 01:58:29'),(64,'820180133','1','{\"level\":\"100\",\"endDate\":\"2019-7-15\",\"precrn\":\"\",\"section\":\"课程\",\"classroom\":\"\",\"capacity\":\"25\",\"facultyId\":\"9201701000\",\"credits\":\"96\",\"name\":\"万物皆数——数学眼中的世界\",\"startTime\":\"0:0:0\",\"comment\":\"\",\"endTime\":\"0:0:0\",\"courseInfo\":\"\",\"day\":\"\",\"crn\":\"\",\"startDate\":\"2019-3-1\",\"info\":\"2019-01\"}','2019-03-15 01:52:14','9201701000','9201701000','2019-03-15 01:55:36'),(65,'820190190','1','{\"level\":\"100\",\"endDate\":\"2019-7-15\",\"precrn\":\"\",\"section\":\"课程\",\"classroom\":\"\",\"capacity\":\"25\",\"facultyId\":\"9201701000\",\"credits\":\"96\",\"name\":\"“盲”人—我们能否知道我们不知道的事情？\",\"startTime\":\"0:0:0\",\"comment\":\"\",\"endTime\":\"0:0:0\",\"courseInfo\":\"\",\"day\":\"\",\"crn\":\"\",\"startDate\":\"2019-3-1\",\"info\":\"2019-01\"}','2019-03-15 01:52:57','9201701000','9201701000','2019-03-15 01:59:15'),(66,'820190184','1','{\"level\":\"100\",\"endDate\":\"2019-7-15\",\"precrn\":\"\",\"section\":\"课程\",\"classroom\":\"\",\"capacity\":\"25\",\"facultyId\":\"9201701000\",\"credits\":\"96\",\"name\":\"音乐鉴赏与跨界艺术\",\"startTime\":\"0:0:0\",\"comment\":\"\",\"endTime\":\"0:0:0\",\"courseInfo\":\"\",\"day\":\"\",\"crn\":\"\",\"startDate\":\"2019-3-1\",\"info\":\"2019-01\"}','2019-03-15 01:53:29','9201701000','9201701000','2019-03-15 01:58:57'),(67,'820180145','1','{\"level\":\"100\",\"endDate\":\"2019-7-15\",\"precrn\":\"\",\"section\":\"课程\",\"classroom\":\"\",\"capacity\":\"25\",\"facultyId\":\"9201701000\",\"credits\":\"96\",\"name\":\"自由戏剧\",\"startTime\":\"0:0:0\",\"comment\":\"\",\"endTime\":\"0:0:0\",\"courseInfo\":\"\",\"day\":\"\",\"crn\":\"\",\"startDate\":\"2019-3-1\",\"info\":\"2019-01\"}','2019-03-15 01:54:10','9201701000','9201701000','2019-03-15 01:55:48'),(68,'820190149','1','{\"level\":\"100\",\"endDate\":\"2019-7-15\",\"precrn\":\"\",\"section\":\"课程\",\"classroom\":\"\",\"capacity\":\"25\",\"facultyId\":\"9201701000\",\"credits\":\"96\",\"name\":\"怎样开一个桌游吧\",\"startTime\":\"0:0:0\",\"comment\":\"\",\"endTime\":\"0:0:0\",\"courseInfo\":\"\",\"day\":\"\",\"crn\":\"\",\"startDate\":\"2019-3-1\",\"info\":\"2019-01\"}','2019-03-15 01:54:55','9201701000','9201701000','2019-03-15 01:58:34');

/*Table structure for table `tempuser` */

DROP TABLE IF EXISTS `tempuser`;

CREATE TABLE `tempuser` (
  `id` int(20) NOT NULL AUTO_INCREMENT,
  `user_id` varchar(20) NOT NULL,
  `status` varchar(20) DEFAULT NULL COMMENT '0（处理中）,1（通过）,-1(拒绝)',
  `user_json` text NOT NULL,
  `create_time` varchar(50) DEFAULT NULL,
  `update_time` varchar(50) DEFAULT NULL,
  `operator_id` varchar(20) DEFAULT NULL,
  PRIMARY KEY (`id`)
) ENGINE=InnoDB AUTO_INCREMENT=99 DEFAULT CHARSET=utf8;

/*Data for the table `tempuser` */

insert  into `tempuser`(`id`,`user_id`,`status`,`user_json`,`create_time`,`update_time`,`operator_id`) values (1,'8201801811','1','{\"qq\":\"691217991\",\"birthday\":\"2018-06-25T16:00:00.000Z\",\"lastName\":\"Lin\",\"firstName\":\"Shilei\",\"password\":\"$2a$10$g674S57aeqEnYbcMZs/ki.s7H2EOUQIdwUxfWPPpOdMC7QU9eEdcG\",\"gender\":\"male\",\"profile\":\"{\\\"path\\\":\\\"/pioneer/image/profile/7/2/4802f5bc-88f9-4b9b-86a1-9df3cceb83e3.jpg\\\",\\\"size\\\":2013298,\\\"name\\\":\\\"lsl_1.jpg\\\",\\\"type\\\":\\\"jpg\\\"}\",\"tel\":\"13668284849\",\"comment\":\"\",\"email\":\"lin.shilei@outlook.com\",\"info\":\"2018-01\",\"userId\":\"8201801811\",\"dorm\":\"2606\",\"address\":\"Weiyi Rd,HUangtianba, qingyang district\",\"status\":\"1\",\"type\":\"f/a/\",\"roleId\":\"0/1/6/7/\"}','2018-07-30 00:20:22','2018-08-02 00:05:14','9201701000'),(2,'8201801512','1','{\"qq\":\"85800327\",\"birthday\":\"1993-07-08T16:00:00.000Z\",\"lastName\":\"卢\",\"firstName\":\"苇\",\"password\":\"$2a$10$iTWNcWhOgtNHe2775lAPPeM2mCnw26xEg7S6xTkehA4So0cJh8ofu\",\"gender\":\"male\",\"tel\":\"15884468203\",\"comment\":\"\",\"email\":\"85800327@qq.com\",\"info\":\"2018-01\",\"userId\":\"8201801512\",\"profile\":{\"path\":\"/pioneer/image/profile/13/2/5c16dcc0-4cf0-43f8-b61e-ef0803588143.jpg\",\"size\":1436670,\"name\":\"lw_1.jpg\",\"type\":\"jpg\"},\"status\":\"1\",\"type\":\"f/\",\"roleId\":\"0/3/6/7/\"}','2018-07-30 00:22:05','2018-08-02 00:06:47','9201701000'),(4,'8201502790','1','{\"qq\":\"815237261\",\"birthday\":\"2002-08-15T16:00:00.000Z\",\"lastName\":\"虞\",\"firstName\":\"晨煦\",\"password\":\"$2a$10$fSsZ7b28OYNBRf8wfyL6/uVg5r4mxcJG3uKm5vxECZY6p82yoiADW\",\"gender\":\"male\",\"profile\":\"{\\\"path\\\":\\\"/pioneer/image/profile/0/10/ccdf6715-acbd-4821-8d41-f38978b1f2ba.jpg\\\",\\\"size\\\":2019603,\\\"name\\\":\\\"ycx_1.jpg\\\",\\\"type\\\":\\\"jpg\\\"}\",\"tel\":\"18969765952\",\"comment\":\"\",\"email\":\"815237261@qq.com\",\"info\":\"2015-02\",\"userId\":\"8201502790\",\"status\":\"1\",\"type\":\"s/\",\"roleId\":\"0/5/\"}','2018-08-02 15:08:46','2018-08-02 19:11:06','9201701000'),(5,'8201801652','1','{\"qq\":\"691217991\",\"birthday\":\"2018-11-27T16:00:00.000Z\",\"lastName\":\"胡\",\"firstName\":\"智阳\",\"password\":\"$2a$10$W.VrrWOHNJkwgO1AsHJheO/QG5aNLYFrnQktO3b2jEUrSbtu.6pPu\",\"gender\":\"male\",\"tel\":\"691217991\",\"comment\":\"\",\"email\":\"691217991@qq.com\",\"info\":\"2018-01\",\"userId\":\"8201801652\",\"status\":\"1\",\"type\":\"\",\"roleId\":\"0/\"}','2018-12-05 12:23:14','2019-02-01 23:15:18','9201701000'),(6,'8201502712','1','{\"qq\":\"2194910972\",\"birthday\":\"2002-05-25T16:00:00.000Z\",\"lastName\":\"何\",\"firstName\":\"子宸\",\"password\":\"$2a$10$dp.pXjaFmhlVRCWug4epFOFIFxJ1k8v3FqUAjIzGUOWGRR2oN5Dne\",\"gender\":\"male\",\"profile\":{\"path\":\"/pioneer/image/profile/3/1/666de485-f191-45d8-8665-19b9700cf19f.jpg\",\"size\":130090,\"name\":\"hzc_1.jpg\",\"type\":\"jpg\"},\"tel\":\"13541081269\",\"comment\":\"\",\"email\":\"2194910972@qq.com\",\"info\":\"2015-02\",\"userId\":\"8201502712\",\"status\":\"1\",\"type\":\"s/\",\"roleId\":\"0/5/\"}','2018-08-02 15:18:54','2018-08-02 20:20:35','9201701000'),(7,'8201603902','1','{\"qq\":\"837099799\",\"birthday\":\"2001-11-13T16:00:00.000Z\",\"lastName\":\"林\",\"firstName\":\"永泰\",\"password\":\"$2a$10$DCBwMEgvsbaHT/Gl/z3lZOb/BRBLbtD5ojsQgK.XFag6GjqiwDx9K\",\"gender\":\"male\",\"tel\":\"13548084920\",\"comment\":\"\",\"email\":\"837099769@qq.com\",\"info\":\"2016-03\",\"userId\":\"8201603902\",\"profile\":{\"path\":\"/pioneer/image/profile/10/10/c0f00597-1bd3-44a4-9aa8-6ce84b3ca185.jpg\",\"size\":139070,\"name\":\"lyt_2.jpg\",\"type\":\"jpg\"},\"status\":\"1\",\"type\":\"s/\",\"roleId\":\"0/5/\"}','2018-08-02 15:19:24','2018-08-02 20:21:03','9201701000'),(8,'8201702687','1','{\"qq\":\"1840691987\",\"birthday\":\"2004-03-24T16:00:00.000Z\",\"lastName\":\"傅\",\"firstName\":\"天煜\",\"password\":\"$2a$10$.8aN0HRMVgPBB6aVj/AtN.2lkF4JEC1vR5jjCRDEJwIJUdNPUKlgm\",\"gender\":\"female\",\"tel\":\"13682458147\",\"comment\":\"\",\"email\":\"1840691987@qq.com\",\"info\":\"2017-02\",\"userId\":\"8201702687\",\"profile\":{\"path\":\"/pioneer/image/profile/13/10/a690d88f-cd9e-41db-a9bf-fe21e2d2d4f2.jpg\",\"size\":117728,\"name\":\"fty_1.jpg\",\"type\":\"jpg\"},\"type\":\"\",\"roleId\":\"0/\"}','2018-08-02 15:27:50','2018-08-02 20:21:31','9201701000'),(9,'8201601902','1','{\"qq\":\"1832993047\",\"birthday\":\"2002-02-08T16:00:00.000Z\",\"lastName\":\"姜\",\"firstName\":\"旭\",\"password\":\"$2a$10$Nhq/SIfBA0X/0pd/MpxkL../.qzGvePv17hKBzcxi.EmIru47GzTG\",\"gender\":\"male\",\"tel\":\"13962263766\",\"comment\":\"\",\"email\":\"1832993047@qq.com\",\"info\":\"2016-01\",\"userId\":\"8201601902\",\"profile\":{\"path\":\"/pioneer/image/profile/0/11/06a217f5-6cbc-46b6-8e0a-9ddeb8aaf165.jpg\",\"size\":121621,\"name\":\"hhn_1.jpg\",\"type\":\"jpg\"},\"status\":\"1\",\"type\":\"s/\",\"roleId\":\"0/5/\"}','2018-08-02 17:04:01','2018-08-02 20:22:00','9201701000'),(10,'8201602144','1','{\"qq\":\"1227007212\",\"birthday\":\"2001-01-03T16:00:00.000Z\",\"lastName\":\"黄\",\"firstName\":\"昊南\",\"password\":\"$2a$10$1CQprNLhqL8VnY4GB3n1DOwpn21w2ekW/9Ujy99nuJFn5v/2B5dRO\",\"gender\":\"male\",\"tel\":\"17358532484\",\"comment\":\"\",\"email\":\"hhn1227007212@outlook.vom\",\"info\":\"2016-02\",\"userId\":\"8201602144\",\"profile\":{\"path\":\"/pioneer/image/profile/0/11/ac3c87a8-a65c-4073-b24a-cc07a9d70034.jpg\",\"size\":121621,\"name\":\"hhn_1.jpg\",\"type\":\"jpg\"},\"status\":\"1\",\"type\":\"s/\",\"roleId\":\"0/5/\"}','2018-08-02 17:12:11','2018-08-02 20:23:11','9201701000'),(11,'8201803437','1','{\"qq\":\"857855091\",\"birthday\":\"2001-03-31T16:00:00.000Z\",\"lastName\":\"颜\",\"firstName\":\"子睿\",\"password\":\"$2a$10$ZaXm4EYeo0/DdP/FkmSc9Oy3eM2pSt7sHrUOPEnawbHqgAw9Gh1n6\",\"gender\":\"male\",\"tel\":\"18980852467\",\"comment\":\"\",\"email\":\"857855091@qq.com\",\"info\":\"2018-03\",\"userId\":\"8201803437\",\"profile\":{\"path\":\"/pioneer/image/profile/15/0/f78efc0f-3e15-4d65-abec-977d7e031f0f.jpg\",\"size\":9276,\"name\":\"mzj_1.jpg\",\"type\":\"jpg\"},\"status\":\"1\",\"type\":\"s/\",\"roleId\":\"0/5/\"}','2018-08-02 18:16:31','2018-08-02 20:23:34','9201701000'),(12,'8201402742','1','{\"qq\":\"806246566\",\"birthday\":\"2000-10-23T16:00:00.000Z\",\"lastName\":\"罗\",\"firstName\":\"培洪\",\"password\":\"$2a$10$QjTPbQilxGnDgIGe9UnUf.86x8lpecqpx/gLM.WhxizNcR7s8N95i\",\"gender\":\"undetermined\",\"tel\":\"18073309685\",\"comment\":\"\",\"email\":\"806246566@qq.com\",\"info\":\"2014-02\",\"userId\":\"8201402742\",\"profile\":{\"path\":\"/pioneer/image/profile/7/6/238f0912-c926-436c-a735-4fba8220a150.jpg\",\"size\":87244,\"name\":\"lph_2.jpg\",\"type\":\"jpg\"},\"status\":\"1\",\"type\":\"f/\",\"roleId\":\"2/0/6/7/\"}','2018-08-02 21:58:37','2018-08-02 22:04:55','9201701000'),(13,'8201501290','1','{\"qq\":\"55175350\",\"birthday\":\"2018-08-10T16:00:00.000Z\",\"lastName\":\"唐\",\"firstName\":\"振明\",\"password\":\"$2a$10$oWXyKK1yKsrxmoty1dIJ1uR4MudzWL6dpnQFEwuoDFtaBxWVxY2C6\",\"gender\":\"male\",\"tel\":\"13625104371\",\"comment\":\"\",\"email\":\"shizi@xianfengedu.org\",\"info\":\"2015-01\",\"userId\":\"8201501290\",\"profile\":{\"path\":\"/pioneer/image/profile/9/0/ea563cc6-b0c0-42f6-b195-aaee052fad58.jpg\",\"size\":91493,\"name\":\"tzm_1.jpg\",\"type\":\"jpg\"},\"status\":\"1\",\"type\":\"f/\",\"roleId\":\"0/6/\"}','2018-08-04 13:09:40','2018-08-04 14:01:09','9201701000'),(14,'8201502148','1','{\"qq\":\"772380576\",\"birthday\":\"2018-08-19T16:00:00.000Z\",\"lastName\":\"布彦\",\"firstName\":\"隆之\",\"password\":\"$2a$10$Bjai/8x3x7IcQVqTGBInyeTOgKXEqngrqmBvqg3.7XCdZcf/cS6Hm\",\"gender\":\"male\",\"tel\":\"18628047206\",\"comment\":\"\",\"email\":\"772380576@qq.com\",\"info\":\"2015-02\",\"userId\":\"8201502148\",\"status\":\"1\",\"type\":\"f/\",\"roleId\":\"0/6/2/7/\"}','2018-08-07 20:11:49','2018-08-07 20:13:54','9201701000'),(15,'8201801447','1','{\"qq\":\"352300400\",\"birthday\":\"\",\"lastName\":\"冯\",\"firstName\":\"梅\",\"password\":\"$2a$10$Cufts4WIhqc/FNJCc2xLgOUwMX25iZJU3F67xPau2OPxLeATv7GEW\",\"gender\":\"female\",\"tel\":\"13350079282\",\"comment\":\"\",\"email\":\"352300400@qq.com\",\"info\":\"2018-01\",\"userId\":\"8201801447\",\"status\":\"1\",\"type\":\"f/\",\"roleId\":\"0/6/\"}','2018-08-08 20:45:28','2018-08-12 22:41:51','9201701000'),(16,'8201801865','1','{\"qq\":\"85800327\",\"birthday\":\"1993-07-08T16:00:00.000Z\",\"lastName\":\"卢\",\"firstName\":\"苇\",\"password\":\"$2a$10$hk8NRHJE9yNmwcssXgNFRuLjKLW8Q.8UfMGsZ1M0Hynjv0RDPdCvS\",\"gender\":\"male\",\"tel\":\"15884468203\",\"comment\":\"\",\"email\":\"85800327@qq.com\",\"info\":\"2018-01\",\"userId\":\"8201801865\",\"status\":\"1\",\"type\":\"f/\",\"roleId\":\"0/6/\"}','2018-08-12 22:15:43','2018-08-12 22:16:34','9201701000'),(17,'8201801940','1','{\"qq\":\"2859286801\",\"birthday\":\"2018-08-14T16:00:00.000Z\",\"lastName\":\"高\",\"firstName\":\"琛来\",\"password\":\"$2a$10$/vTab.aAsD6pXsh/JKEGeOUnkZD2p7jO0WR5BQSX3kAf901SS3LRO\",\"gender\":\"male\",\"tel\":\"13668284849\",\"comment\":\"\",\"email\":\"zyzvictor@qq.com\",\"info\":\"2018-01\",\"userId\":\"8201801940\",\"status\":\"1\",\"type\":\"s/\",\"roleId\":\"0/5/\"}','2018-08-15 21:41:35','2018-08-15 21:44:56','9201701000'),(18,'8201101455','1','{\"qq\":\"94548782\",\"birthday\":\"\",\"lastName\":\"刘\",\"firstName\":\"晓伟\",\"password\":\"$2a$10$8rRVyRdxcwEEdtz4mUmFf..Ksjdlimk6QAurgXTCJ0B9zFT2QSW.K\",\"gender\":\"male\",\"tel\":\"18030475676\",\"comment\":\"\",\"email\":\"94548782@qq.com\",\"info\":\"2011-01\",\"userId\":\"8201101455\",\"status\":\"1\",\"profile\":{\"path\":\"/pioneer/image/profile/14/1/13c95fd1-7ebc-4318-9b36-6bac7a2e9789.jpg\",\"size\":101597,\"name\":\"lxw_2.jpg\",\"type\":\"jpg\"},\"type\":\"f/\",\"roleId\":\"0/6/7/\"}','2018-08-15 21:43:10','2018-08-15 21:45:44','9201701000'),(19,'8201801548','1','{\"qq\":\"8406206 \",\"birthday\":\"2018-08-14T16:00:00.000Z\",\"lastName\":\"崔\",\"firstName\":\"涛\",\"password\":\"$2a$10$NwVECYU8.Xkq9RYG8n20Secc08HmNmPP4hiZu/nKulbJDeqTHwN/e\",\"gender\":\"male\",\"tel\":\"13668284849\",\"comment\":\"\",\"email\":\"8406206@qq.com\",\"info\":\"2018-01\",\"userId\":\"8201801548\",\"status\":\"1\",\"profile\":{\"path\":\"/pioneer/image/profile/4/15/0f7d3d72-bda6-47ee-9d70-581284f91733.jpg\",\"size\":80344,\"name\":\"ct_2.jpg\",\"type\":\"jpg\"},\"type\":\"f/\",\"roleId\":\"0/6/2/7/\"}','2018-08-15 21:44:19','2018-08-15 21:46:36','9201701000'),(20,'8201801696','1','{\"qq\":\"7344682 \",\"birthday\":\"2018-08-14T16:00:00.000Z\",\"lastName\":\"杨\",\"firstName\":\"燕\",\"password\":\"$2a$10$MQPlqr/eE6Ahp0geBtieBuO3nO8iFsx4ItwYZPFv/O5piHUIOq/qm\",\"gender\":\"female\",\"tel\":\"13668284849\",\"comment\":\"\",\"email\":\"7344682@qq.com\",\"info\":\"2018-01\",\"userId\":\"8201801696\",\"profile\":{\"path\":\"/pioneer/image/profile/2/2/46ce922c-de83-45e7-b698-004fd53e792d.jpg\",\"size\":110787,\"name\":\"yy_1.jpg\",\"type\":\"jpg\"},\"status\":\"1\",\"type\":\"f/\",\"roleId\":\"0/6/\"}','2018-08-15 21:51:04','2018-08-15 21:51:56','9201701000'),(21,'8201701889','1','{\"qq\":\"252524749\",\"birthday\":\"2018-08-14T16:00:00.000Z\",\"lastName\":\"张\",\"firstName\":\"玲\",\"password\":\"$2a$10$fnNcCLJ3M16SI5sJceqIfuTrXYvlTLahdDCGZ.Xjlhs1oaVNMM7a.\",\"gender\":\"female\",\"tel\":\"1111111111\",\"comment\":\"\",\"email\":\"252524749@qq.com\",\"info\":\"2017-01\",\"userId\":\"8201701889\",\"status\":\"0\",\"type\":\"f/\",\"roleId\":\"0/6/\"}','2018-08-15 22:16:07','2018-08-15 22:18:46','9201701000'),(22,'8201801963','1','{\"qq\":\"1214644286\",\"birthday\":\"2018-08-14T16:00:00.000Z\",\"lastName\":\"熊\",\"firstName\":\"刚\",\"password\":\"$2a$10$Kscr5/SjTSlN.aDXiKv1kOT1swbl6hiN7yE0SA7svnNeUlCturmna\",\"gender\":\"male\",\"tel\":\"1111111111\",\"comment\":\"\",\"email\":\"1214644286@qq.com\",\"info\":\"2018-01\",\"userId\":\"8201801963\",\"status\":\"1\",\"profile\":{\"path\":\"/pioneer/image/profile/1/10/e23324a4-6adf-4836-8c98-5fff7e576438.jpg\",\"size\":110482,\"name\":\"xg_1.jpg\",\"type\":\"jpg\"},\"type\":\"f/\",\"roleId\":\"0/6/2/7/\"}','2018-08-15 22:17:07','2018-08-15 22:19:12','9201701000'),(23,'8201601638','1','{\"qq\":\"1483794460\",\"birthday\":\"2018-08-14T16:00:00.000Z\",\"lastName\":\"程\",\"firstName\":\"蓉\",\"password\":\"$2a$10$7l9DWG3E393pbTdTpdBpquwNyPeFIBOEVBifBFAQgTgjKw8dxuWdC\",\"gender\":\"female\",\"tel\":\"11111111111\",\"comment\":\"\",\"email\":\"1483794460@qq.com\",\"info\":\"2016-01\",\"userId\":\"8201601638\",\"status\":\"1\",\"profile\":{\"path\":\"/pioneer/image/profile/1/8/b5eda830-6ef9-417f-90af-e6dfebe864ff.jpg\",\"size\":88349,\"name\":\"cr_1.jpg\",\"type\":\"jpg\"},\"type\":\"f/\",\"roleId\":\"0/6/7/\"}','2018-08-15 22:18:18','2018-08-15 22:19:31','9201701000'),(24,'8201801910','1','{\"qq\":\"11111111\",\"birthday\":\"2018-08-14T16:00:00.000Z\",\"lastName\":\"凌\",\"firstName\":\"子璇\",\"password\":\"$2a$10$iIQx.4ZSfYquXAuntlEczummRup6Gqx3NYxmvpYAnyw8H7nBNZS6a\",\"gender\":\"female\",\"tel\":\"11111111\",\"comment\":\"\",\"email\":\"111111@qq.com\",\"info\":\"2018-01\",\"userId\":\"8201801910\",\"status\":\"1\",\"type\":\"s/\",\"roleId\":\"0/5/\"}','2018-08-15 22:27:07','2018-08-15 22:33:31','9201701000'),(25,'8201801673','1','{\"qq\":\"11111111\",\"birthday\":\"2018-08-14T16:00:00.000Z\",\"lastName\":\"李\",\"firstName\":\"嘉和\",\"password\":\"$2a$10$WpwvUdAPLkbMOmU7Pu.ky.RLb/IcdFu7oapclTaTRIfFSt5KQnOj6\",\"gender\":\"male\",\"tel\":\"11111111\",\"comment\":\"\",\"email\":\"111111@qq.com\",\"info\":\"2018-01\",\"userId\":\"8201801673\",\"status\":\"1\",\"type\":\"s/\",\"roleId\":\"0/5/\"}','2018-08-15 22:27:54','2018-08-15 22:33:39','9201701000'),(26,'8201801419','1','{\"qq\":\"11111111\",\"birthday\":\"2018-08-14T16:00:00.000Z\",\"lastName\":\"李\",\"firstName\":\"双成\",\"password\":\"$2a$10$/4ZR/XMLRswX3RtnYFfKguDcXmh8NaBSpMcpPi82tMD9PzhIGUHZq\",\"gender\":\"male\",\"tel\":\"11111111\",\"comment\":\"\",\"email\":\"111111@qq.com\",\"info\":\"2018-01\",\"userId\":\"8201801419\",\"status\":\"1\",\"type\":\"s/\",\"roleId\":\"0/5/\"}','2018-08-15 22:28:44','2018-08-15 22:33:48','9201701000'),(27,'8201801661','1','{\"qq\":\"111111111\",\"birthday\":\"2018-08-14T16:00:00.000Z\",\"lastName\":\"陈\",\"firstName\":\"棋丰\",\"password\":\"$2a$10$Ci9tWUJc7Imons0Q/aZeXeHx3nf6Kkbxf6vJPs.vbKJ3cwYPI.x1W\",\"gender\":\"male\",\"tel\":\"111111111\",\"comment\":\"\",\"email\":\"1111111111@qq.com\",\"info\":\"2018-01\",\"userId\":\"8201801661\",\"status\":\"0\",\"type\":\"s/\",\"roleId\":\"0/5/\"}','2018-08-15 22:28:47','2018-08-15 22:33:58','9201701000'),(28,'8201801178','1','{\"qq\":\"1111111111\",\"birthday\":\"2018-08-14T16:00:00.000Z\",\"lastName\":\"马\",\"firstName\":\"瑞鹏\",\"password\":\"$2a$10$IggUuvLvTlnsqj6jWq403.rt0Mo7m2jLCVNLIbPNdAgSmM1RrWsfO\",\"gender\":\"male\",\"tel\":\"1111111111\",\"comment\":\"\",\"email\":\"111111111@qq.com\",\"info\":\"2018-01\",\"userId\":\"8201801178\",\"status\":\"1\",\"type\":\"s/\",\"roleId\":\"0/5/\"}','2018-08-15 22:29:20','2018-08-15 22:34:05','9201701000'),(29,'8201801790','1','{\"qq\":\"11111111\",\"birthday\":\"2018-08-14T16:00:00.000Z\",\"lastName\":\"熊\",\"firstName\":\"仲宇\",\"password\":\"$2a$10$w6TY06nS.VGOxEs5knvRKuff08yEZqyMkiL9ePLjs46GpBWr9lp32\",\"gender\":\"male\",\"tel\":\"11111111\",\"comment\":\"\",\"email\":\"111111@qq.com\",\"info\":\"2018-01\",\"userId\":\"8201801790\",\"status\":\"1\",\"type\":\"s/\",\"roleId\":\"0/5/\"}','2018-08-15 22:29:40','2018-08-15 22:34:15','9201701000'),(30,'8201801618','1','{\"qq\":\"111111111\",\"birthday\":\"2018-08-14T16:00:00.000Z\",\"lastName\":\"牛\",\"firstName\":\"天\",\"password\":\"$2a$10$4adpluHwoR9TYomOicGU/O8vbrFXcr9xMTF5wsoAAFw1vHjI0a6fi\",\"gender\":\"male\",\"tel\":\"111111111\",\"comment\":\"\",\"email\":\"111111111@qq.com\",\"info\":\"2018-01\",\"userId\":\"8201801618\",\"status\":\"1\",\"type\":\"s/\",\"roleId\":\"0/5/\"}','2018-08-15 22:29:48','2018-08-15 22:34:21','9201701000'),(31,'8201801978','1','{\"qq\":\"1111111111\",\"birthday\":\"2018-08-14T16:00:00.000Z\",\"lastName\":\"党\",\"firstName\":\"健桐\",\"password\":\"$2a$10$w6AuzFFFsQknrwF1JV4vTuwW3pyE9JmtpdBRHy9rT2gX.Qrde8OQi\",\"gender\":\"male\",\"tel\":\"1111111111\",\"comment\":\"\",\"email\":\"1111111111@qq.com\",\"info\":\"2018-01\",\"userId\":\"8201801978\",\"status\":\"1\",\"type\":\"s/\",\"roleId\":\"0/5/\"}','2018-08-15 22:30:11','2018-08-15 22:34:28','9201701000'),(32,'8201801208','1','{\"qq\":\"11111111\",\"birthday\":\"2018-08-14T16:00:00.000Z\",\"lastName\":\"陈\",\"firstName\":\"泓贤\",\"password\":\"$2a$10$pa3qi25f76Xvf7KLrlIOfO.iuAxApwjL1IlyepQ27fRtip87qE3le\",\"gender\":\"male\",\"tel\":\"11111111\",\"comment\":\"\",\"email\":\"111111@qq.com\",\"info\":\"2018-01\",\"userId\":\"8201801208\",\"status\":\"1\",\"type\":\"s/\",\"roleId\":\"0/5/\"}','2018-08-15 22:30:15','2018-08-15 22:34:38','9201701000'),(33,'8201801859','1','{\"qq\":\"1111111111\",\"birthday\":\"2018-08-14T16:00:00.000Z\",\"lastName\":\"沈\",\"firstName\":\"意铭\",\"password\":\"$2a$10$9Xg9LvCSB.RBESg41vgtKee1YQaVS19vstHQRJDA9Btigvxv.74Ka\",\"gender\":\"male\",\"tel\":\"1111111111\",\"comment\":\"\",\"email\":\"1111111111@qq.com\",\"info\":\"2018-01\",\"userId\":\"8201801859\",\"status\":\"1\",\"type\":\"s/\",\"roleId\":\"0/5/\"}','2018-08-15 22:30:41','2018-08-15 22:34:45','9201701000'),(34,'8201801285','1','{\"qq\":\"11111111\",\"birthday\":\"2018-08-14T16:00:00.000Z\",\"lastName\":\"李\",\"firstName\":\"子祺\",\"password\":\"$2a$10$WitNmoXSgWQcvakyvlJDw.JGMhDYrQzDlOxDzjnhtdOUuCNeP9nHe\",\"gender\":\"male\",\"tel\":\"11111111\",\"comment\":\"\",\"email\":\"111111@qq.com\",\"info\":\"2018-01\",\"userId\":\"8201801285\",\"status\":\"1\",\"type\":\"s/\",\"roleId\":\"0/5/\"}','2018-08-15 22:30:55','2018-08-15 22:34:53','9201701000'),(35,'8201801275','1','{\"qq\":\"11111111\",\"birthday\":\"2018-08-14T16:00:00.000Z\",\"lastName\":\"韩\",\"firstName\":\"秋实\",\"password\":\"$2a$10$NJJyj13HfUjFX.oY/lzGb.DoeQ32Ta5DzhbGuMPeK9WEVTVN4v64y\",\"gender\":\"male\",\"tel\":\"11111111\",\"comment\":\"\",\"email\":\"11111111@qq.com\",\"info\":\"2018-01\",\"userId\":\"8201801275\",\"status\":\"1\",\"type\":\"s/\",\"roleId\":\"0/5/\"}','2018-08-15 22:31:12','2018-08-15 22:35:06','9201701000'),(36,'8201801891','1','{\"qq\":\"11111111\",\"birthday\":\"2018-08-14T16:00:00.000Z\",\"lastName\":\"谢\",\"firstName\":\"天悦\",\"password\":\"$2a$10$wqjvJKFDCQIbMgZDM0a08Ou24m61g9eH/uKm7Csr.pzBLFND.gEA.\",\"gender\":\"female\",\"tel\":\"11111111\",\"comment\":\"\",\"email\":\"111111@qq.com\",\"info\":\"2018-01\",\"userId\":\"8201801891\",\"status\":\"1\",\"type\":\"s/\",\"roleId\":\"0/5/\"}','2018-08-15 22:31:48','2018-08-15 22:35:13','9201701000'),(37,'8201801287','1','{\"qq\":\"11111111\",\"birthday\":\"2018-08-14T16:00:00.000Z\",\"lastName\":\"师\",\"firstName\":\"宇洋\",\"password\":\"$2a$10$Lr6Yp93n2aSFgdsjuPsR9.vjX13g1W60sXbr7tNF.lrdcGQaU/S1q\",\"gender\":\"male\",\"tel\":\"11111111\",\"comment\":\"\",\"email\":\"11111111@qq.com\",\"info\":\"2018-01\",\"userId\":\"8201801287\",\"status\":\"1\",\"type\":\"s/\",\"roleId\":\"0/5/\"}','2018-08-15 22:32:02','2018-08-15 22:35:21','9201701000'),(38,'8201801325','1','{\"qq\":\"111111111\",\"birthday\":\"2018-08-14T16:00:00.000Z\",\"lastName\":\"朱\",\"firstName\":\"润然\",\"password\":\"$2a$10$c2.i.IiwDU3iVeEvjtg.zuXjP/X1yYaVyVwgP3M0nZ7TJpa3jpZ9W\",\"gender\":\"male\",\"tel\":\"111111111\",\"comment\":\"\",\"email\":\"111111111@qq.com\",\"info\":\"2018-01\",\"userId\":\"8201801325\",\"status\":\"1\",\"type\":\"s/\",\"roleId\":\"0/5/\"}','2018-08-15 22:32:36','2018-08-15 22:35:28','9201701000'),(39,'8201801348','1','{\"qq\":\"11111111\",\"birthday\":\"2018-08-14T16:00:00.000Z\",\"lastName\":\"蒋\",\"firstName\":\"炳郅\",\"password\":\"$2a$10$1/yzvRpZmzzL/qkCzhkagePckCY2El.6SO7Rw6n.Q9.MjrTzGR44a\",\"gender\":\"male\",\"tel\":\"11111111\",\"comment\":\"\",\"email\":\"111111@qq.com\",\"info\":\"2018-01\",\"userId\":\"8201801348\",\"status\":\"1\",\"type\":\"s/\",\"roleId\":\"0/5/\"}','2018-08-15 22:32:45','2018-08-15 22:35:38','9201701000'),(40,'8201801391','1','{\"qq\":\"111111111\",\"birthday\":\"2018-08-14T16:00:00.000Z\",\"lastName\":\"余\",\"firstName\":\"林熹\",\"password\":\"$2a$10$Vgi8tZLxvUdtt9pMj7ZEguBoOYohts.RGeQxcKqvf7PIKoeXQzmea\",\"gender\":\"female\",\"tel\":\"111111111\",\"comment\":\"\",\"email\":\"111111111@qq.com\",\"info\":\"2018-01\",\"userId\":\"8201801391\",\"status\":\"1\",\"type\":\"s/\",\"roleId\":\"0/5/\"}','2018-08-15 22:33:04','2018-08-15 22:35:46','9201701000'),(41,'8201801240','1','{\"qq\":\"11111111\",\"birthday\":\"2018-08-14T16:00:00.000Z\",\"lastName\":\"张\",\"firstName\":\"一畅\",\"password\":\"$2a$10$oVZcuNnEB6S5s.LW03HEQecYh6L4QP0wfREbBSdZb9fFfpAip1HkK\",\"gender\":\"male\",\"tel\":\"11111111\",\"comment\":\"\",\"email\":\"111111@qq.com\",\"info\":\"2018-01\",\"userId\":\"8201801240\",\"status\":\"1\",\"type\":\"s/\",\"roleId\":\"0/5/\"}','2018-08-15 22:33:07','2018-08-15 22:35:53','9201701000'),(42,'8201801367','1','{\"qq\":\"11111111\",\"birthday\":\"2018-08-14T16:00:00.000Z\",\"lastName\":\"潘\",\"firstName\":\"泉呈\",\"password\":\"$2a$10$toGEOVfRandNaCy64g0dneNgKzPRIKGCUp7aS.mlywLWE6AgS/myi\",\"gender\":\"male\",\"tel\":\"11111111\",\"comment\":\"\",\"email\":\"111111@qq.com\",\"info\":\"2018-01\",\"userId\":\"8201801367\",\"status\":\"1\",\"type\":\"s/\",\"roleId\":\"0/5/\"}','2018-08-15 22:33:30','2018-08-15 22:36:03','9201701000'),(43,'8201801710','1','{\"qq\":\"11111111\",\"birthday\":\"2018-08-14T16:00:00.000Z\",\"lastName\":\"郑\",\"firstName\":\"懿男\",\"password\":\"$2a$10$3i/olPyF4/gcSW.AQjs/CuZuqhdfGefrUsbnbbSkDc.WhechdP7Fy\",\"gender\":\"male\",\"tel\":\"11111111\",\"comment\":\"\",\"email\":\"111111@qq.com\",\"info\":\"2018-01\",\"userId\":\"8201801710\",\"status\":\"1\",\"type\":\"s/\",\"roleId\":\"0/5/\"}','2018-08-15 22:34:15','2018-08-15 22:36:12','9201701000'),(44,'8201801125','1','{\"qq\":\"11111111\",\"birthday\":\"2018-08-14T16:00:00.000Z\",\"lastName\":\"郭\",\"firstName\":\"仪佳\",\"password\":\"$2a$10$hX/cMQkdQmwAuBcZ2k4Y6ODNgKGM1dDqTZ1Vp50qI1J6oZlYTGAhG\",\"gender\":\"female\",\"tel\":\"11111111\",\"comment\":\"\",\"email\":\"111111@qq.com\",\"info\":\"2018-01\",\"userId\":\"8201801125\",\"status\":\"1\",\"type\":\"s/\",\"roleId\":\"0/5/\"}','2018-08-15 22:34:47','2018-08-15 22:36:21','9201701000'),(45,'8201801159','1','{\"qq\":\"554925899\",\"birthday\":\"1992-12-31T16:00:00.000Z\",\"lastName\":\"丁\",\"firstName\":\"乘风\",\"password\":\"$2a$10$QcXm/JKgzK6VztAbAyXWseC2r9BtYCe.hCAjoI4js7/smKCXebudS\",\"gender\":\"male\",\"tel\":\"18353139443\",\"comment\":\"\",\"email\":\"554925899@qq.com\",\"info\":\"2018-01\",\"userId\":\"8201801159\",\"status\":\"1\",\"type\":\"f/\",\"roleId\":\"0/6/\"}','2018-08-15 22:50:39','2018-08-15 22:51:40','9201701000'),(46,'8201801326','1','{\"qq\":\"1111111111\",\"birthday\":\"2018-08-17T16:00:00.000Z\",\"lastName\":\"许\",\"firstName\":\"毅晗\",\"password\":\"$2a$10$yFsbYcQ/GPc7h.PIITHOau0swoYgWlgIC9d8MxJeCb7Nxmlv4G4Xa\",\"gender\":\"male\",\"tel\":\"1111111111\",\"comment\":\"\",\"email\":\"1111111111@qq.com\",\"info\":\"2018-01\",\"userId\":\"8201801326\",\"status\":\"1\",\"type\":\"s/\",\"roleId\":\"0/5/\"}','2018-08-18 17:42:23','2018-08-18 17:44:06','9201701000'),(51,'8201802178','1','{\"qq\":\"1277168683\",\"birthday\":\"2001-07-05T16:00:00.000Z\",\"lastName\":\"李\",\"firstName\":\"覃恩\",\"password\":\"$2a$10$T8MCKLl2Eft0jEuxoiZZ.ut1H/xnewpqK0cv6WQ00wv0SRYQ/h7wi\",\"gender\":\"male\",\"tel\":\"13243709233\",\"comment\":\"\",\"email\":\"1277168683@qq.com\",\"info\":\"2018-02\",\"userId\":\"8201802178\",\"status\":\"1\",\"type\":\"s/\",\"roleId\":\"0/5/\"}','2018-09-04 16:44:42','2018-09-06 01:08:37','9201701000'),(52,'8201801488','1','{\"qq\":\"3226256269\",\"birthday\":\"2002-08-18T16:00:00.000Z\",\"lastName\":\"黄\",\"firstName\":\"馨琦\",\"password\":\"$2a$10$QUQIJckWsANON/MxXWzaB.JVXaOMOHSPiqRbj/Rl2RuNUv0d8679q\",\"gender\":\"female\",\"tel\":\"15828151614\",\"comment\":\"\",\"email\":\"3226256269@qq.com\",\"info\":\"2018-01\",\"userId\":\"8201801488\",\"status\":\"1\",\"type\":\"s/\",\"roleId\":\"0/5/\"}','2018-09-04 16:50:18','2018-09-06 01:10:26','9201701000'),(53,'8201802341','1','{\"qq\":\"1873822849\",\"birthday\":\"2003-12-17T16:00:00.000Z\",\"lastName\":\"安\",\"firstName\":\"芮琪\",\"password\":\"$2a$10$Z.PPuH.VgmRnsVKxS5bl2.NIBNVhwTxvAlnMUrCHhRW/W2.ZxPQzi\",\"gender\":\"female\",\"tel\":\"19983220135\",\"comment\":\"\",\"email\":\"1873822849@qq.com\",\"info\":\"2018-02\",\"userId\":\"8201802341\",\"status\":\"1\",\"type\":\"s/\",\"roleId\":\"0/5/\"}','2018-09-04 17:02:17','2018-09-06 01:10:36','9201701000'),(54,'8201802128','1','{\"qq\":\"2832922603\",\"birthday\":\"2001-07-12T16:00:00.000Z\",\"lastName\":\"李\",\"firstName\":\"金奥\",\"password\":\"$2a$10$tFX/W2yj7g3h5EuTDaICSOPWGVcPMrllt8N0.b0JWmgVm9m8ZGz4m\",\"gender\":\"female\",\"tel\":\"17773179212\",\"comment\":\"\",\"email\":\"2832922603@qq.com\",\"info\":\"2018-02\",\"userId\":\"8201802128\",\"status\":\"1\",\"type\":\"s/\",\"roleId\":\"0/5/\"}','2018-09-04 17:49:27','2018-09-06 01:10:45','9201701000'),(55,'8201802132','1','{\"qq\":\"2271930819\",\"birthday\":\"2006-01-08T16:00:00.000Z\",\"lastName\":\"周\",\"firstName\":\"佳韵\",\"password\":\"$2a$10$6/hX373SHsr/9lGg3X4yLOCJDwQ1D44MX2SUFlmrxNcO7C9yBPCES\",\"gender\":\"female\",\"tel\":\"18908887870\",\"comment\":\"\",\"email\":\"2271930819@qq.com\",\"info\":\"2018-02\",\"userId\":\"8201802132\",\"status\":\"1\",\"type\":\"s/\",\"roleId\":\"0/5/\"}','2018-09-04 20:40:59','2018-09-06 01:10:55','9201701000'),(57,'8201803302','1','{\"qq\":\"1067237690\",\"birthday\":\"2001-09-17T16:00:00.000Z\",\"lastName\":\"李\",\"firstName\":\"书阳\",\"password\":\"$2a$10$naU.47ZAFboYbVWpDHOfzutNvIbCSBCjSx5krAH5ygMDxpMRzSalC\",\"gender\":\"male\",\"tel\":\"15047517007\",\"comment\":\"\",\"email\":\"1067237690@qq.com\",\"info\":\"2018-03\",\"userId\":\"8201803302\",\"status\":\"1\",\"type\":\"s/\",\"roleId\":\"0/5/\"}','2018-09-05 11:40:55','2018-09-06 01:11:14','9201701000'),(58,'8201802803','1','{\"qq\":\"1735900239\",\"birthday\":\"2000-08-28T16:00:00.000Z\",\"lastName\":\"陈\",\"firstName\":\"炜明\",\"password\":\"$2a$10$s7FDeidRPflntVCFTFLdBuudFc3keUgjblmPaxojZWyfXEGk3Trr.\",\"gender\":\"male\",\"tel\":\"13352878357\",\"comment\":\"\",\"email\":\"1735900239@qq.com\",\"info\":\"2018-02\",\"userId\":\"8201802803\",\"status\":\"1\",\"type\":\"s/\",\"roleId\":\"0/5/\"}','2018-09-06 01:17:56','2018-09-07 10:14:47','9201701000'),(59,'8201802737','1','{\"qq\":\"1873822849\",\"birthday\":\"2003-12-17T16:00:00.000Z\",\"lastName\":\"安\",\"firstName\":\"芮琪\",\"password\":\"$2a$10$s43vCDSnJUnxtonzPuT54u7myk/cAhSG9jqIgk6tfl/LFZxcoGNvG\",\"gender\":\"female\",\"tel\":\"19983220135\",\"comment\":\"\",\"email\":\"1873822849@qq.com\",\"info\":\"2018-02\",\"userId\":\"8201802737\",\"status\":\"1\",\"type\":\"s/\",\"roleId\":\"0/5/\"}','2018-09-06 13:48:29','2018-09-07 10:14:58','9201701000'),(60,'8201402593','1','{\"qq\":\"821978672\",\"birthday\":\"1994-06-20T16:00:00.000Z\",\"lastName\":\"桔\",\"firstName\":\"子\",\"password\":\"$2a$10$tZiq93.LCOrxzy9LW5MwQ.ih5oMh15TUepcliEBNd7WIj/DIvn.r2\",\"gender\":\"male\",\"tel\":\"17780622519\",\"comment\":\"\",\"email\":\"821978672@qq.com\",\"info\":\"2014-02\",\"userId\":\"8201402593\",\"status\":\"1\",\"type\":\"f/\",\"roleId\":\"0/6/7/\"}','2018-09-07 10:13:41','2018-09-07 10:15:13','9201701000'),(65,'8201802949','1','{\"qq\":\"3117947280\",\"birthday\":\"2002-12-16T16:00:00.000Z\",\"lastName\":\"乌\",\"firstName\":\"梓宸\",\"password\":\"$2a$10$.ySnzO1DwQVVDxMxJ50Nge7RCtshJ/VGSAw6Ei1EVnGqHBHi/NtHi\",\"gender\":\"male\",\"tel\":\"18228356289\",\"comment\":\"\",\"email\":\"3117947280@qq.com\",\"info\":\"2018-02\",\"userId\":\"8201802949\",\"status\":\"1\",\"type\":\"s/\",\"roleId\":\"0/5/\"}','2018-09-09 22:01:35','2018-09-10 00:36:54','9201701000'),(66,'8201602549','1','{\"qq\":\"2467415445\",\"birthday\":\"2000-11-13T16:00:00.000Z\",\"lastName\":\"刘\",\"firstName\":\"亚倪\",\"password\":\"$2a$10$6u65/5AVJFLq4lDEIOEJruqLFdeYhkIG0zaKrvjOwqsuUq3xUyDBm\",\"gender\":\"undetermined\",\"tel\":\"13520898920\",\"comment\":\"\",\"email\":\"mierma@sina.com\",\"info\":\"2016-02\",\"userId\":\"8201602549\",\"status\":\"1\",\"type\":\"s/\",\"roleId\":\"0/5/\"}','2018-09-10 00:34:30','2018-09-10 00:37:07','9201701000'),(67,'8201702449','1','{\"qq\":\"111111111\",\"birthday\":\"2018-09-11T16:00:00.000Z\",\"lastName\":\"吴\",\"firstName\":\"迪（Udi)\",\"password\":\"$2a$10$P6uJqjGttFS7oNwnzhaws.8kDOKmtZ/mEh766Z3Zokmi5oe85UteS\",\"gender\":\"male\",\"tel\":\"11111111111\",\"comment\":\"\",\"email\":\"111111@qq.com\",\"info\":\"2017-02\",\"userId\":\"8201702449\",\"status\":\"1\",\"type\":\"f/\",\"roleId\":\"0/6/\"}','2018-09-12 22:29:22','2018-09-12 22:32:30','9201701000'),(68,'8201802824','1','{\"qq\":\"11111111\",\"birthday\":\"2018-09-11T16:00:00.000Z\",\"lastName\":\"曾\",\"firstName\":\"苏尧\",\"password\":\"$2a$10$oXK5iQcZHVmFHUnfkO5eX.1wx3Qq/8gcAi1TG.AettRltlS6zP/E.\",\"gender\":\"female\",\"tel\":\"11111111\",\"comment\":\"\",\"email\":\"1111111111@qq.com\",\"info\":\"2018-02\",\"userId\":\"8201802824\",\"status\":\"1\",\"type\":\"f/\",\"roleId\":\"0/6/\"}','2018-09-12 22:32:03','2018-09-12 22:32:41','9201701000'),(69,'8201502809','1','{\"qq\":\"11111111\",\"birthday\":\"2018-09-11T16:00:00.000Z\",\"lastName\":\"刘\",\"firstName\":\"宇波\",\"password\":\"$2a$10$TbTgZARhAoGwQfOy2JpeY.dCe0jzuk1wUu78vrXVytJG0gmyvtIcO\",\"gender\":\"male\",\"tel\":\"111111111\",\"comment\":\"\",\"email\":\"1111111@qq.com\",\"info\":\"2015-02\",\"userId\":\"8201502809\",\"status\":\"1\",\"type\":\"f/\",\"roleId\":\"0/6/\"}','2018-09-12 22:33:13','2018-09-12 22:36:26','9201701000'),(70,'8201502624','1','{\"qq\":\"11111111\",\"birthday\":\"2018-09-11T16:00:00.000Z\",\"lastName\":\"老\",\"firstName\":\"三\",\"password\":\"$2a$10$SdAxVq02af4nngPAwQrt4OqIE7vzkaYxyCp29SqEjDmhiiWxFAGCC\",\"gender\":\"male\",\"tel\":\"1111111111\",\"comment\":\"\",\"email\":\"111111111@qq.com\",\"info\":\"2015-02\",\"userId\":\"8201502624\",\"status\":\"1\",\"type\":\"s/\",\"roleId\":\"0/5/\"}','2018-09-12 22:35:04','2018-09-12 22:36:34','9201701000'),(71,'8201301944','1','{\"qq\":\"1111111111\",\"birthday\":\"2018-09-11T16:00:00.000Z\",\"lastName\":\"慈仁\",\"firstName\":\"尼玛\",\"password\":\"$2a$10$Tw1o8qXw5FA2KOQrW4VVEeL9IkoKB6cZoQ5cEZFdLyUc8AEBzIh7G\",\"gender\":\"male\",\"tel\":\"1111111111\",\"comment\":\"\",\"email\":\"11111111@qq.com\",\"info\":\"2013-01\",\"userId\":\"8201301944\",\"status\":\"1\",\"type\":\"f/\",\"roleId\":\"0/6/\"}','2018-09-12 22:36:28','2018-09-12 23:01:40','9201701000'),(72,'8201802859','1','{\"qq\":\"1111111111\",\"birthday\":\"2018-09-11T16:00:00.000Z\",\"lastName\":\"王\",\"firstName\":\"涵\",\"password\":\"$2a$10$lDg4N627wmPnsCYRwG0pH.Gf8Df9cDAdp6pSxFgTmYzJTizAGnC0K\",\"gender\":\"male\",\"tel\":\"1111111111\",\"comment\":\"\",\"email\":\"111111111@qq.com\",\"info\":\"2018-02\",\"userId\":\"8201802859\",\"status\":\"1\",\"type\":\"s/\",\"roleId\":\"0/5/\"}','2018-09-12 22:37:24','2018-09-12 23:01:54','9201701000'),(73,'8201802760','1','{\"qq\":\"111111111\",\"birthday\":\"2018-09-11T16:00:00.000Z\",\"lastName\":\"彭\",\"firstName\":\"稚钦\",\"password\":\"$2a$10$WsLrTjzs.vOF7cr1S38RgOsG.vkiKqHeGdj.EUNDKcepgVWrx7Awe\",\"gender\":\"male\",\"tel\":\"11111111111\",\"comment\":\"\",\"email\":\"1111111111@qq.com\",\"info\":\"2018-02\",\"userId\":\"8201802760\",\"status\":\"1\",\"type\":\"s/\",\"roleId\":\"0/5/\"}','2018-09-12 22:38:52','2018-09-12 23:02:05','9201701000'),(74,'8201802100','1','{\"qq\":\"11111111\",\"birthday\":\"2018-09-11T16:00:00.000Z\",\"lastName\":\"林\",\"firstName\":\"芝欣\",\"password\":\"$2a$10$tHSxMN0Cc4QslbVA5g9VBeRLl.Vd2RWSA3pH/07nt64CLQ0Xfo7RC\",\"gender\":\"female\",\"tel\":\"1111111111\",\"comment\":\"\",\"email\":\"111111111@qq.com\",\"info\":\"2018-02\",\"userId\":\"8201802100\",\"status\":\"1\",\"type\":\"s/\",\"roleId\":\"0/5/\"}','2018-09-12 22:39:52','2018-09-12 23:02:18','9201701000'),(75,'8201803732','1','{\"qq\":\"111111111\",\"birthday\":\"2018-09-11T16:00:00.000Z\",\"lastName\":\"孙\",\"firstName\":\"鹏尧\",\"password\":\"$2a$10$aqIi3H4jtE1npBMep8XYHuYdS86C0DL5BffU6Ao7YlyzK4bTTf54e\",\"gender\":\"male\",\"tel\":\"1111111111\",\"comment\":\"\",\"email\":\"111111111@qq.com\",\"info\":\"2018-03\",\"userId\":\"8201803732\",\"status\":\"1\",\"type\":\"s/\",\"roleId\":\"0/5/\"}','2018-09-12 22:40:58','2018-09-12 23:02:28','9201701000'),(76,'8201803956','1','{\"qq\":\"11111111\",\"birthday\":\"2018-09-11T16:00:00.000Z\",\"lastName\":\"李\",\"firstName\":\"昊泽\",\"password\":\"$2a$10$iTsKHzeDd3PytXw9hEhX.ONrnfGvIopPIdGy0YbomaYQ85s/tOd1W\",\"gender\":\"male\",\"tel\":\"1111111111\",\"comment\":\"\",\"email\":\"111111111@qq.com\",\"info\":\"2018-03\",\"userId\":\"8201803956\",\"status\":\"1\",\"type\":\"s/\",\"roleId\":\"0/5/\"}','2018-09-12 22:42:07','2018-09-12 23:02:39','9201701000'),(79,'8201802954','1','{\"qq\":\"3407626138\",\"birthday\":\"2004-07-27T16:00:00.000Z\",\"lastName\":\"刘\",\"firstName\":\"霈臻\",\"password\":\"$2a$10$kC8FlrKSIjPOHwyVfhH7fetIgER910EaT/vPABBq0dMTJZFw/ndkq\",\"gender\":\"male\",\"tel\":\"13327686492\",\"comment\":\"\",\"email\":\"13327686492@QQ.com\",\"info\":\"2018-02\",\"userId\":\"8201802954\",\"status\":\"1\",\"type\":\"s/\",\"roleId\":\"0/5/\"}','2018-09-25 13:15:01','2018-09-25 13:17:36','9201701000'),(80,'8201602149','1','{\"qq\":\"11111111111\",\"birthday\":\"2018-09-25T16:00:00.000Z\",\"lastName\":\"冯\",\"firstName\":\"梅\",\"password\":\"$2a$10$Pxls.mhRj1Geb9S8KnjDW.CKs3IPy.vjzn4IFwO.rjUmDOcJnJTsm\",\"gender\":\"female\",\"tel\":\"13668284849\",\"comment\":\"\",\"email\":\"lin.shilei@outlook.com\",\"info\":\"2016-02\",\"userId\":\"8201602149\",\"status\":\"1\",\"type\":\"f/\",\"roleId\":\"0/6/3/\"}','2018-09-26 10:29:29','2018-09-26 10:30:21','9201701000'),(81,'8201802911','1','{\"qq\":\"1798100218\",\"birthday\":\"2000-05-21T16:00:00.000Z\",\"lastName\":\"庞\",\"firstName\":\"雨琳\",\"password\":\"$2a$10$zvo/TIvdvo3ZMDB32EXqrumJlTm3egJMDAhlGHnKSskIIALHR6EN2\",\"gender\":\"female\",\"tel\":\"13486624887\",\"comment\":\"\",\"email\":\"1798100218@qq.com\",\"info\":\"2018-02\",\"userId\":\"8201802911\",\"status\":\"1\",\"type\":\"s/\",\"roleId\":\"0/5/\"}','2018-10-15 13:11:36','2018-10-15 13:12:09','9201701000'),(82,'8201503143','1','{\"qq\":\"858715195\",\"birthday\":\"1994-02-11T16:00:00.000Z\",\"lastName\":\"马\",\"firstName\":\"宗佳\",\"password\":\"$2a$10$lKUfjymZn1Bk8negsBysqeLRqdZNTJe7o9SQlmm.Wr1bi5TM43k/G\",\"gender\":\"female\",\"tel\":\"17708075506\",\"comment\":\"\",\"email\":\"858715195@qq.com\",\"info\":\"2015-03\",\"userId\":\"8201503143\",\"status\":\"1\",\"type\":\"\",\"roleId\":\"0/3/\"}','2019-01-24 14:06:07','2019-01-24 14:10:49','9201701000'),(83,'8201601544','1','{\"qq\":\"2283753328\",\"birthday\":\"1992-04-21T16:00:00.000Z\",\"lastName\":\"劉\",\"firstName\":\"宇波\",\"password\":\"$2a$10$PdzV43/ugaH5nrajWxEnbumCHB1llCpZxPAV3jfh8P0CX0NxvGAzu\",\"gender\":\"male\",\"tel\":\"18200352250\",\"comment\":\"\",\"email\":\"basakaji@foxmail.com\",\"info\":\"2016-01\",\"userId\":\"8201601544\",\"type\":\"\",\"roleId\":\"0/\"}','2019-02-02 21:55:12','2019-02-02 21:58:38','9201701000'),(85,'8201801556','1','{\"qq\":\"794295469\",\"birthday\":\"2002-04-21T16:00:00.000Z\",\"lastName\":\"线\",\"firstName\":\"力维\",\"password\":\"$2a$10$LoMuftCwxn4EnjfqraMb.eFgWNa.7gEFM82OQSMsH0vMgV.wkAVni\",\"gender\":\"male\",\"tel\":\"17392255202\",\"comment\":\"\",\"email\":\"794295469@qq.com\",\"info\":\"2018-01\",\"userId\":\"8201801556\",\"status\":\"1\",\"type\":\"\",\"roleId\":\"0/\"}','2019-03-09 04:24:06','2019-03-09 10:27:20','9201701000'),(86,'8201901245','1','{\"qq\":\"3152190074\",\"birthday\":\"2005-02-15T16:00:00.000Z\",\"lastName\":\"黄\",\"firstName\":\"筱添\",\"password\":\"$2a$10$ptIzT1ivDhSDpG5V26ZxPe8lDot5PZoTEscNOpXK4Ylz2H.IVQBwW\",\"gender\":\"male\",\"tel\":\"17764879391\",\"comment\":\"\",\"email\":\"3152190074@qq.com\",\"info\":\"2019-01\",\"userId\":\"8201901245\",\"status\":\"1\",\"type\":\"\",\"roleId\":\"0/\"}','2019-03-09 09:03:13','2019-03-09 10:26:23','9201701000'),(90,'8201901320','1','{\"qq\":\"1733690645\",\"birthday\":\"1998-11-27T16:00:00.000Z\",\"lastName\":\"张\",\"firstName\":\"笑天\",\"password\":\"$2a$10$pM7/g4v1Xet3mCGGBAKxRuK33ornu0ENeyvZCkT2gje03.klimScC\",\"gender\":\"male\",\"tel\":\"13583878267\",\"comment\":\"\",\"email\":\"526822968@qq.com\",\"info\":\"2019-01\",\"userId\":\"8201901320\",\"status\":\"1\",\"type\":\"s/\",\"roleId\":\"0/5/\"}','2019-03-12 17:36:58','2019-03-15 02:02:37','9201701000'),(91,'8201901321','1','{\"qq\":\"1280588175\",\"birthday\":\"2007-12-17T16:00:00.000Z\",\"lastName\":\"谭\",\"firstName\":\"行知\",\"password\":\"$2a$10$S1HQG.3SB.mkMOfeTs0rKuQfL2T3oq6f4H0A2t1FnPEbx4BL4xvxW\",\"gender\":\"male\",\"tel\":\"15902861045\",\"comment\":\"\",\"email\":\"1280588175@qq.com\",\"info\":\"2019-01\",\"userId\":\"8201901321\",\"status\":\"1\",\"type\":\"s/\",\"roleId\":\"0/5/\"}','2019-03-15 13:41:31','2019-03-15 14:45:28','9201701000'),(92,'8201901311','1','{\"qq\":\"3058716681\",\"birthday\":\"1996-08-31T16:00:00.000Z\",\"lastName\":\"汪\",\"firstName\":\"彩荧\",\"password\":\"$2a$10$UK4p3MBqx/vqB07.9/V8G.j1su8aZIjzzTTrnKsk67ngNPlNqQUJi\",\"gender\":\"female\",\"tel\":\"18281711593\",\"comment\":\"\",\"email\":\"wangcy0901@hotmail.com\",\"info\":\"2019-01\",\"userId\":\"8201901311\",\"status\":\"1\",\"type\":\"pf/\",\"roleId\":\"0/6/\"}','2019-03-16 20:22:24','2019-03-16 20:25:40','9201701000'),(93,'8201901460','1','{\"qq\":\"932558231\",\"birthday\":\"2019-11-20T16:00:00.000Z\",\"lastName\":\"周\",\"firstName\":\"志羿\",\"password\":\"$2a$10$I6FCYQUI4XT301/NGA2jg.04oEBCxfMFkeQ.Ht7mg3EEtLPnV0KPm\",\"gender\":\"male\",\"tel\":\"18628200721\",\"comment\":\"\",\"email\":\"wen_yue_sheng@sina.com\",\"info\":\"2019-01\",\"userId\":\"8201901460\",\"status\":\"1\",\"type\":\"pf/\",\"roleId\":\"0/6/\"}','2019-03-17 22:21:41','2019-03-19 12:46:50','9201701000'),(94,'8201403969','1','{\"qq\":\"1018704864\",\"birthday\":\"\",\"lastName\":\"张\",\"firstName\":\"潘荣正\",\"password\":\"$2a$10$7V4HQM4T3dJYG2LXXyZ7F.G.cDi9UJP77OEiMNBzM53NWLbM67zRe\",\"gender\":\"male\",\"tel\":\"15828067617\",\"comment\":\"\",\"email\":\"sorrm_028@126.com\",\"info\":\"2014-03\",\"userId\":\"8201403969\",\"status\":\"1\",\"type\":\"pf/\",\"roleId\":\"0/6/\"}','2019-03-18 02:07:24','2019-03-19 12:47:01','9201701000'),(95,'8201901352','1','{\"qq\":\"1223917414\",\"birthday\":\"\",\"lastName\":\"阿邦\",\"firstName\":\"南美\",\"password\":\"$2a$10$svCbZGVVzZ8JnMLM6dU6EunPWUQQpxQ8DeFKtKstBy3bQrJWFU3AS\",\"gender\":\"male\",\"tel\":\"13522682646\",\"comment\":\"\",\"email\":\"yazhouguojituanjie@163.com\",\"info\":\"2019-01\",\"userId\":\"8201901352\",\"status\":\"1\",\"type\":\"pf/\",\"roleId\":\"0/6/\"}','2019-03-19 12:46:13','2019-03-19 12:47:10','9201701000'),(96,'8201901637','1','{\"qq\":\"1373018878\",\"birthday\":\"1982-12-01T16:00:00.000Z\",\"lastName\":\"许\",\"firstName\":\"世伟\",\"password\":\"$2a$10$mRPpVYxeEZ5rNKWZ1p1EHuGd4z4hxtWV/YVoqeLN0c8LmXApzWvWO\",\"gender\":\"male\",\"tel\":\"15881129904\",\"comment\":\"\",\"email\":\"xusway@qq.com\",\"info\":\"2019-01\",\"userId\":\"8201901637\",\"status\":\"1\",\"type\":\"pf/\",\"roleId\":\"0/6/\"}','2019-03-19 15:51:39','2019-03-19 18:44:18','9201701000'),(97,'8201901884','1','{\"qq\":\"2929497297\",\"birthday\":\"2002-02-27T16:00:00.000Z\",\"lastName\":\"钱\",\"firstName\":\"益诚\",\"password\":\"$2a$10$Z0Fee9BSVuRKdjaalzDynu4uzbAJJTbvIyxwUivxQluZXDLvLWjYm\",\"gender\":\"male\",\"tel\":\"13368838153\",\"comment\":\"\",\"email\":\"2929497297@qq.com\",\"info\":\"2019-01\",\"userId\":\"8201901884\",\"status\":\"1\",\"type\":\"s/\",\"roleId\":\"0/5/\"}','2019-03-19 18:43:56','2019-03-19 18:44:26','9201701000'),(98,'8201901614','1','{\"qq\":\"1107189458\",\"birthday\":\"1995-11-09T16:00:00.000Z\",\"lastName\":\"朱\",\"firstName\":\"姝\",\"password\":\"$2a$10$HYmHiGIZXbKgpqZhvKHkpOm4Ev5WEV9Z.Tx6nPWos8iiWw56takrK\",\"gender\":\"female\",\"tel\":\"18382224755\",\"comment\":\"\",\"email\":\"1107189458@qq.com\",\"info\":\"2019-01\",\"userId\":\"8201901614\",\"status\":\"1\",\"type\":\"pf/\",\"roleId\":\"0/6/\"}','2019-03-19 18:51:58','2019-03-19 19:03:16','9201701000');

/*Table structure for table `transcript` */

DROP TABLE IF EXISTS `transcript`;

CREATE TABLE `transcript` (
  `id` int(11) NOT NULL AUTO_INCREMENT COMMENT '编号',
  `student_id` varchar(20) NOT NULL COMMENT '学生ID',
  `crn` varchar(20) NOT NULL COMMENT '课程ID',
  `grade` varchar(20) NOT NULL COMMENT '成绩',
  `credit` double DEFAULT NULL,
  `complete` varchar(20) NOT NULL COMMENT '完成状态',
  `assign_time` varchar(20) NOT NULL COMMENT '时间',
  `operator_id` varchar(50) NOT NULL COMMENT '修改人',
  `info` varchar(255) NOT NULL DEFAULT '',
  `remark` text DEFAULT NULL,
  PRIMARY KEY (`id`),
  KEY `FKnvmw209jvvfrlikqijuqa3xxi` (`student_id`)
) ENGINE=InnoDB AUTO_INCREMENT=577 DEFAULT CHARSET=utf8;

/*Data for the table `transcript` */

insert  into `transcript`(`id`,`student_id`,`crn`,`grade`,`credit`,`complete`,`assign_time`,`operator_id`,`info`,`remark`) values (1,'9201602165','120180157','AB',1,'1','2018-08-03 16:45:59','9201701000','2018-01','该同学表现良好！'),(2,'9201502825','120180157','AB',1,'1','2018-08-03 16:46:03','9201701000','2018-01','该同学表现良好！'),(3,'9201603838','120180157','AB',1,'1','2018-08-03 16:46:07','9201701000','2018-01','该同学表现良好！'),(5,'9201502154','120180157','AB',0.5,'1','2018-08-03 16:46:11','9201701000','2018-01','该同学表现良好！'),(7,'9201702636','120180151','AB',2,'1','2018-08-03 16:45:14','9201701000','2018-01','该同学表现良好！'),(8,'9201502825','120180125','A',2,'1','2018-09-13 01:27:10','9201801590','2018-01',NULL),(9,'9201803113','120180125','P',2,'1','2018-09-13 01:27:47','9201801590','2018-01',NULL),(10,'9201602165','120180125','P',0,'1','2018-09-13 01:27:43','9201801590','2018-01',NULL),(11,'9201603838','120180125','P',0,'1','2018-09-13 01:27:38','9201801590','2018-01',NULL),(12,'9201601212','120180125','P',0,'1','2018-09-13 01:27:34','9201801590','2018-01',NULL),(13,'9201702636','120180150','P',2,'1','2018-09-13 02:06:56','9201701000','2018-01',NULL),(14,'9201502154','120180189','*',0,'0','2018-08-08 16:50:31','9201701000','2018-01',NULL),(15,'9201502825','120180189','*',0,'0','2018-08-08 16:50:46','9201701000','2018-01',NULL),(16,'9201702636','120180189','*',0,'0','2018-08-08 16:51:01','9201701000','2018-01',NULL),(17,'9201803113','120180189','*',0,'0','2018-08-08 16:51:13','9201701000','2018-01',NULL),(18,'9201602165','120180189','P',2,'1','2018-09-13 01:29:27','9201801590','2018-01',NULL),(19,'9201603838','120180195','P',2,'1','2018-08-15 23:44:22','9201701000','2018-01','完成'),(20,'9201801114','120180128','B+',2,'1','2018-09-04 16:59:21','9201701000','2018-01',NULL),(21,'9201801790','120180128','B+',2,'1','2018-09-04 16:59:35','9201701000','2018-01',NULL),(22,'9201801470','120180128','A',2,'1','2018-09-04 16:59:47','9201701000','2018-01',NULL),(23,'9201801417','120180195','P',2,'1','2018-09-13 01:29:21','9201801590','2018-01',NULL),(24,'9201801417','120180150','F',0,'-1','2018-09-13 02:08:46','9201701000','2018-01',NULL),(25,'9201801215','120180150','F',0,'-1','2018-09-13 02:08:53','9201701000','2018-01',NULL),(26,'9201801200','120180180','*',0,'0','2018-08-15 22:42:05','9201701000','2018-01',NULL),(27,'9201801423','120180180','*',0,'0','2018-08-15 22:42:25','9201701000','2018-01',NULL),(28,'9201801842','120180180','*',0,'0','2018-08-15 22:42:37','9201701000','2018-01',NULL),(29,'9201801215','120180168','P',2,'1','2018-08-16 11:05:48','9201701000','2018-01',NULL),(30,'9201801805','120180168','P',2,'1','2018-08-16 11:05:52','9201701000','2018-01',NULL),(31,'9201801969','120180168','P',1,'1','2018-08-16 11:05:58','9201701000','2018-01',NULL),(32,'9201801173','120180111','P',1,'1','2018-08-16 10:33:42','9201701000','2018-01',NULL),(33,'9201602165','120180111','P',1,'1','2018-08-16 10:59:43','9201701000','2018-01',NULL),(34,'9201502825','120180111','P',1,'1','2018-08-16 11:00:00','9201701000','2018-01',NULL),(35,'9201801470','120180111','P',1,'1','2018-08-16 10:59:52','9201701000','2018-01',NULL),(36,'9201801342','120180111','P',1,'1','2018-08-16 11:00:06','9201701000','2018-01',NULL),(37,'9201502154','120180111','P',1,'1','2018-08-16 11:00:13','9201701000','2018-01',NULL),(38,'9201601212','120180162','P',0,'1','2018-08-15 22:55:21','9201801826','2018-01',NULL),(39,'9201801471','120180162','P',0,'1','2018-08-15 22:55:29','9201801826','2018-01',NULL),(40,'9201603838','120180111','P',1,'1','2018-08-16 11:00:20','9201701000','2018-01',NULL),(41,'9201801789','120180111','P',1,'1','2018-08-16 11:00:26','9201701000','2018-01',NULL),(42,'9201801471','120180111','P',1,'1','2018-08-16 11:00:35','9201701000','2018-01',NULL),(43,'9201801119','120180189','P',2,'1','2018-09-13 01:29:33','9201801590','2018-01',NULL),(44,'9201801465','120180111','P',1,'1','2018-08-16 11:00:45','9201701000','2018-01',NULL),(45,'9201601212','120180111','P',1,'1','2018-08-16 11:00:53','9201701000','2018-01',NULL),(46,'9201702636','120180111','P',1,'1','2018-08-16 11:00:59','9201701000','2018-01',NULL),(47,'9201801916','120180111','P',1,'1','2018-08-16 11:01:05','9201701000','2018-01',NULL),(48,'9201801215','120180111','P',1,'1','2018-08-16 11:01:13','9201701000','2018-01',NULL),(49,'9201801259','120180189','P',2,'1','2018-09-13 01:29:40','9201801590','2018-01',NULL),(50,'9201801173','120180183','P',0.5,'1','2018-08-16 11:01:35','9201701000','2018-01',NULL),(51,'9201801846','120180189','P',0,'1','2018-09-13 01:29:44','9201801590','2018-01',NULL),(52,'9201602165','120180183','P',0.5,'1','2018-08-16 11:01:43','9201701000','2018-01',NULL),(53,'9201801470','120180183','P',0.5,'1','2018-08-16 11:01:50','9201701000','2018-01',NULL),(54,'9201801342','120180189','P',0,'1','2018-09-13 01:29:49','9201801590','2018-01',NULL),(55,'9201801342','120180183','P',0.5,'1','2018-08-16 11:01:57','9201701000','2018-01',NULL),(56,'9201801789','120180189','P',0,'1','2018-09-13 01:29:55','9201801590','2018-01',NULL),(57,'9201502154','120180183','P',0.5,'1','2018-08-16 11:02:06','9201701000','2018-01',NULL),(58,'9201801805','120180183','P',0.5,'1','2018-08-16 11:02:12','9201701000','2018-01',NULL),(59,'9201603838','120180183','P',0.5,'1','2018-08-16 11:02:21','9201701000','2018-01',NULL),(60,'9201801173','120180189','P',0,'1','2018-09-13 01:30:00','9201801590','2018-01',NULL),(61,'9201801465','120180189','P',0,'1','2018-09-13 01:30:05','9201801590','2018-01',NULL),(62,'9201801876','120180189','P',0,'1','2018-09-13 01:30:10','9201801590','2018-01',NULL),(63,'9201502825','120180120','A',1,'1','2018-08-18 17:37:23','9201801825','2018-01',NULL),(64,'9201502154','120180164','D',0,'1','2018-08-16 11:40:54','9201701000','2018-01',NULL),(65,'9201801790','120180120','D',1,'1','2018-08-18 17:39:18','9201801825','2018-01',NULL),(66,'9201502825','120180164','60',2,'1','2018-08-16 11:41:04','9201701000','2018-01',NULL),(67,'9201502154','120180120','D',1,'1','2018-08-18 17:39:05','9201801825','2018-01',NULL),(68,'9201801173','120180164','D',0,'1','2018-08-16 11:41:12','9201701000','2018-01',NULL),(69,'9201801114','120180120','B',1,'1','2018-08-18 17:39:37','9201801825','2018-01',NULL),(70,'9201801789','120180120','D',1,'1','2018-08-18 17:39:33','9201801825','2018-01',NULL),(71,'9201601212','120180120','A+',1,'1','2018-08-18 17:37:44','9201801825','2018-01',NULL),(72,'9201702636','120180120','A',1,'1','2018-08-18 17:38:03','9201801825','2018-01',NULL),(73,'9201801916','120180120','C',1,'1','2018-08-18 17:38:45','9201801825','2018-01',NULL),(74,'9201603838','120180164','60',2,'1','2018-08-16 11:41:21','9201701000','2018-01',NULL),(75,'9201801465','120180164','D',0,'1','2018-08-16 11:41:29','9201701000','2018-01',NULL),(76,'9201801805','120180164','D',0,'1','2018-08-16 11:41:35','9201701000','2018-01',NULL),(77,'9201602165','120180181','P',1,'1','2018-08-16 11:24:50','9201701000','2018-01',NULL),(78,'9201801805','120180181','P',1,'1','2018-08-16 11:24:58','9201701000','2018-01',NULL),(79,'9201603838','120180181','P',1,'1','2018-08-16 11:25:05','9201701000','2018-01',NULL),(80,'9201801471','120180181','P',1,'1','2018-08-16 11:25:11','9201701000','2018-01',NULL),(81,'9201601212','120180181','P',1,'1','2018-08-16 11:25:17','9201701000','2018-01',NULL),(82,'9201702636','120180181','P',0,'1','2018-08-16 11:25:23','9201701000','2018-01',NULL),(83,'9201801215','120180181','P',1,'1','2018-08-16 11:25:30','9201701000','2018-01',NULL),(84,'9201801790','120180143','P',1,'1','2018-09-13 01:28:20','9201801590','2018-01',NULL),(86,'9201801789','120180143','P',1,'1','2018-09-13 01:28:28','9201801590','2018-01',NULL),(87,'9201801465','120180143','A',1,'1','2018-09-13 01:28:34','9201801590','2018-01',NULL),(88,'9201801876','120180143','P',1,'1','2018-09-13 01:28:41','9201801590','2018-01',NULL),(89,'9201702636','120180143','P',1,'1','2018-09-13 01:28:47','9201801590','2018-01',NULL),(90,'9201801789','120180183','P',0.5,'1','2018-08-16 11:02:28','9201701000','2018-01',NULL),(91,'9201801465','120180183','P',0.5,'1','2018-08-16 11:02:35','9201701000','2018-01',NULL),(92,'9201801876','120180183','P',0.5,'1','2018-08-16 11:02:43','9201701000','2018-01',NULL),(93,'9201601212','120180183','P',0.5,'1','2018-08-16 11:02:52','9201701000','2018-01',NULL),(94,'9201702636','120180183','P',0.5,'1','2018-08-16 11:02:58','9201701000','2018-01',NULL),(95,'9201801846','120180183','P',0.5,'1','2018-08-16 11:03:04','9201701000','2018-01',NULL),(96,'9201803113','120180183','P',0.5,'1','2018-08-16 11:03:12','9201701000','2018-01',NULL),(97,'9201801916','120180183','P',0.5,'1','2018-08-16 11:03:19','9201701000','2018-01',NULL),(98,'9201801215','120180183','P',0.5,'1','2018-08-16 11:03:26','9201701000','2018-01',NULL),(99,'9201801173','120180139','B',1,'1','2018-08-15 23:39:00','9201701000','2018-01','日常出勤:B\n日常活跃:B\n期末成绩:B'),(100,'9201502154','120180139','B',1,'1','2018-08-15 23:39:08','9201701000','2018-01','日常出勤:B\n日常活跃:B\n期末成绩:B'),(101,'9201801805','120180139','B',1,'1','2018-08-15 23:39:16','9201701000','2018-01','日常出勤:B\n日常活跃:B\n期末成绩:B'),(102,'9201603838','120180139','D',0,'1','2018-08-15 23:39:28','9201701000','2018-01','日常出勤:D\n日常活跃:D\n期末成绩:D'),(103,'9201801119','120180139','D',0,'1','2018-08-15 23:39:37','9201701000','2018-01','日常出勤:D\n日常活跃:D\n期末成绩:D'),(104,'9201801465','120180139','P',2,'1','2018-09-13 02:11:04','9201701000','2018-01',NULL),(105,'9201801876','120180139','A',2,'1','2018-08-15 23:40:22','9201701000','2018-01','日常出勤:A\n日常活跃:A\n期末成绩:A'),(106,'9201801846','120180139','A',2,'1','2018-08-15 23:40:54','9201701000','2018-01','日常出勤:A\n日常活跃:A\n期末成绩:A'),(107,'9201803113','120180139','A',2,'1','2018-08-15 23:41:08','9201701000','2018-01','日常出勤:A\n日常活跃:A\n期末成绩:A'),(108,'9201801215','120180151','D',1,'1','2018-09-13 01:28:05','9201801590','2018-01',NULL),(109,'9201801417','120180151','D',1,'1','2018-09-13 01:28:13','9201801590','2018-01',NULL),(110,'9201603838','120180156','D',0,'1','2018-08-15 23:37:49','9201701000','2018-01','日常出勤:D\n日常活跃:D\n期末成绩:D'),(111,'9201801119','120180156','D',0,'1','2018-08-15 23:37:58','9201701000','2018-01','日常出勤:D\n日常活跃:D\n期末成绩:D'),(112,'9201801876','120180156','A',2,'1','2018-08-15 23:38:11','9201701000','2018-01','日常出勤:A\n日常活跃:A\n期末成绩:A'),(113,'9201801846','120180156','A',2,'1','2018-08-15 23:38:22','9201701000','2018-01','日常出勤:A\n日常活跃:A\n期末成绩:A'),(114,'9201801417','120180156','D',0,'1','2018-08-15 23:38:28','9201701000','2018-01','日常出勤:D\n日常活跃:D\n期末成绩:D'),(115,'9201801789','120180125','P',2,'1','2018-09-13 01:28:53','9201801590','2018-01',NULL),(116,'9201801916','120180125','P',1.5,'1','2018-09-13 01:29:01','9201801590','2018-01',NULL),(117,'9201801790','120180125','P',2,'1','2018-09-13 02:10:46','9201701000','2018-01',NULL),(118,'9201801470','120180125','P',2,'1','2018-09-13 02:10:53','9201701000','2018-01',NULL),(119,'9201801789','120180157','A',1,'1','2018-08-16 11:06:59','9201701000','2018-01',NULL),(120,'9201801790','120180167','B',2,'1','2018-09-04 17:00:13','9201701000','2018-01',NULL),(121,'9201801114','120180167','B+',0,'1','2018-09-04 17:00:23','9201701000','2018-01',NULL),(122,'9201801471','120180167','F',0,'-1','2018-09-04 17:00:46','9201701000','2018-01',NULL),(123,'9201801846','120180167','A-',0,'1','2018-09-04 17:01:15','9201701000','2018-01',NULL),(124,'9201502825','120180130','A',2,'1','2018-08-15 23:33:43','9201701000','2018-01','日常出勤:A\n日常活跃:B\n期末成绩:B'),(125,'9201801916','120180167','D',2,'1','2018-09-04 17:01:25','9201701000','2018-01',NULL),(126,'9201502154','120180130','A',2,'1','2018-08-15 23:33:55','9201701000','2018-01','日常出勤:A\n日常活跃:A\n期末成绩:A'),(127,'9201602165','120180130','A',2,'1','2018-08-15 23:34:16','9201701000','2018-01','日常出勤:A\n日常活跃:B\n期末成绩:B'),(128,'9201801119','120180130','C',0.5,'1','2018-08-15 23:34:29','9201701000','2018-01','日常出勤:C\n日常活跃:C\n期末成绩:C'),(129,'9201801114','120180130','A',2,'1','2018-08-15 23:34:42','9201701000','2018-01','日常出勤:A\n日常活跃:A\n期末成绩:A'),(130,'9201603838','120180130','A',2,'1','2018-08-15 23:36:10','9201701000','2018-01','日常出勤:A\n日常活跃:A\n期末成绩:B'),(131,'9201801173','120180130','B',1,'1','2018-08-15 23:36:06','9201701000','2018-01','日常出勤:B\n日常活跃:B\n期末成绩:B'),(132,'9201801342','120180130','A',2,'1','2018-08-15 23:35:32','9201701000','2018-01','日常出勤:A\n日常活跃:A\n期末成绩:A'),(133,'9201801465','120180130','A',2,'1','2018-08-15 23:35:46','9201701000','2018-01','日常出勤A\n日常活跃:A\n期末成绩:A'),(134,'9201801789','120180130','B',1,'1','2018-08-15 23:36:01','9201701000','2018-01','日常出勤:A\n日常活跃:B\n期末成绩:B'),(135,'9201801846','120180130','A',2,'1','2018-08-15 23:36:24','9201701000','2018-01','日常出勤:A\n日常活跃:B\n期末成绩:A'),(136,'9201801790','120180130','B',1,'1','2018-08-15 23:36:40','9201701000','2018-01','日常出勤:B\n日常活跃:B\n期末成绩:C'),(137,'9201803113','120180130','A',2,'1','2018-08-15 23:36:58','9201701000','2018-01','日常出勤:A\n日常活跃:A\n期末成绩:A'),(138,'9201502825','120180127','4',0,'1','2018-09-13 02:05:33','9201701000','2018-01',NULL),(139,'9201801114','120180127','P',2,'1','2018-09-13 02:10:07','9201701000','2018-01',NULL),(140,'9201603838','120180127','P',2,'1','2018-09-13 02:09:49','9201701000','2018-01',''),(141,'9201801215','120180127','P',2,'1','2018-09-13 02:10:17','9201701000','2018-01',NULL),(142,'9201801417','120180127','D',0,'1','2018-08-15 23:43:52','9201701000','2018-01','JAVA学习应该在下学期继续'),(143,'9201502154','120180192','C',0.5,'1','2018-08-15 23:29:15','9201701000','2018-01','日常出勤:C\n日常活跃:C\n期末成绩:C'),(144,'9201603838','120180192','D',0,'1','2018-08-15 23:29:40','9201701000','2018-01','日常出勤:D\n日常活跃:D\n期末成绩:D'),(145,'9201801119','120180192','D',0,'1','2018-08-15 23:29:53','9201701000','2018-01','日常出勤:D\n日常活跃:D\n期末成绩:D'),(146,'9201801471','120180192','D',0,'1','2018-08-15 23:30:15','9201701000','2018-01','日常出勤:D\n日常活跃:D\n期末成绩:D'),(147,'9201702636','120180192','B',1,'1','2018-08-15 23:30:37','9201701000','2018-01','日常出勤:B\n日常活跃:B\n期末成绩:B'),(148,'9201801846','120180192','A',2,'1','2018-08-15 23:30:51','9201701000','2018-01','日常出勤:A\n日常活跃:A\n期末成绩:A'),(149,'9201801916','120180192','D',0,'1','2018-08-15 23:31:04','9201701000','2018-01','日常出勤:D\n日常活跃:D\n期末成绩:D'),(150,'9201801173','120180129','P',1,'1','2018-08-15 23:51:38','9201701000','2018-01','跆拳道	0.5	运动综合	0.5\n'),(151,'9201502825','120180129','P',3,'1','2018-08-15 23:53:48','9201701000','2018-01','跆拳道	1	运动综合	1		助教	1\n虞晨煦作为运动综合课的助教，付出了一定的时间和努力，建议给于1学分。'),(152,'9201502154','120180129','P',1,'1','2018-08-15 23:54:57','9201701000','2018-01','跆拳道	0.5	运动综合 0.5'),(153,'9201801789','120180129','P',3.5,'1','2018-08-15 23:53:40','9201701000','2018-01','跆拳道	1	运动综合	1		助教	1.5\n朱润然做为本学期跆拳道助教，认真完成了本学期的助教工作，建议给1.5个学分'),(154,'9201801876','120180129','P',2,'1','2018-08-15 23:52:55','9201701000','2018-01','跆拳道	1	运动综合	1\n'),(155,'9201801846','120180129','P',2,'1','2018-08-15 23:53:25','9201701000','2018-01','跆拳道	1	运动综合	1\n'),(156,'9201803113','120180129','P',1,'1','2018-08-15 23:53:20','9201701000','2018-01','跆拳道	1	运动综合	1\n'),(157,'9201801876','120180192','A',2,'1','2018-08-15 23:32:34','9201701000','2018-01','日常出勤:A\n日常活跃:A\n期末成绩:A'),(158,'9201801471','120180127','A',3.6,'1','2018-08-15 23:43:28','9201701000','2018-01','			\n日期	分类	学习内容	确认学习时长（小时）\n2018/3/18	烘焙	熹熹在晓薇老师处学习做生日蛋糕	3\n2018/4/1	烘焙	熹熹在家里做奥利奥芝士冻蛋糕	3\n03/26～04/01	阅读	熹熹阅读《夏至未至》，其中三章	1.5\n03/26～04/01	阅读	熹熹阅读《乞力马扎罗的雪》	0.5\n03/26～04/01	钢琴	自己练琴，每天1小时	7\n			\n2018/4/7	烘焙	熹熹在家做蛋挞	2\n04/02～04/08	钢琴	自己练琴，只有一天	4\n04/02～04/08	阅读	熹熹阅读《乞力马扎罗的雪》	1\n04/02～04/08	阅读	熹熹阅读《夏至未至》，其中三章	1\n			\n2018/4/15	烘焙	熹熹在晓薇老师处学习做蛋糕卷	4\n2018/4/14	阅读	阅读《微微一笑很倾城》	1\n04/09～04/15	钢琴	每天练琴1小时（周五除外）。周五练琴2.5小时。	8.5\n			\n04/20～22	阅读	周五、周六、周日阅读《微微一笑很倾城》	2\n04/16～22	钢琴	周一至周五每天1小时，周六周日每天1.5小时	8\n			\n04/23~04/29	钢琴	每天练琴1小时	7\n04/30～05/06	钢琴	每天练琴1小时	7\n05/07～05/13	钢琴	每天练琴1小时	7\n			\n05/01~05/16	阅读	从头开始阅读《西游记》至第16回，每回约须30分钟	8\n五一假期	烘焙	制作冰激凌，约0.5小时	0.5\n			\n05/17~05/20	阅读	读到《西游记》第23回，每回约30分钟	3.5\n05/14～05/20	钢琴	每天练琴1小时	7\n			\n游学周	绘画	博美犬，彩铅	2\n游学周	绘画	仓鼠，未上色	1\n游学周	绘画	曲奇	0.5\n游学周	绘画	猫，根据书店里的书画的	2\n游学周	绘画	虎皮鹦鹉	2\n游学周	绘画	龙猫	2\n			\n05/21～05/27	烘焙	给舅舅做生日蛋糕	3.5\n05/21～05/27	钢琴	每天1小时	7\n			\n05/28~06/03	阅读	读到《西游记》34回，每回约30分钟	5.5\n05/28~06/03	钢琴	每天1小时	7\n			\n06/04~07/04	钢琴	自己练琴，每天1小时（除了去上海的五天外）	26\n06/04~07/05	阅读	最近在阅读《追风筝的人》	3\n2018/7/1	烹饪	在家煎可乐鸡翅	0.5\n			\n在培训机构学钢琴	钢琴	共11次，每次1小时	11\n在培训机构学拉丁舞	拉丁舞	共12次，每次1小时	12\n			\n		总计小时数	171.5\n		折合成自主学分	3.6 \n'),(159,'9201801790','120180137','P',0.5,'1','2018-08-15 23:48:52','9201701000','2018-01',NULL),(160,'9201502825','120180137','P',0,'1','2018-08-15 23:49:03','9201701000','2018-01',NULL),(161,'9201801114','120180137','P',0.5,'1','2018-08-15 23:49:15','9201701000','2018-01',NULL),(162,'9201801471','120180137','P',0.5,'1','2018-08-15 23:49:26','9201701000','2018-01',NULL),(163,'9201801916','120180137','P',0.5,'1','2018-08-15 23:49:34','9201701000','2018-01',NULL),(164,'9201801470','120180137','P',0.5,'1','2018-08-15 23:49:41','9201701000','2018-01',NULL),(165,'9201801846','120180137','P',1,'1','2018-08-15 23:50:21','9201701000','2018-01','作为语伴联络员，在语伴项目的前中后期都积极配合，主动上进，建议给于助教分0.5个学分\n在语伴项目上，认真地完成了任务，也对其他同学有良好的影响，得到了双校老师的认可，建议他获得 最佳语伴奖荣誉，获得500元人民币奖金。 '),(166,'9201801876','120180137','P',0.5,'1','2018-08-15 23:50:31','9201701000','2018-01',NULL),(167,'9201801549','120180120','C',1,'1','2018-08-18 18:27:41','9201801825','2018-01',NULL),(168,'9201801470','120180167','A',2,'1','2018-09-04 17:02:59','9201701000','2018-01',NULL),(169,'9201801549','120180167','D',2,'1','2018-09-04 17:03:09','9201701000','2018-01',NULL),(172,'9201801549','120180220','*',0,'1','2019-02-02 09:50:19','9201402713','2018-02',NULL),(173,'9201802436','120180220','*60',0,'1','2019-02-02 09:41:59','9201402713','2018-02',NULL),(175,'9201502825','120180266','A',0,'1','2019-02-01 01:10:20','9201801590','2018-02',NULL),(177,'9201603838','120180266','A',0,'1','2019-02-01 01:10:36','9201801590','2018-02',NULL),(178,'9201802152','120180266','A',0,'1','2019-02-01 01:11:09','9201801590','2018-02',NULL),(179,'9201801417','120180266','A',0,'1','2019-02-01 01:10:43','9201801590','2018-02',NULL),(180,'9201801423','120180266','A',0,'1','2019-02-01 01:10:53','9201801590','2018-02',NULL),(181,'9201802524','120180266','A',0,'1','2019-02-01 01:11:38','9201801590','2018-02',NULL),(183,'9201802938','120180266','A',0,'1','2019-02-01 01:11:44','9201801590','2018-02',NULL),(184,'9201802231','120180266','A',0,'1','2019-02-01 01:11:19','9201801590','2018-02',NULL),(186,'9201802112','120180271','*',0,'0','2018-09-13 01:20:09','9201701000','2018-02',NULL),(187,'9201802224','120180271','*',0,'0','2018-09-13 01:20:18','9201701000','2018-02',NULL),(188,'9201801200','120180297','*',0,'0','2018-09-13 01:21:31','9201701000','2018-02',NULL),(190,'9201602229','120180297','*',0,'0','2018-09-13 01:21:57','9201701000','2018-02',NULL),(191,'9201502154','120180261','*',0,'0','2018-09-13 01:23:56','9201701000','2018-02',NULL),(192,'9201801119','120180261','*',0,'0','2018-09-13 01:24:02','9201701000','2018-02',NULL),(193,'9201801240','120180261','*',0,'0','2018-09-13 01:24:24','9201701000','2018-02',NULL),(194,'9201801547','120180261','*',0,'0','2018-09-13 01:24:32','9201701000','2018-02',NULL),(195,'9201801259','120180261','*',0,'0','2018-09-13 01:24:38','9201701000','2018-02',NULL),(197,'9201803537','120180261','*',0,'0','2018-09-13 01:25:24','9201701000','2018-02',NULL),(198,'9201803113','120180261','*',0,'0','2018-09-13 01:25:45','9201701000','2018-02',NULL),(199,'9201802583','120180261','*',0,'0','2018-09-13 01:26:41','9201701000','2018-02',NULL),(200,'9201502825','120180212','A',2,'1','2019-01-27 23:33:09','9201801590','2018-02',NULL),(201,'9201502825','120180226','D',1,'1','2019-02-01 01:08:04','9201801590','2018-02',NULL),(202,'9201502825','120180258','A',2,'1','2019-02-01 01:09:22','9201801590','2018-02',NULL),(203,'9201502825','120180265','A',2,'1','2019-02-02 12:48:33','9201802622','2018-02','小虞，谢谢你在这门课上贡献的每一个智慧，分享的每一个故事。你的善意、你对更公平的世界的热忱让人印象深刻，它们都是很宝贵的、特别的东西，记得珍惜。'),(204,'9201502825','120180284','A',1,'1','2019-02-01 23:15:07','9201801825','2018-02',NULL),(205,'9201502825','120180289','A',2,'1','2019-02-01 01:11:56','9201801590','2018-02',NULL),(206,'9201802524','120180212','*',NULL,'0','2018-09-13 14:27:50','9201701000','2018-02',NULL),(207,'9201802524','120180245','b',1,'1','2019-02-02 22:03:31','9201502803','2018-02',NULL),(208,'9201802524','120180257','c',0,'-1','2019-02-02 22:06:05','9201502803','2018-02',NULL),(209,'9201802524','120180273','*50',0,'-1','2019-02-02 22:32:49','9201601559','2018-02',NULL),(210,'9201802524','120180225','*',NULL,'0','2018-09-13 14:27:50','9201701000','2018-02',NULL),(211,'9201603838','120180225','*',NULL,'0','2018-09-13 14:36:59','9201701000','2018-02',NULL),(212,'9201603838','120180241','*',NULL,'0','2018-09-13 14:36:59','9201701000','2018-02',NULL),(213,'9201603838','120180230','*',NULL,'0','2018-09-13 14:36:59','9201701000','2018-02',NULL),(214,'9201603838','120180273','*90',2,'0','2019-02-02 22:23:49','9201601559','2018-02','坚持每周参加日语学习，日语有较为明显的提高，但是还需呀更加努力哦！'),(215,'9201603838','120180289','F',0,'-1','2019-02-01 01:12:11','9201801590','2018-02',NULL),(216,'9201603838','120180283','C',1,'1','2019-02-01 23:01:40','9201801825','2018-02',NULL),(229,'9201803537','120180232','a',2,'1','2019-02-02 21:59:58','9201502803','2018-02',NULL),(230,'9201803537','120180257','a',2,'1','2019-02-02 22:06:19','9201502803','2018-02',NULL),(231,'9201803537','120180290','a',2,'1','2019-02-02 22:08:55','9201502803','2018-02',NULL),(232,'9201803537','120180283','F',0,'-1','2019-02-01 23:08:03','9201801825','2018-02',NULL),(233,'9201802583','120180225','*',NULL,'0','2018-09-14 13:05:41','9201701000','2018-02',NULL),(234,'9201802583','120180232','a',2,'1','2019-02-02 21:59:18','9201502803','2018-02',NULL),(235,'9201802583','120180257','a',2,'1','2019-02-02 22:06:55','9201502803','2018-02',NULL),(236,'9201802583','120180245','a',2,'1','2019-02-02 22:04:44','9201502803','2018-02',NULL),(237,'9201802583','120180290','b',1,'1','2019-02-02 22:08:40','9201502803','2018-02',NULL),(238,'9201802583','120180283','*B',2,'1','2019-02-01 23:07:39','9201801825','2018-02',NULL),(239,'9201502154','120180212','A',2,'1','2019-01-27 23:21:10','9201801590','2018-02',NULL),(240,'9201502154','120180226','C',2,'1','2019-02-01 01:07:54','9201801590','2018-02',NULL),(241,'9201502154','120180241','*',NULL,'0','2018-09-14 13:31:55','9201701000','2018-02',NULL),(242,'9201502154','120180284','B',2,'1','2019-02-01 23:14:46','9201801825','2018-02',''),(243,'9201502154','120180290','a',2,'1','2019-02-02 22:08:23','9201502803','2018-02',NULL),(244,'9201502154','120180225','*',NULL,'0','2018-09-14 13:31:55','9201701000','2018-02',NULL),(245,'9201802231','120180212','F',0,'-1','2019-02-01 01:07:35','9201801590','2018-02',NULL),(246,'9201802231','120180225','*',NULL,'0','2018-09-14 14:41:10','9201701000','2018-02',NULL),(247,'9201802231','120180230','*',NULL,'0','2018-09-14 14:41:10','9201701000','2018-02',NULL),(248,'9201802231','120180226','F',0,'-1','2019-02-01 01:09:09','9201801590','2018-02',NULL),(249,'9201802231','120180273','*50',0,'-1','2019-02-02 22:30:26','9201601559','2018-02',NULL),(250,'9201802231','120180258','F',0,'-1','2019-02-01 01:09:46','9201801590','2018-02',NULL),(251,'9201802224','120180232','b',1,'-1','2019-02-02 21:58:33','9201502803','2018-02',NULL),(252,'9201802224','120180226','D',1,'1','2019-02-01 01:09:00','9201801590','2018-02',NULL),(253,'9201802224','120180273','*60',1,'0','2019-02-02 22:28:34','9201601559','2018-02','安酱是有一定日语基础的，但是本学期课程并没有百分百完成有点可惜，想到开学的时候安酱说到想提高日语哦，所以希望踏踏实实的努力哦'),(254,'9201802224','120180290','a',2,'1','2019-02-02 22:09:28','9201502803','2018-02',NULL),(255,'9201802224','120180289','F',0,'-1','2019-02-01 01:12:52','9201801590','2018-02',NULL),(256,'9201802152','120180212','F',0,'-1','2019-02-01 01:07:28','9201801590','2018-02',NULL),(257,'9201802152','120180241','*',NULL,'0','2018-09-14 16:19:17','9201701000','2018-02',NULL),(258,'9201802152','120180265','*',0,'-1','2019-02-02 12:04:03','9201802622','2018-02',NULL),(259,'9201802152','120180284','F',0,'-1','2019-02-01 23:21:38','9201801825','2018-02',NULL),(260,'9201802152','120180283','C',1,'1','2019-02-01 23:05:12','9201801825','2018-02',NULL),(261,'9201802152','120180289','F',0,'-1','2019-02-01 01:12:43','9201801590','2018-02',NULL),(262,'9201801423','120180212','F',0,'-1','2019-02-01 01:06:51','9201801590','2018-02',NULL),(263,'9201801423','120180265','*',0,'-1','2019-02-02 12:04:15','9201802622','2018-02',NULL),(264,'9201801423','120180283','D',1,'1','2019-02-01 23:02:10','9201801825','2018-02',NULL),(265,'9201801423','120180284','B',1,'1','2019-02-01 23:17:10','9201801825','2018-02',NULL),(266,'9201801423','120180289','F',0,'-1','2019-02-01 01:12:19','9201801590','2018-02',NULL),(267,'9201801423','120180241','*',NULL,'0','2018-09-14 16:20:55','9201701000','2018-02',NULL),(268,'9201802938','120180221','*',0,'-1','2019-02-01 20:38:57','9201301743','2018-02','出勤不够'),(269,'9201802938','120180226','*',NULL,'0','2018-09-14 18:57:23','9201701000','2018-02',NULL),(270,'9201802938','120180258','D',1,'1','2019-02-01 01:09:54','9201801590','2018-02',NULL),(271,'9201802938','120180273','*50',0,'-1','2019-02-02 22:30:56','9201601559','2018-02',NULL),(272,'9201802938','120180289','F',0,'-1','2019-02-01 01:13:00','9201801590','2018-02',NULL),(279,'9201801549','120180212','F',0,'-1','2019-02-01 01:06:59','9201801590','2018-02',NULL),(280,'9201801549','120180225','*',NULL,'0','2018-09-15 10:59:04','9201701000','2018-02',NULL),(281,'9201801549','120180241','*',NULL,'0','2018-09-15 10:59:04','9201701000','2018-02',NULL),(282,'9201801549','120180226','A',2,'1','2019-02-01 01:08:38','9201801590','2018-02',NULL),(283,'9201801549','120180273','*90',2,'0','2019-02-02 22:26:22','9201601559','2018-02','许同学在一个学期的日语学习中比较认真，虽然属于比较腼腆的猫系男子 但课堂上回答问题还是比较积极的呢。印象比较深刻的是作业完成认真，点赞哦。'),(284,'9201801549','120180284','B',1,'1','2019-02-01 23:17:33','9201801825','2018-02',NULL),(292,'9201603838','120180245','b',1,'1','2019-02-02 22:01:26','9201502803','2018-02',NULL),(293,'9201603838','120180265','A',2,'1','2019-02-02 12:48:52','9201802622','2018-02','永泰，你有非常强的逻辑思考能力，常常把问题分析地很透彻、精练！谢谢你在课堂上贡献你的智慧，启发所有人。'),(294,'9201801417','120180212','F',0,'-1','2019-02-01 01:06:44','9201801590','2018-02',NULL),(295,'9201801417','120180221','*',0,'-1','2019-02-01 20:36:49','9201301743','2018-02','出勤不够'),(296,'9201801417','120180226','D',1,'1','2019-02-01 01:08:31','9201801590','2018-02',NULL),(297,'9201801417','120180241','*',NULL,'0','2018-09-15 14:30:25','9201701000','2018-02',NULL),(298,'9201801417','120180246','F',0,'-1','2019-01-31 20:22:10','9201501154','2018-02','只出现过几次，后来课程未再出现。'),(299,'9201801417','120180258','D',1,'1','2019-02-01 01:09:38','9201801590','2018-02',NULL),(300,'9201801417','120180265','B',1,'1','2019-02-02 22:43:20','9201802622','2018-02','嘉和，你在未来学校这门课中贡献了深刻的观点，常常对课堂有新的启发。你有非常棒的独立思考精神，不盲从，而是有自己的分析判断。希望你可以继续保持独立思考的习惯，因为这是无比珍贵的。期待有更多机会听到你分享你的思考。之所以没有得到2个学分是因为你的出勤率没有达到2个学分的时间要求，以后请更多地参与课堂。'),(301,'9201802583','120180241','*',0,'0','2018-09-15 14:42:36','9201701000','2018-02',NULL),(302,'9201802583','120180284','F',0,'-1','2019-02-01 23:22:24','9201801825','2018-02',NULL),(303,'9201802583','120180236','F',0,'1','2019-01-31 20:21:01','9201501154','2018-02','课堂上很能发表自己的想法，但离阅读文本本身有距离。\n期末未提交最终的阅读推荐报告。'),(304,'9201802583','120180230','*',0,'0','2018-09-15 14:44:21','9201701000','2018-02',NULL),(305,'9201802583','120180246','C',0,'1','2019-01-31 20:29:55','9201501154','2018-02',''),(306,'9201802583','120180221','*',2,'1','2019-02-01 20:37:41','9201301743','2018-02',NULL),(307,'9201801417','120180284','C',1,'1','2019-02-01 23:16:25','9201801825','2018-02',NULL),(308,'9201802583','120180212','*',0,'0','2018-09-15 14:49:39','9201701000','2018-02',NULL),(315,'9201502154','120180245','a',2,'1','2019-02-02 22:00:31','9201502803','2018-02',NULL),(316,'9201801240','120180258','F',0,'-1','2019-02-01 01:09:29','9201801590','2018-02',NULL),(317,'9201801240','120180245','c',0,'-1','2019-02-02 22:02:45','9201502803','2018-02',NULL),(318,'9201801240','120180241','*',NULL,'0','2018-09-15 17:43:05','9201701000','2018-02',NULL),(319,'9201801240','120180226','F',0,'-1','2019-02-01 01:08:19','9201801590','2018-02',NULL),(320,'9201801240','120180232','c',0,'-1','2019-02-02 21:57:41','9201502803','2018-02',NULL),(321,'9201803113','120180221','*',2,'1','2019-02-01 20:37:54','9201301743','2018-02',NULL),(322,'9201803113','120180225','*',NULL,'0','2018-09-15 20:53:32','9201701000','2018-02',NULL),(323,'9201803113','120180230','*',NULL,'0','2018-09-15 20:53:32','9201701000','2018-02',NULL),(324,'9201803113','120180232','b',2,'1','2019-02-02 21:59:39','9201502803','2018-02',NULL),(325,'9201803113','120180241','*',NULL,'0','2018-09-15 20:53:32','9201701000','2018-02',NULL),(326,'9201803113','120180245','a',2,'1','2019-02-02 22:03:51','9201502803','2018-02',NULL),(327,'9201803113','120180246','C',2,'1','2019-01-31 20:31:42','9201501154','2018-02',NULL),(328,'9201803113','120180257','a',2,'1','2019-02-02 22:06:39','9201502803','2018-02',NULL),(329,'9201803113','120180284','D',1,'1','2019-02-01 23:23:56','9201801825','2018-02',NULL),(330,'9201803113','120180290','a',2,'1','2019-02-02 22:09:11','9201502803','2018-02',NULL),(331,'9201802436','120180246','F',0,'-1','2019-01-31 20:23:34','9201501154','2018-02','后半课程一直未参与。'),(337,'9201801119','120180257','b',1,'1','2019-02-02 22:05:26','9201502803','2018-02',NULL),(338,'9201801119','120180232','b',1,'-1','2019-02-02 21:56:11','9201502803','2018-02',NULL),(339,'9201801119','120180245','c',0,'-1','2019-02-02 22:02:25','9201502803','2018-02',NULL),(340,'9201801119','120180290','b',1,'1','2019-02-02 22:09:48','9201502803','2018-02',NULL),(342,'9201803113','120180265','A-',2,'1','2019-02-02 22:44:05','9201802622','2018-02','子睿，你有很棒的怀疑精神，常常能看够看到一件事情的不同角度，有不同的理解。这往往可以启发到其他人去看到事物不同的地方。这是弥足珍贵的。谢谢你在课堂上贡献的智慧！得到A-是因为出勤率稍低，以后期待你更多地参与课堂。'),(345,'9201801876','120180271','*',0,'0','2018-09-18 00:26:18','9201701000','2018-02',NULL),(346,'9201801876','120180221','*',2,'1','2019-02-01 20:37:30','9201301743','2018-02',NULL),(347,'9201801876','120180232','a',2,'1','2019-02-02 21:58:06','9201502803','2018-02',NULL),(348,'9201801876','120180245','a',2,'1','2019-02-02 22:03:04','9201502803','2018-02',NULL),(349,'9201801876','120180246','C',2,'1','2019-01-31 20:25:27','9201501154','2018-02','出勤踊跃，发言积极，有自己的思考。'),(350,'9201801876','120180257','a',2,'1','2019-02-02 22:07:15','9201502803','2018-02',NULL),(351,'9201801876','120180283','C',2,'1','2019-02-01 23:05:21','9201801825','2018-02',NULL),(352,'9201801876','120180284','C',1,'1','2019-02-01 23:20:30','9201801825','2018-02',NULL),(353,'9201802500','120180220','*70',0,'1','2019-02-02 09:42:04','9201402713','2018-02',NULL),(354,'9201802500','120180232','c',0,'-1','2019-02-02 21:58:57','9201502803','2018-02',NULL),(355,'9201803703','120180261','*',0,'0','2018-09-20 14:19:50','9201701000','2018-02',NULL),(356,'9201803703','120180284','F',0,'-1','2019-02-01 23:24:12','9201801825','2018-02',NULL),(357,'9201801789','120180266','A',0,'1','2019-02-01 01:11:02','9201801590','2018-02',NULL),(358,'9201801789','120180212','A',2,'1','2019-02-01 01:07:10','9201801590','2018-02',NULL),(359,'9201801789','120180265','*',0,'-1','2019-02-02 12:03:43','9201802622','2018-02',NULL),(360,'9201801789','120180289','F',0,'-1','2019-02-01 01:12:34','9201801590','2018-02',NULL),(361,'9201801789','120180283','C',1,'1','2019-02-01 23:02:33','9201801825','2018-02',NULL),(362,'9201801789','120180284','B+',2,'1','2019-02-01 23:19:55','9201801825','2018-02',NULL),(363,'9201801789','120180226','D',1,'1','2019-02-01 01:08:46','9201801590','2018-02',NULL),(364,'9201801471','120180264','*',0,'0','2018-09-23 23:22:19','9201701000','2018-02',NULL),(365,'9201801471','120180221','*',2,'1','2019-02-01 20:37:12','9201301743','2018-02',NULL),(366,'9201801471','120180241','*',0,'0','2018-09-23 23:22:19','9201701000','2018-02',NULL),(367,'9201801471','120180289','F',0,'-1','2019-02-01 01:12:27','9201801590','2018-02',NULL),(368,'9201801471','120180265','B+',2,'1','2019-02-02 12:49:20','9201802622','2018-02','熹熹，你的出勤率保持得不错！继续保持哦~ 我期待未来可以听到更多你的观点和故事。'),(369,'9201801471','120180257','c',0,'-1','2019-02-02 22:05:47','9201502803','2018-02',NULL),(370,'9201602165','120180266','A',0,'1','2019-02-01 01:10:29','9201801590','2018-02',NULL),(371,'9201602165','120180212','A',2,'1','2019-02-01 01:06:34','9201801590','2018-02',NULL),(372,'9201602165','120180226','F',0,'-1','2019-02-01 01:08:13','9201801590','2018-02',NULL),(373,'9201602165','120180289','F',0,'-1','2019-02-01 01:12:03','9201801590','2018-02',NULL),(374,'9201602165','120180225','*',0,'0','2018-09-23 23:23:10','9201701000','2018-02',NULL),(375,'9201602165','120180265','B',1,'1','2019-02-02 12:48:39','9201802622','2018-02',NULL),(376,'9201602165','120180283','F',0,'-1','2019-02-01 22:27:58','9201801825','2018-02',NULL),(377,'9201801916','120180297','*',0,'0','2018-09-23 23:23:57','9201701000','2018-02',NULL),(378,'9201801916','120180212','A',2,'1','2019-02-01 01:07:20','9201801590','2018-02',NULL),(379,'9201801916','120180225','*',0,'0','2018-09-23 23:23:57','9201701000','2018-02',NULL),(380,'9201801916','120180226','F',0,'-1','2019-02-01 01:08:53','9201801590','2018-02',NULL),(381,'9201801916','120180230','*',0,'0','2018-09-23 23:23:57','9201701000','2018-02',NULL),(382,'9201801916','120180241','*',0,'0','2018-09-23 23:23:57','9201701000','2018-02',NULL),(383,'9201801916','120180284','F',0,'-1','2019-02-01 23:21:19','9201801825','2018-02',NULL),(384,'9201801916','120180283','F',0,'-1','2019-02-01 23:04:47','9201801825','2018-02',NULL),(385,'9201803777','120180244','*',0,'0','2018-09-23 23:27:35','9201701000','2018-02',NULL),(386,'9201803777','120180226','A',2,'1','2019-02-01 20:18:35','9201701000','2018-02',NULL),(387,'9201802436','120180211','*60',2,'1','2019-02-02 09:37:25','9201402713','2018-02',NULL),(388,'9201802938','120180211','*0',0,'-1','2019-02-02 09:42:33','9201402713','2018-02',NULL),(389,'9201802224','120180211','*0',0,'-1','2019-02-02 09:42:41','9201402713','2018-02',NULL),(390,'9201803777','120180211','*0',0,'-1','2019-02-02 09:42:26','9201402713','2018-02',NULL),(391,'9201801916','120180215','*',0,'0','2018-09-23 23:32:00','9201701000','2018-02',NULL),(392,'9201802231','120180215','*',0,'0','2018-09-23 23:32:10','9201701000','2018-02',NULL),(393,'9201802683','120180241','*',0,'0','2018-10-10 14:22:50','9201701000','2018-02',NULL),(394,'9201802683','120180245','b',2,'1','2019-02-02 22:04:24','9201502803','2018-02',NULL),(395,'9201502154','120180283','C',1,'1','2019-02-01 23:25:47','9201801825','2018-02',NULL),(396,'9201801734','120180283','B',1,'1','2019-02-01 23:26:12','9201801825','2018-02',NULL),(397,'9201802583','120180265','A',2,'1','2019-02-02 22:56:38','9201802622','2018-02','梓宸，谢谢你在课堂上贡献你的智慧！你擅于独立思考、有主见、充满好奇与热情，我想这些都在带领你看到一个更大的世界，发现更好的自己。加油！'),(398,'9201502825','120190122','*',0,'0','2019-03-15 10:17:21','9201701000','2019-01',NULL),(399,'9201502825','120190164','*',0,'0','2019-03-15 10:17:21','9201701000','2019-01',NULL),(400,'9201502825','120190128','*',0,'0','2019-03-15 10:17:22','9201701000','2019-01',NULL),(401,'9201502825','120190174','*',0,'0','2019-03-15 10:17:22','9201701000','2019-01',NULL),(402,'9201502825','120190183','*',0,'0','2019-03-15 10:17:22','9201701000','2019-01',NULL),(403,'9201502825','120190188','*',0,'0','2019-03-15 10:17:22','9201701000','2019-01',NULL),(412,'9201802683','120190128','*',0,'0','2019-03-15 15:04:35','9201701000','2019-01',NULL),(413,'9201802683','120190132','*',0,'0','2019-03-15 15:04:36','9201701000','2019-01',NULL),(414,'9201802683','120190169','*',0,'0','2019-03-15 15:04:36','9201701000','2019-01',NULL),(415,'9201802683','120190188','*',0,'0','2019-03-15 15:04:36','9201701000','2019-01',NULL),(416,'9201801876','120190120','*',0,'0','2019-03-15 21:01:40','9201701000','2019-01',NULL),(417,'9201801876','120190128','*',0,'0','2019-03-15 21:01:40','9201701000','2019-01',NULL),(418,'9201801876','120190129','*',0,'0','2019-03-15 21:01:40','9201701000','2019-01',NULL),(419,'9201801876','120190132','*',0,'0','2019-03-15 21:01:40','9201701000','2019-01',NULL),(420,'9201801876','120190176','*',0,'0','2019-03-15 21:01:40','9201701000','2019-01',NULL),(421,'9201801876','120190151','*',0,'0','2019-03-15 21:01:40','9201701000','2019-01',NULL),(422,'9201801876','120190188','*',0,'0','2019-03-15 21:01:40','9201701000','2019-01',NULL),(423,'9201801876','120190183','*',0,'0','2019-03-15 21:01:40','9201701000','2019-01',NULL),(424,'9201802224','120190120','*',0,'0','2019-03-16 20:44:29','9201701000','2019-01',NULL),(425,'9201802224','120190122','*',0,'0','2019-03-16 20:44:29','9201701000','2019-01',NULL),(426,'9201802224','120190128','*',0,'0','2019-03-16 20:44:29','9201701000','2019-01',NULL),(427,'9201802224','120190164','*',0,'0','2019-03-16 20:44:29','9201701000','2019-01',NULL),(428,'9201802224','120190132','*',0,'0','2019-03-16 20:44:29','9201701000','2019-01',NULL),(429,'9201802224','120190151','*',0,'0','2019-03-16 20:44:29','9201701000','2019-01',NULL),(430,'9201802224','120190174','*',0,'0','2019-03-16 20:44:29','9201701000','2019-01',NULL),(431,'9201802224','120190176','*',0,'0','2019-03-16 20:44:29','9201701000','2019-01',NULL),(432,'9201802224','120190179','*',0,'0','2019-03-16 20:44:29','9201701000','2019-01',NULL),(433,'9201802224','120190188','*',0,'0','2019-03-16 20:44:29','9201701000','2019-01',NULL),(440,'9201801692','120190169','*',0,'0','2019-03-17 14:26:31','9201701000','2019-01',NULL),(441,'9201801692','120190179','*',0,'0','2019-03-17 14:26:31','9201701000','2019-01',NULL),(442,'9201801692','120190188','*',0,'0','2019-03-17 14:26:31','9201701000','2019-01',NULL),(453,'9201802152','120190128','*',0,'0','2019-03-17 14:42:28','9201701000','2019-01',NULL),(454,'9201802152','120190169','*',0,'0','2019-03-17 14:42:28','9201701000','2019-01',NULL),(455,'9201802152','120190183','*',0,'0','2019-03-17 14:42:28','9201701000','2019-01',NULL),(456,'9201802152','120190129','*',0,'0','2019-03-17 14:42:28','9201701000','2019-01',NULL),(457,'9201802152','120190188','*',0,'0','2019-03-17 14:42:28','9201701000','2019-01',NULL),(458,'9201801417','120190128','*',0,'0','2019-03-17 14:46:45','9201701000','2019-01',NULL),(459,'9201801417','120190174','*',0,'0','2019-03-17 14:46:45','9201701000','2019-01',NULL),(460,'9201801417','120190183','*',0,'0','2019-03-17 14:46:45','9201701000','2019-01',NULL),(461,'9201801417','120190185','*',0,'0','2019-03-17 14:46:45','9201701000','2019-01',NULL),(462,'9201801417','120190188','*',0,'0','2019-03-17 14:46:45','9201701000','2019-01',NULL),(463,'9201801119','120190120','*',0,'0','2019-03-17 15:44:42','9201701000','2019-01',NULL),(464,'9201801119','120190132','*',0,'0','2019-03-17 15:44:42','9201701000','2019-01',NULL),(465,'9201801119','120190151','*',0,'0','2019-03-17 15:44:42','9201701000','2019-01',NULL),(466,'9201801119','120190179','*',0,'0','2019-03-17 15:44:42','9201701000','2019-01',NULL),(467,'9201802938','120190120','*',0,'0','2019-03-17 15:45:00','9201701000','2019-01',NULL),(468,'9201802938','120190174','*',0,'0','2019-03-17 15:45:00','9201701000','2019-01',NULL),(469,'9201802938','120190188','*',0,'0','2019-03-17 15:45:00','9201701000','2019-01',NULL),(470,'9201802938','120190185','*',0,'0','2019-03-17 15:45:00','9201701000','2019-01',NULL),(471,'9201802938','120190176','*',0,'0','2019-03-17 15:45:00','9201701000','2019-01',NULL),(472,'9201801789','120190169','*',0,'0','2019-03-17 16:05:54','9201701000','2019-01',NULL),(473,'9201801789','120190188','*',0,'0','2019-03-17 16:05:54','9201701000','2019-01',NULL),(474,'9201801789','120190159','*',0,'0','2019-03-17 16:05:54','9201701000','2019-01',NULL),(475,'9201801789','120190183','*',0,'0','2019-03-17 16:05:54','9201701000','2019-01',NULL),(476,'9201801789','120190179','*',0,'0','2019-03-17 16:05:54','9201701000','2019-01',NULL),(484,'9201803777','120190125','*',0,'0','2019-03-17 16:09:35','9201701000','2019-01',NULL),(485,'9201803777','120190176','*',0,'0','2019-03-17 16:09:35','9201701000','2019-01',NULL),(486,'9201803777','120190169','*',0,'0','2019-03-17 16:09:35','9201701000','2019-01',NULL),(487,'9201803777','120190185','*',0,'0','2019-03-17 16:09:35','9201701000','2019-01',NULL),(488,'9201803777','120190183','*',0,'0','2019-03-17 16:09:35','9201701000','2019-01',NULL),(489,'9201803777','120190179','*',0,'0','2019-03-17 16:09:35','9201701000','2019-01',NULL),(490,'9201802500','120190169','*',0,'0','2019-03-17 16:11:34','9201701000','2019-01',NULL),(491,'9201802500','120190183','*',0,'0','2019-03-17 16:11:34','9201701000','2019-01',NULL),(492,'9201802500','120190188','*',0,'0','2019-03-17 16:11:34','9201701000','2019-01',NULL),(493,'9201802500','120190120','*',0,'0','2019-03-17 16:11:34','9201701000','2019-01',NULL),(494,'9201802500','120190159','*',0,'0','2019-03-17 16:11:34','9201701000','2019-01',NULL),(495,'9201502154','120190128','*',0,'0','2019-03-17 16:16:21','9201701000','2019-01',NULL),(496,'9201502154','120190132','*',0,'0','2019-03-17 16:16:21','9201701000','2019-01',NULL),(497,'9201502154','120190151','*',0,'0','2019-03-17 16:16:21','9201701000','2019-01',NULL),(498,'9201502154','120190179','*',0,'0','2019-03-17 16:16:21','9201701000','2019-01',NULL),(499,'9201502154','120190174','*',0,'0','2019-03-17 16:16:21','9201701000','2019-01',NULL),(500,'9201502154','120190169','*',0,'0','2019-03-17 16:16:21','9201701000','2019-01',NULL),(501,'9201502154','120190188','*',0,'0','2019-03-17 16:16:21','9201701000','2019-01',NULL),(502,'9201502154','120190183','*',0,'0','2019-03-17 16:16:21','9201701000','2019-01',NULL),(509,'9201802524','120190169','*',0,'0','2019-03-17 16:23:51','9201701000','2019-01',NULL),(510,'9201802524','120190176','*',0,'0','2019-03-17 16:23:51','9201701000','2019-01',NULL),(511,'9201802524','120190183','*',0,'0','2019-03-17 16:23:52','9201701000','2019-01',NULL),(512,'9201802524','120190188','*',0,'0','2019-03-17 16:23:52','9201701000','2019-01',NULL),(513,'9201802524','120190128','*',0,'0','2019-03-17 16:23:52','9201701000','2019-01',NULL),(514,'9201802524','120190151','*',0,'0','2019-03-17 16:23:52','9201701000','2019-01',NULL),(515,'9201801215','120190169','*',0,'0','2019-03-17 16:43:16','9201701000','2019-01',NULL),(516,'9201801215','120190120','*',0,'0','2019-03-17 16:43:16','9201701000','2019-01',NULL),(517,'9201801215','120190128','*',0,'0','2019-03-17 16:43:16','9201701000','2019-01',NULL),(518,'9201801215','120190151','*',0,'0','2019-03-17 16:43:16','9201701000','2019-01',NULL),(519,'9201801215','120190159','*',0,'0','2019-03-17 16:43:16','9201701000','2019-01',NULL),(520,'9201801215','120190188','*',0,'0','2019-03-17 16:43:16','9201701000','2019-01',NULL),(521,'9201801215','120190183','*',0,'0','2019-03-17 16:43:16','9201701000','2019-01',NULL),(522,'9201801215','120190179','*',0,'0','2019-03-17 16:43:16','9201701000','2019-01',NULL),(543,'9201801916','120190120','*',0,'0','2019-03-17 21:49:58','9201701000','2019-01',NULL),(544,'9201801916','120190125','*',0,'0','2019-03-17 21:49:58','9201701000','2019-01',NULL),(545,'9201801916','120190128','*',0,'0','2019-03-17 21:49:58','9201701000','2019-01',NULL),(546,'9201801916','120190138','*',0,'0','2019-03-17 21:49:58','9201701000','2019-01',NULL),(547,'9201801916','120190159','*',0,'0','2019-03-17 21:49:58','9201701000','2019-01',NULL),(548,'9201801916','120190164','*',0,'0','2019-03-17 21:49:58','9201701000','2019-01',NULL),(549,'9201801916','120190129','*',0,'0','2019-03-17 21:49:58','9201701000','2019-01',NULL),(550,'9201801916','120190183','*',0,'0','2019-03-17 21:49:58','9201701000','2019-01',NULL),(551,'9201801916','120190185','*',0,'0','2019-03-17 21:49:58','9201701000','2019-01',NULL),(552,'9201801916','120190188','*',0,'0','2019-03-17 21:49:58','9201701000','2019-01',NULL),(555,'9201901548','120190169','*',0,'0','2019-03-18 13:49:12','9201701000','2019-01',NULL),(556,'9201901548','120190183','*',0,'0','2019-03-18 13:49:12','9201701000','2019-01',NULL),(557,'9201801240','120190128','*',0,'0','2019-03-18 22:51:14','9201701000','2019-01',NULL),(558,'9201801240','120190183','*',0,'0','2019-03-18 22:51:14','9201701000','2019-01',NULL),(559,'9201802583','120190120','*',0,'0','2019-03-27 23:01:37','9201701000','2019-01',NULL),(560,'9201802583','120190125','*',0,'0','2019-03-27 23:01:37','9201701000','2019-01',NULL),(561,'9201802583','120190128','*',0,'0','2019-03-27 23:01:38','9201701000','2019-01',NULL),(562,'9201802583','120190129','*',0,'0','2019-03-27 23:01:38','9201701000','2019-01',NULL),(563,'9201802583','120190132','*',0,'0','2019-03-27 23:01:39','9201701000','2019-01',NULL),(564,'9201802583','120190138','*',0,'0','2019-03-27 23:01:39','9201701000','2019-01',NULL),(565,'9201802583','120190151','*',0,'0','2019-03-27 23:01:40','9201701000','2019-01',NULL),(566,'9201802583','120190179','*',0,'0','2019-03-27 23:01:40','9201701000','2019-01',NULL),(567,'9201802583','120190169','*',0,'0','2019-03-27 23:01:40','9201701000','2019-01',NULL),(568,'9201802583','120190159','*',0,'0','2019-03-27 23:01:41','9201701000','2019-01',NULL),(569,'9201802583','120190183','*',0,'0','2019-03-27 23:01:41','9201701000','2019-01',NULL),(570,'9201802583','120190185','*',0,'0','2019-03-27 23:01:42','9201701000','2019-01',NULL),(571,'9201802583','120190184','*',0,'0','2019-03-27 23:01:42','9201701000','2019-01',NULL),(572,'9201802583','120190188','*',0,'0','2019-03-27 23:01:42','9201701000','2019-01',NULL),(573,'9201803537','120190151','*',0,'0','2019-03-27 23:02:55','9201701000','2019-01',NULL),(574,'9201803537','120190132','*',0,'0','2019-03-27 23:02:55','9201701000','2019-01',NULL),(575,'9201803537','120190179','*',0,'0','2019-03-27 23:02:55','9201701000','2019-01',NULL),(576,'9201803537','120190120','*',0,'0','2019-03-27 23:02:56','9201701000','2019-01',NULL);

/* Function  structure for function  `get_complete_credits` */

/*!50003 DROP FUNCTION IF EXISTS `get_complete_credits` */;
DELIMITER $$

/*!50003 CREATE DEFINER=`root`@`%` FUNCTION `get_complete_credits`(sid varchar(100)) RETURNS int(11)
BEGIN
	DECLARE credits DOUBLE DEFAULT 0.0;
	DECLARE counts INT DEFAULT 0;
	
	SELECT COUNT(*) INTO counts FROM transcriptview t WHERE t.student_id = sid;
	
	if counts > 0 then
		SELECT SUM(t.credit) INTO credits FROM transcriptview t WHERE t.student_id = sid;
	end if;	
	
	RETURN credits;
END */$$
DELIMITER ;

/* Function  structure for function  `get_contract_status` */

/*!50003 DROP FUNCTION IF EXISTS `get_contract_status` */;
DELIMITER $$

/*!50003 CREATE DEFINER=`root`@`%` FUNCTION `get_contract_status`(contract_id VARCHAR(100)) RETURNS int(11)
BEGIN
	DECLARE enddate VARCHAR(100);
	DECLARE startdate VARCHAR(100);
	DECLARE status INT(11);
	
	SELECT c.expire_date, c.init_date INTO enddate, startdate FROM contract c WHERE c.contract_id = contract_id;
	
	IF UNIX_TIMESTAMP(NOW())>= UNIX_TIMESTAMP(enddate) THEN
		SET status = -1;
	elseIF UNIX_TIMESTAMP(NOW())>= UNIX_TIMESTAMP(startdate) THEN
		set status = 0;
	ELSE
		SET status = 1;
	END IF;
	
	RETURN status ;
    END */$$
DELIMITER ;

/* Function  structure for function  `get_course_date` */

/*!50003 DROP FUNCTION IF EXISTS `get_course_date` */;
DELIMITER $$

/*!50003 CREATE DEFINER=`root`@`%` FUNCTION `get_course_date`(crn VARCHAR(20)) RETURNS varchar(100) CHARSET utf8
BEGIN
	
	DECLARE startdate VARCHAR(100);
	DECLARE enddate VARCHAR(100);
	DECLARE ctime VARCHAR(100);
	
	SELECT c.start_date, c.end_date INTO startdate,enddate FROM course c WHERE c.crn = crn;
	SET ctime = CONCAT(startdate," to ",enddate);
	
	
	RETURN ctime ;
    END */$$
DELIMITER ;

/* Function  structure for function  `get_course_status` */

/*!50003 DROP FUNCTION IF EXISTS `get_course_status` */;
DELIMITER $$

/*!50003 CREATE DEFINER=`root`@`%` FUNCTION `get_course_status`(crn VARCHAR(100)) RETURNS int(11)
BEGIN
	DECLARE enddate VARCHAR(100);
	DECLARE startdate VARCHAR(100);
	DECLARE status INT(11);
	
	SELECT c.end_date, c.start_date INTO enddate, startdate FROM course c WHERE c.crn = crn;
	
	IF UNIX_TIMESTAMP(NOW())>= UNIX_TIMESTAMP(enddate) THEN
		SET status = -1;
	elseIF UNIX_TIMESTAMP(NOW())>= UNIX_TIMESTAMP(startdate) THEN
		set status = 0;
	ELSE
		SET status = 1;
	END IF;
	
	RETURN status ;
    END */$$
DELIMITER ;

/* Function  structure for function  `get_course_time` */

/*!50003 DROP FUNCTION IF EXISTS `get_course_time` */;
DELIMITER $$

/*!50003 CREATE DEFINER=`root`@`%` FUNCTION `get_course_time`(crn VARCHAR(20)) RETURNS varchar(100) CHARSET utf8
BEGIN
	DECLARE starttime VARCHAR(100);
	DECLARE endtime VARCHAR(100);
	DECLARE ctime VARCHAR(100);
	
	SELECT c.start_time, c.end_time  INTO starttime,endtime FROM course c WHERE c.crn = crn;
	SET ctime = CONCAT(starttime,"-",endtime);
	
	
	RETURN ctime ;
	
    END */$$
DELIMITER ;

/* Function  structure for function  `get_in_progress_credits` */

/*!50003 DROP FUNCTION IF EXISTS `get_in_progress_credits` */;
DELIMITER $$

/*!50003 CREATE DEFINER=`root`@`%` FUNCTION `get_in_progress_credits`(sid VARCHAR(100)) RETURNS int(11)
BEGIN
	DECLARE credits DOUBLE DEFAULT 0;
	DECLARE counts INT DEFAULT 0;
	
	SELECT COUNT(*) INTO counts FROM transcriptview t WHERE t.student_id = sid AND t.complete = '0';
	
	IF counts > 0 THEN
		SELECT SUM(t.credits) INTO credits FROM transcriptview t WHERE t.student_id = sid AND t.complete = '0';
	END IF;	
	
	RETURN credits;
	
    END */$$
DELIMITER ;

/* Function  structure for function  `get_name` */

/*!50003 DROP FUNCTION IF EXISTS `get_name` */;
DELIMITER $$

/*!50003 CREATE DEFINER=`root`@`%` FUNCTION `get_name`(id varchar(20)) RETURNS varchar(100) CHARSET utf8
BEGIN
	
	DECLARE firstname varchar(100) CHARSET utf8;
	DECLARE lastname  VARCHAR(100) CHARSET utf8;
	DECLARE fname varchar(100) CHARSET utf8;
        
	SELECT p.first_name, p.last_name INTO firstname, lastname FROM person p WHERE p.user_id = id;
	SET fname = CONCAT(lastname,",",firstname);
		
	RETURN fname;
  
END */$$
DELIMITER ;

/* Function  structure for function  `get_not_complete_credits` */

/*!50003 DROP FUNCTION IF EXISTS `get_not_complete_credits` */;
DELIMITER $$

/*!50003 CREATE DEFINER=`root`@`%` FUNCTION `get_not_complete_credits`(sid VARCHAR(100)) RETURNS int(11)
BEGIN
	DECLARE credits DOUBLE DEFAULT 0.0;
	DECLARE counts INT DEFAULT 0;
	
	SELECT COUNT(*) INTO counts FROM transcriptview t WHERE t.student_id = sid AND t.complete = '-1';
	
	IF counts > 0 THEN
		SELECT SUM(t.credits) INTO credits FROM transcriptview t WHERE t.student_id = sid AND t.complete = '-1';
	END IF;	
		
    return credits;		
    END */$$
DELIMITER ;

/* Function  structure for function  `get_num_student` */

/*!50003 DROP FUNCTION IF EXISTS `get_num_student` */;
DELIMITER $$

/*!50003 CREATE DEFINER=`root`@`localhost` FUNCTION `get_num_student`(fid varchar(100)) RETURNS int(11)
begin 
    DECLARE num INT DEFAULT 0;
    SELECT count(*) into num from advise a where a.faculty_id=fid and a.status=1;
    return num;
  end */$$
DELIMITER ;

/* Function  structure for function  `get_remain_capa` */

/*!50003 DROP FUNCTION IF EXISTS `get_remain_capa` */;
DELIMITER $$

/*!50003 CREATE DEFINER=`root`@`%` FUNCTION `get_remain_capa`(crn VARCHAR(20)) RETURNS int(11)
BEGIN
	
	DECLARE remain INT DEFAULT 0;
	DECLARE counts INT DEFAULT 0;
	DECLARE capa INT DEFAULT 0;
	
	SELECT COUNT(*) INTO counts FROM transcriptview t WHERE t.crn = crn;
	SElect c.capacity INTO capa FROM course c WHERE c.crn = crn;
	SET remain = capa - counts;
	
	RETURN remain;
    END */$$
DELIMITER ;

/*Table structure for table `adviseview` */

DROP TABLE IF EXISTS `adviseview`;

/*!50001 DROP VIEW IF EXISTS `adviseview` */;
/*!50001 DROP TABLE IF EXISTS `adviseview` */;

/*!50001 CREATE TABLE  `adviseview`(
 `id` int(11) NOT NULL  default '0' ,
 `student_id` varchar(20) NOT NULL ,
 `sname` varchar(100) NULL ,
 `faculty_id` varchar(20) NOT NULL ,
 `fname` varchar(100) NULL ,
 `status` varchar(20) NULL ,
 `update_time` varchar(20) NULL ,
 `operator_id` varchar(50) NULL ,
 `info` varchar(255) NOT NULL ,
 `oname` varchar(100) NULL 
)*/;

/*Table structure for table `advisorview` */

DROP TABLE IF EXISTS `advisorview`;

/*!50001 DROP VIEW IF EXISTS `advisorview` */;
/*!50001 DROP TABLE IF EXISTS `advisorview` */;

/*!50001 CREATE TABLE  `advisorview`(
 `user_id` varchar(20) NOT NULL ,
 `name` varchar(100) NULL ,
 `num_student` int(11) NULL ,
 `update_time` varchar(100) NOT NULL ,
 `profile` text NULL 
)*/;

/*Table structure for table `contractview` */

DROP TABLE IF EXISTS `contractview`;

/*!50001 DROP VIEW IF EXISTS `contractview` */;
/*!50001 DROP TABLE IF EXISTS `contractview` */;

/*!50001 CREATE TABLE  `contractview`(
 `id` int(11) NOT NULL  default '0' ,
 `contract_id` varchar(20) NOT NULL ,
 `owner_id` varchar(20) NULL ,
 `oname` varchar(100) NULL ,
 `info` varchar(100) NULL ,
 `type` varchar(100) NULL ,
 `init_date` varchar(100) NULL ,
 `expire_date` varchar(100) NULL ,
 `operator_id` varchar(100) NULL ,
 `create_time` varchar(100) NOT NULL ,
 `update_time` varchar(100) NOT NULL ,
 `comment` text NULL ,
 `contract_info` text NULL ,
 `status` int(11) NULL ,
 `opname` varchar(100) NULL 
)*/;

/*Table structure for table `courseview` */

DROP TABLE IF EXISTS `courseview`;

/*!50001 DROP VIEW IF EXISTS `courseview` */;
/*!50001 DROP TABLE IF EXISTS `courseview` */;

/*!50001 CREATE TABLE  `courseview`(
 `id` int(11) NOT NULL  default '0' ,
 `crn` varchar(20) NOT NULL ,
 `name` varchar(100) NOT NULL ,
 `credits` int(11) NULL ,
 `precrn` varchar(20) NULL ,
 `level` varchar(11) NULL ,
 `section` varchar(11) NULL ,
 `classroom` varchar(100) NULL ,
 `start_date` varchar(20) NULL ,
 `end_date` varchar(20) NULL ,
 `day` varchar(20) NULL ,
 `start_time` varchar(20) NULL ,
 `end_time` varchar(20) NULL ,
 `capacity` int(11) NULL ,
 `info` varchar(20) NOT NULL ,
 `create_time` varchar(20) NULL ,
 `update_time` varchar(20) NULL ,
 `comment` text NULL ,
 `course_info` text NULL ,
 `faculty_id` varchar(20) NOT NULL ,
 `remain` int(11) NULL ,
 `faculty` varchar(100) NULL ,
 `date` varchar(100) NULL ,
 `time` varchar(100) NULL ,
 `status` int(11) NULL ,
 `profile` text NULL 
)*/;

/*Table structure for table `feedbackview` */

DROP TABLE IF EXISTS `feedbackview`;

/*!50001 DROP VIEW IF EXISTS `feedbackview` */;
/*!50001 DROP TABLE IF EXISTS `feedbackview` */;

/*!50001 CREATE TABLE  `feedbackview`(
 `id` int(11) NOT NULL  default '0' ,
 `faculty_id` varchar(255) NULL ,
 `fname` varchar(100) NULL ,
 `update_time` varchar(255) NULL ,
 `operator_id` varchar(255) NULL ,
 `info` varchar(255) NULL ,
 `rate` longtext NULL ,
 `self_comment` longtext NULL ,
 `comment` longtext NULL ,
 `oname` varchar(100) NULL ,
 `profile` text NULL 
)*/;

/*Table structure for table `messageview` */

DROP TABLE IF EXISTS `messageview`;

/*!50001 DROP VIEW IF EXISTS `messageview` */;
/*!50001 DROP TABLE IF EXISTS `messageview` */;

/*!50001 CREATE TABLE  `messageview`(
 `id` int(20) NOT NULL  default '0' ,
 `sender_id` varchar(50) NOT NULL ,
 `receiver_id` text NULL ,
 `subject` varchar(20) NULL ,
 `title` varchar(255) NULL ,
 `body` text NULL ,
 `status` varchar(10) NULL ,
 `date` varchar(50) NULL ,
 `pic` text NULL ,
 `tel` varchar(100) NULL ,
 `email` varchar(100) NULL ,
 `attachment` varchar(50) NULL ,
 `labels` varchar(50) NULL ,
 `tag` varchar(50) NULL ,
 `sender` varchar(100) NULL ,
 `receiver` varchar(100) NULL 
)*/;

/*Table structure for table `pinview` */

DROP TABLE IF EXISTS `pinview`;

/*!50001 DROP VIEW IF EXISTS `pinview` */;
/*!50001 DROP TABLE IF EXISTS `pinview` */;

/*!50001 CREATE TABLE  `pinview`(
 `user_id` varchar(20) NOT NULL ,
 `id` int(11) NOT NULL  default '0' ,
 `pin` int(11) NOT NULL ,
 `info` varchar(20) NOT NULL ,
 `owner_id` varchar(20) NOT NULL ,
 `role` int(11) NOT NULL ,
 `start_time` varchar(20) NOT NULL ,
 `end_time` varchar(20) NOT NULL ,
 `create_time` varchar(20) NULL ,
 `remark` text NULL ,
 `profile` text NULL ,
 `oname` varchar(100) NULL 
)*/;

/*Table structure for table `studentview` */

DROP TABLE IF EXISTS `studentview`;

/*!50001 DROP VIEW IF EXISTS `studentview` */;
/*!50001 DROP TABLE IF EXISTS `studentview` */;

/*!50001 CREATE TABLE  `studentview`(
 `student_id` varchar(20) NOT NULL ,
 `max_credits` int(11) NOT NULL ,
 `status` varchar(20) NOT NULL ,
 `sname` varchar(100) NULL ,
 `complete` int(11) NULL ,
 `progress` int(11) NULL ,
 `incomplete` int(11) NULL ,
 `trial_period` varchar(255) NULL ,
 `profile` text NULL ,
 `gender` varchar(20) NOT NULL ,
 `tel` varchar(100) NULL ,
 `qq` varchar(100) NULL ,
 `dorm` varchar(100) NULL ,
 `info` varchar(100) NOT NULL 
)*/;

/*Table structure for table `tempadviseview` */

DROP TABLE IF EXISTS `tempadviseview`;

/*!50001 DROP VIEW IF EXISTS `tempadviseview` */;
/*!50001 DROP TABLE IF EXISTS `tempadviseview` */;

/*!50001 CREATE TABLE  `tempadviseview`(
 `id` int(11) NOT NULL  default '0' ,
 `create_time` varchar(255) NULL ,
 `first_id` varchar(255) NULL ,
 `second_id` varchar(255) NULL ,
 `third_id` varchar(255) NULL ,
 `info` varchar(20) NULL ,
 `status` varchar(255) NULL ,
 `operator_id` varchar(255) NULL ,
 `student_id` varchar(255) NULL ,
 `update_time` varchar(255) NULL ,
 `comment` text NULL ,
 `f_profile` text NULL ,
 `s_profile` text NULL ,
 `t_profile` text NULL ,
 `stu_profile` text NULL ,
 `f_name` varchar(100) NULL ,
 `s_name` varchar(100) NULL ,
 `t_name` varchar(100) NULL ,
 `stu_name` varchar(100) NULL ,
 `o_name` varchar(100) NULL 
)*/;

/*Table structure for table `transcriptview` */

DROP TABLE IF EXISTS `transcriptview`;

/*!50001 DROP VIEW IF EXISTS `transcriptview` */;
/*!50001 DROP TABLE IF EXISTS `transcriptview` */;

/*!50001 CREATE TABLE  `transcriptview`(
 `id` int(11) NOT NULL  default '0' ,
 `student_id` varchar(20) NOT NULL ,
 `crn` varchar(20) NOT NULL ,
 `cname` varchar(100) NOT NULL ,
 `credits` int(11) NULL ,
 `grade` varchar(20) NOT NULL ,
 `complete` varchar(20) NOT NULL ,
 `credit` double NULL ,
 `faculty_id` varchar(20) NOT NULL ,
 `info` varchar(20) NOT NULL ,
 `sname` varchar(100) NULL ,
 `fname` varchar(100) NULL ,
 `date` varchar(100) NULL ,
 `time` varchar(100) NULL ,
 `day` varchar(20) NULL ,
 `assign_time` varchar(20) NOT NULL ,
 `operator_id` varchar(50) NOT NULL ,
 `oname` varchar(100) NULL ,
 `remark` text NULL ,
 `sprofile` text NULL ,
 `fprofile` text NULL 
)*/;

/*View structure for view adviseview */

/*!50001 DROP TABLE IF EXISTS `adviseview` */;
/*!50001 DROP VIEW IF EXISTS `adviseview` */;

/*!50001 CREATE ALGORITHM=UNDEFINED DEFINER=`root`@`localhost` SQL SECURITY DEFINER VIEW `adviseview` AS select `a`.`id` AS `id`,`a`.`student_id` AS `student_id`,`get_name`(`a`.`student_id`) AS `sname`,`a`.`faculty_id` AS `faculty_id`,`get_name`(`a`.`faculty_id`) AS `fname`,`a`.`status` AS `status`,`a`.`update_time` AS `update_time`,`a`.`operator_id` AS `operator_id`,`a`.`info` AS `info`,`get_name`(`a`.`operator_id`) AS `oname` from `advise` `a` */;

/*View structure for view advisorview */

/*!50001 DROP TABLE IF EXISTS `advisorview` */;
/*!50001 DROP VIEW IF EXISTS `advisorview` */;

/*!50001 CREATE ALGORITHM=UNDEFINED DEFINER=`root`@`localhost` SQL SECURITY DEFINER VIEW `advisorview` AS select distinct `p`.`user_id` AS `user_id`,`get_name`(`p`.`user_id`) AS `name`,`get_num_student`(`p`.`user_id`) AS `num_student`,`p`.`update_time` AS `update_time`,`p`.`profile` AS `profile` from `person` `p` where `p`.`role_id` like '%7%' */;

/*View structure for view contractview */

/*!50001 DROP TABLE IF EXISTS `contractview` */;
/*!50001 DROP VIEW IF EXISTS `contractview` */;

/*!50001 CREATE ALGORITHM=UNDEFINED DEFINER=`root`@`localhost` SQL SECURITY DEFINER VIEW `contractview` AS select `c`.`id` AS `id`,`c`.`contract_id` AS `contract_id`,`c`.`owner_id` AS `owner_id`,`c`.`oname` AS `oname`,`c`.`info` AS `info`,`c`.`type` AS `type`,`c`.`init_date` AS `init_date`,`c`.`expire_date` AS `expire_date`,`c`.`operator_id` AS `operator_id`,`c`.`create_time` AS `create_time`,`c`.`update_time` AS `update_time`,`c`.`comment` AS `comment`,`c`.`contract_info` AS `contract_info`,`get_contract_status`(`c`.`contract_id`) AS `status`,`get_name`(`p1`.`user_id`) AS `opname` from (`contract` `c` join `person` `p1`) where `p1`.`user_id` = `c`.`operator_id` */;

/*View structure for view courseview */

/*!50001 DROP TABLE IF EXISTS `courseview` */;
/*!50001 DROP VIEW IF EXISTS `courseview` */;

/*!50001 CREATE ALGORITHM=UNDEFINED DEFINER=`root`@`localhost` SQL SECURITY DEFINER VIEW `courseview` AS select `c`.`id` AS `id`,`c`.`crn` AS `crn`,`c`.`name` AS `name`,`c`.`credits` AS `credits`,`c`.`precrn` AS `precrn`,`c`.`level` AS `level`,`c`.`section` AS `section`,`c`.`classroom` AS `classroom`,`c`.`start_date` AS `start_date`,`c`.`end_date` AS `end_date`,`c`.`day` AS `day`,`c`.`start_time` AS `start_time`,`c`.`end_time` AS `end_time`,`c`.`capacity` AS `capacity`,`c`.`info` AS `info`,`c`.`create_time` AS `create_time`,`c`.`update_time` AS `update_time`,`c`.`comment` AS `comment`,`c`.`course_info` AS `course_info`,`c`.`faculty_id` AS `faculty_id`,`get_remain_capa`(`c`.`crn`) AS `remain`,`get_name`(`c`.`faculty_id`) AS `faculty`,`get_course_date`(`c`.`crn`) AS `date`,`get_course_time`(`c`.`crn`) AS `time`,`get_course_status`(`c`.`crn`) AS `status`,`person`.`profile` AS `profile` from (`course` `c` join `person` on(`c`.`faculty_id` = `person`.`user_id`)) */;

/*View structure for view feedbackview */

/*!50001 DROP TABLE IF EXISTS `feedbackview` */;
/*!50001 DROP VIEW IF EXISTS `feedbackview` */;

/*!50001 CREATE ALGORITHM=UNDEFINED DEFINER=`root`@`localhost` SQL SECURITY DEFINER VIEW `feedbackview` AS select `f`.`id` AS `id`,`f`.`faculty_id` AS `faculty_id`,`get_name`(`f`.`faculty_id`) AS `fname`,`f`.`update_time` AS `update_time`,`f`.`operator_id` AS `operator_id`,`f`.`info` AS `info`,`f`.`rate` AS `rate`,`f`.`self_comment` AS `self_comment`,`f`.`comment` AS `comment`,`get_name`(`f`.`operator_id`) AS `oname`,`person`.`profile` AS `profile` from (`feedback` `f` join `person` on(convert(`f`.`faculty_id` using utf8) = `person`.`user_id`)) */;

/*View structure for view messageview */

/*!50001 DROP TABLE IF EXISTS `messageview` */;
/*!50001 DROP VIEW IF EXISTS `messageview` */;

/*!50001 CREATE ALGORITHM=UNDEFINED DEFINER=`root`@`%` SQL SECURITY DEFINER VIEW `messageview` AS select `m`.`id` AS `id`,`m`.`sender_id` AS `sender_id`,`m`.`receiver_id` AS `receiver_id`,`m`.`subject` AS `subject`,`m`.`title` AS `title`,`m`.`body` AS `body`,`m`.`status` AS `status`,`m`.`date` AS `date`,`s`.`profile` AS `pic`,`s`.`tel` AS `tel`,`s`.`email` AS `email`,`m`.`attachment` AS `attachment`,`m`.`labels` AS `labels`,`m`.`tag` AS `tag`,`get_name`(`m`.`sender_id`) AS `sender`,`get_name`(`m`.`receiver_id`) AS `receiver` from (`message` `m` join `person` `s`) where `s`.`user_id` = `m`.`sender_id` */;

/*View structure for view pinview */

/*!50001 DROP TABLE IF EXISTS `pinview` */;
/*!50001 DROP VIEW IF EXISTS `pinview` */;

/*!50001 CREATE ALGORITHM=UNDEFINED DEFINER=`root`@`%` SQL SECURITY DEFINER VIEW `pinview` AS select `person`.`user_id` AS `user_id`,`p`.`id` AS `id`,`p`.`pin` AS `pin`,`p`.`info` AS `info`,`p`.`owner_id` AS `owner_id`,`p`.`role` AS `role`,`p`.`start_time` AS `start_time`,`p`.`end_time` AS `end_time`,`p`.`create_time` AS `create_time`,`p`.`remark` AS `remark`,`person`.`profile` AS `profile`,`get_name`(`p`.`owner_id`) AS `oname` from (`pin` `p` join `person` on(convert(`p`.`owner_id` using utf8) = `person`.`user_id`)) */;

/*View structure for view studentview */

/*!50001 DROP TABLE IF EXISTS `studentview` */;
/*!50001 DROP VIEW IF EXISTS `studentview` */;

/*!50001 CREATE ALGORITHM=UNDEFINED DEFINER=`root`@`%` SQL SECURITY DEFINER VIEW `studentview` AS select `s`.`student_id` AS `student_id`,`s`.`max_credits` AS `max_credits`,`p`.`status` AS `status`,`get_name`(`s`.`student_id`) AS `sname`,`get_complete_credits`(`s`.`student_id`) AS `complete`,`get_in_progress_credits`(`s`.`student_id`) AS `progress`,`get_not_complete_credits`(`s`.`student_id`) AS `incomplete`,`p`.`trial_period` AS `trial_period`,`p`.`profile` AS `profile`,`p`.`gender` AS `gender`,`p`.`tel` AS `tel`,`p`.`qq` AS `qq`,`p`.`dorm` AS `dorm`,`p`.`info` AS `info` from (`student` `s` join `person` `p`) where `p`.`user_id` = `s`.`student_id` */;

/*View structure for view tempadviseview */

/*!50001 DROP TABLE IF EXISTS `tempadviseview` */;
/*!50001 DROP VIEW IF EXISTS `tempadviseview` */;

/*!50001 CREATE ALGORITHM=UNDEFINED DEFINER=`root`@`%` SQL SECURITY DEFINER VIEW `tempadviseview` AS select `t`.`id` AS `id`,`t`.`create_time` AS `create_time`,`t`.`first_id` AS `first_id`,`t`.`second_id` AS `second_id`,`t`.`third_id` AS `third_id`,`t`.`info` AS `info`,`t`.`status` AS `status`,`t`.`operator_id` AS `operator_id`,`t`.`student_id` AS `student_id`,`t`.`update_time` AS `update_time`,`t`.`comment` AS `comment`,`first`.`profile` AS `f_profile`,`second`.`profile` AS `s_profile`,`third`.`profile` AS `t_profile`,`student`.`profile` AS `stu_profile`,`get_name`(`t`.`first_id`) AS `f_name`,`get_name`(`t`.`second_id`) AS `s_name`,`get_name`(`t`.`third_id`) AS `t_name`,`get_name`(`t`.`student_id`) AS `stu_name`,`get_name`(`t`.`operator_id`) AS `o_name` from ((((`tempadvise` `t` join `person` `first`) join `person` `second`) join `person` `third`) join `person` `student`) where `first`.`user_id` = convert(`t`.`first_id` using utf8) and `second`.`user_id` = convert(`t`.`second_id` using utf8) and `third`.`user_id` = convert(`t`.`third_id` using utf8) and `student`.`user_id` = convert(`t`.`student_id` using utf8) */;

/*View structure for view transcriptview */

/*!50001 DROP TABLE IF EXISTS `transcriptview` */;
/*!50001 DROP VIEW IF EXISTS `transcriptview` */;

/*!50001 CREATE ALGORITHM=UNDEFINED DEFINER=`root`@`%` SQL SECURITY DEFINER VIEW `transcriptview` AS select `t`.`id` AS `id`,`t`.`student_id` AS `student_id`,`t`.`crn` AS `crn`,`c`.`name` AS `cname`,`c`.`credits` AS `credits`,`t`.`grade` AS `grade`,`t`.`complete` AS `complete`,`t`.`credit` AS `credit`,`c`.`faculty_id` AS `faculty_id`,`c`.`info` AS `info`,`get_name`(`p1`.`user_id`) AS `sname`,`get_name`(`p2`.`user_id`) AS `fname`,`get_course_date`(`t`.`crn`) AS `date`,`get_course_time`(`t`.`crn`) AS `time`,`c`.`day` AS `day`,`t`.`assign_time` AS `assign_time`,`t`.`operator_id` AS `operator_id`,`get_name`(`t`.`operator_id`) AS `oname`,`t`.`remark` AS `remark`,`p1`.`profile` AS `sprofile`,`p2`.`profile` AS `fprofile` from (((`transcript` `t` join `course` `c`) join `person` `p1`) join `person` `p2`) where `t`.`crn` = `c`.`crn` and `p1`.`user_id` = `t`.`student_id` and `p2`.`user_id` = `c`.`faculty_id` */;

/*!40101 SET SQL_MODE=@OLD_SQL_MODE */;
/*!40014 SET FOREIGN_KEY_CHECKS=@OLD_FOREIGN_KEY_CHECKS */;
/*!40014 SET UNIQUE_CHECKS=@OLD_UNIQUE_CHECKS */;
/*!40111 SET SQL_NOTES=@OLD_SQL_NOTES */;
