/*
SQLyog 企业版 - MySQL GUI v8.14 
MySQL - 5.5.5-10.2.6-MariaDB : Database - pioneer_2.0
*********************************************************************
*/

/*!40101 SET NAMES utf8 */;

/*!40101 SET SQL_MODE=''*/;

/*!40014 SET @OLD_UNIQUE_CHECKS=@@UNIQUE_CHECKS, UNIQUE_CHECKS=0 */;
/*!40014 SET @OLD_FOREIGN_KEY_CHECKS=@@FOREIGN_KEY_CHECKS, FOREIGN_KEY_CHECKS=0 */;
/*!40101 SET @OLD_SQL_MODE=@@SQL_MODE, SQL_MODE='NO_AUTO_VALUE_ON_ZERO' */;
/*!40111 SET @OLD_SQL_NOTES=@@SQL_NOTES, SQL_NOTES=0 */;
CREATE DATABASE /*!32312 IF NOT EXISTS*/`pioneer_2.0` /*!40100 DEFAULT CHARACTER SET latin1 */;

USE `pioneer_2.0`;

/*Table structure for table `advise` */

DROP TABLE IF EXISTS `advise`;

CREATE TABLE `advise` (
  `id` int(11) NOT NULL AUTO_INCREMENT COMMENT '编号',
  `student_id` varchar(20) NOT NULL COMMENT '学生编号',
  `faculty_id` varchar(20) NOT NULL COMMENT '教师编号',
  `info` varchar(255) NOT NULL,
  `status` varchar(20) DEFAULT NULL,
  `update_time` varchar(20) DEFAULT NULL,
  `operator_id` varchar(50) DEFAULT NULL,
  PRIMARY KEY (`id`)
) ENGINE=InnoDB AUTO_INCREMENT=37 DEFAULT CHARSET=utf8;

/*Data for the table `advise` */

insert  into `advise`(`id`,`student_id`,`faculty_id`,`info`,`status`,`update_time`,`operator_id`) values (6,'9201801417','9201801590','2018-02','1','2018-09-10 18:55:26','9201701000'),(7,'9201801549','9201402713','2018-02','1','2018-09-10 18:55:31','9201701000'),(8,'9201602165','9201801590','2018-02','1','2018-09-10 18:55:43','9201701000'),(9,'9201502154','9201502803','2018-02','1','2018-09-10 18:57:35','9201701000'),(10,'9201801916','9201801144','2018-02','1','2018-09-10 18:57:41','9201701000'),(11,'9201602229','9201801144','2018-02','1','2018-09-10 18:57:46','9201701000'),(12,'9201803113','9201502803','2018-02','1','2018-09-10 18:57:51','9201701000'),(13,'9201502825','9201801590','2018-02','1','2018-09-10 18:57:57','9201701000'),(14,'9201801423','9201801590','2018-02','1','2018-09-10 18:58:02','9201701000'),(15,'9201801789','9201801590','2018-02','1','2018-09-10 18:58:07','9201701000'),(16,'9201801471','9201801474','2018-02','1','2018-09-10 22:06:42','9201701000'),(17,'9201802112','9201101270','2018-02','1','2018-09-10 22:07:39','9201701000'),(18,'9201802583','9201502803','2018-02','1','2018-09-10 22:07:44','9201701000'),(19,'9201803537','9201502803','2018-02','1','2018-09-10 22:07:47','9201701000'),(20,'9201801876','9201101270','2018-02','1','2018-09-10 22:07:57','9201701000'),(21,'9201802938','9201801590','2018-02','1','2018-09-10 22:09:57','9201701000'),(22,'9201802231','9201801590','2018-02','1','2018-09-10 22:12:46','9201701000'),(23,'9201802224','9201101270','2018-02','1','2018-09-10 22:21:10','9201701000'),(24,'9201801119','9201502803','2018-02','1','2018-09-10 22:28:34','9201701000'),(25,'9201603838','9201801590','2018-02','1','2018-09-10 22:44:07','9201701000'),(26,'9201802152','9201801590','2018-02','1','2018-09-12 23:03:17','9201701000'),(27,'9201802436','9201402713','2018-02','1','2018-09-12 23:03:49','9201701000'),(28,'9201802500','9201402713','2018-02','1','2018-09-12 23:03:49','9201701000'),(29,'9201801240','9201502803','2018-02','1','2018-09-12 23:04:06','9201701000'),(30,'9201803703','9201502803','2018-02','1','2018-09-12 23:04:06','9201701000'),(31,'9201801259','9201502803','2018-02','1','2018-09-12 23:08:04','9201701000'),(32,'9201801547','9201502803','2018-02','1','2018-09-12 23:08:04','9201701000'),(33,'9201802524','9201801590','2018-02','1','2018-09-12 23:08:16','9201701000'),(34,'9201801200','9201801144','2018-02','1','2018-09-12 23:08:38','9201701000'),(35,'9201803777','9201601752','2018-02','1','2018-09-13 23:57:59','9201801590'),(36,'9201802683','9201402713','2018-01','1','2018-09-25 13:26:30','9201701000');

/*Table structure for table `assignment` */

DROP TABLE IF EXISTS `assignment`;

CREATE TABLE `assignment` (
  `id` int(11) NOT NULL AUTO_INCREMENT,
  `assignment_id` varchar(20) NOT NULL,
  `name` varchar(50) NOT NULL,
  `due_date` varchar(50) DEFAULT NULL,
  `create_time` varchar(50) DEFAULT NULL,
  `update_time` varchar(50) DEFAULT NULL,
  `info` varchar(50) DEFAULT NULL,
  `attachment` text DEFAULT NULL,
  `submission` text DEFAULT NULL,
  `extend_column_1` varchar(255) DEFAULT NULL,
  `extend_column_2` varchar(255) DEFAULT NULL,
  `extend_column_3` varchar(255) DEFAULT NULL,
  PRIMARY KEY (`id`)
) ENGINE=InnoDB DEFAULT CHARSET=latin1;

/*Data for the table `assignment` */

/*Table structure for table `contract` */

DROP TABLE IF EXISTS `contract`;

CREATE TABLE `contract` (
  `id` int(11) NOT NULL AUTO_INCREMENT,
  `contract_id` varchar(20) NOT NULL COMMENT '主编号',
  `owner_id` varchar(20) DEFAULT NULL COMMENT '用户名',
  `oname` varchar(100) DEFAULT NULL COMMENT '名',
  `info` varchar(100) DEFAULT NULL COMMENT '姓',
  `type` varchar(100) DEFAULT NULL COMMENT '密码',
  `init_date` varchar(100) DEFAULT NULL COMMENT '状态',
  `expire_date` varchar(100) DEFAULT NULL COMMENT '信息',
  `operator_id` varchar(100) DEFAULT NULL COMMENT '生日',
  `create_time` varchar(100) NOT NULL COMMENT '创建时间',
  `update_time` varchar(100) NOT NULL COMMENT '修改时间',
  `comment` text DEFAULT NULL COMMENT '备注',
  `contract_info` text DEFAULT NULL,
  PRIMARY KEY (`id`)
) ENGINE=InnoDB AUTO_INCREMENT=22 DEFAULT CHARSET=utf8;

/*Data for the table `contract` */

insert  into `contract`(`id`,`contract_id`,`owner_id`,`oname`,`info`,`type`,`init_date`,`expire_date`,`operator_id`,`create_time`,`update_time`,`comment`,`contract_info`) values (17,'201703014369','9201801590','林石磊','2018-01','劳动合同','2018-03-01','2019-03-01','9201701000','2018-08-12 16:21:31','2019-01-21 22:28:49','','{\"path\":\"/pioneer/document/contractInfo/7/12/a767972b-aaec-4f56-a46a-b54dc09287be.doc\",\"size\":45056,\"name\":\"林石磊劳动合同.doc\",\"type\":\"doc\"}'),(18,'201808012790','9201801164','卢苇','2018-01','劳动合同','2018-08-03','2018-09-04','9201701000','2018-08-12 16:30:23','2018-08-12 21:40:37','','\"\"');

/*Table structure for table `course` */

DROP TABLE IF EXISTS `course`;

CREATE TABLE `course` (
  `id` int(11) NOT NULL AUTO_INCREMENT COMMENT '编号',
  `crn` varchar(20) NOT NULL COMMENT '课程编号',
  `name` varchar(100) NOT NULL COMMENT '课程名',
  `credits` int(11) DEFAULT NULL COMMENT '学分',
  `precrn` varchar(20) DEFAULT NULL COMMENT '要求课程',
  `level` varchar(11) DEFAULT NULL COMMENT '课程等级',
  `section` varchar(11) DEFAULT NULL COMMENT '课程Section',
  `classroom` varchar(100) DEFAULT NULL COMMENT '教室',
  `start_date` varchar(20) DEFAULT NULL COMMENT '起时间YYYY-MM-DD',
  `end_date` varchar(20) DEFAULT NULL COMMENT '终时间YYYY-MM-DD',
  `day` varchar(20) DEFAULT NULL COMMENT 'MWF/TTR',
  `start_time` varchar(20) DEFAULT NULL COMMENT '起时间HH:MM:SS',
  `end_time` varchar(20) DEFAULT NULL COMMENT '终时间HH:MM:SS',
  `capacity` int(11) DEFAULT NULL COMMENT '最大人数',
  `faculty_id` varchar(20) NOT NULL COMMENT '教师ID',
  `selectable` int(11) DEFAULT NULL,
  `info` varchar(20) NOT NULL,
  `create_time` varchar(20) DEFAULT NULL,
  `update_time` varchar(20) DEFAULT NULL,
  `comment` text DEFAULT NULL COMMENT '备注',
  `course_info` text DEFAULT NULL,
  `assignment` text DEFAULT NULL,
  PRIMARY KEY (`id`)
) ENGINE=InnoDB AUTO_INCREMENT=57 DEFAULT CHARSET=utf8;

/*Data for the table `course` */

insert  into `course`(`id`,`crn`,`name`,`credits`,`precrn`,`level`,`section`,`classroom`,`start_date`,`end_date`,`day`,`start_time`,`end_time`,`capacity`,`faculty_id`,`selectable`,`info`,`create_time`,`update_time`,`comment`,`course_info`,`assignment`) values (1,'120180157','英语基础课',1,'','100','课程','小教室','2018-03-01','2018-07-15','m/','09:00:00','11:00:00',5,'9201801590',NULL,'2018-01','2018-08-03 01:55:41','2018-08-03 01:55:41','','',NULL),(2,'120180151','计算机编程',2,'','100','兴趣小组','小教室','2018-03-01','2018-07-15','t/f/','19:30:00','21:00:00',5,'9201801590',NULL,'2018-01','2018-08-03 16:17:52','2018-08-03 17:36:06','','{\"path\":\"/pioneer/document/courseInfo/1/7/d72a49b3-6c71-47b5-822f-052cda43e68e.doc\",\"size\":45056,\"name\":\"先锋课程描述.doc\",\"type\":\"doc\"}',NULL),(6,'120180143','美术',1,'','100','课程','二楼','2018-03-01','2018-07-15','m/','11:00:00','11:00:00',20,'9201701000',NULL,'2018-01','2018-08-03 20:53:05','2018-08-03 20:53:05','','{\"path\":\"/pioneer/document/courseInfo/0/9/b1957212-614d-4b29-b8f9-53b4a98474e9.png\",\"size\":4767916,\"name\":\"第三新成都.png\",\"type\":\"png\"}',NULL),(7,'120180167','项目式英语',2,'','100','课程','大教室','2018-03-01','2018-07-15','tr/','14:00:00','16:00:00',20,'9201101270',NULL,'2018-01','2018-08-03 22:13:05','2018-08-16 23:27:04','','{\"path\":\"/pioneer/document/courseInfo/0/1/5d75f650-80a4-4253-87de-aed52bb8a37d.png\",\"size\":4767916,\"name\":\"第三新成都 (1).png\",\"type\":\"png\"}',NULL),(8,'120180125','Healthy Cooking',2,'','100','课程','学习中心','2018-03-01','2018-07-15','w/','14:00:00','16:00:00',25,'9201701000',NULL,'2018-01','2018-08-03 22:19:11','2018-08-03 22:19:11','','{\"path\":\"/pioneer/document/courseInfo/0/1/ccf138df-1ba0-427b-a4da-f30ba21e082c.png\",\"size\":4767916,\"name\":\"第三新成都 (1).png\",\"type\":\"png\"}',NULL),(9,'120180150','理化实验',2,'','100','课程','','2018-03-01','2018-07-15','w/','14:00:00','16:00:00',10,'9201501154',NULL,'2018-01','2018-08-05 21:55:03','2018-08-05 21:55:03','','',NULL),(10,'120180189','布彦,隆之-导师课',0,'','100','课程','','2018-03-01','2018-07-15','t/','14:00:00','16:00:00',10,'9201502803',NULL,'2018-01','2018-08-08 16:47:02','2018-08-15 23:26:54','','',NULL),(11,'120180195','林,石磊-导师课',2,'','100','课程','','2018-03-01','2018-07-15','t/','14:00:00','16:00:00',20,'9201801590',NULL,'2018-01','2018-08-12 20:27:34','2018-08-15 23:27:21','','',NULL),(12,'120180139','恋爱与情感世界',2,'','100','课程','大教室','2018-03-01','2018-07-15','f/','09:00:00','11:00:00',20,'9201502803',NULL,'2018-01','2018-08-15 21:56:07','2018-08-15 21:56:07','','',NULL),(13,'120180128','刘晓伟-导师课',2,'','100','课程','','2018-03-01','2018-07-15','t/','14:00:00','16:00:00',20,'9201101270',NULL,'2018-01','2018-08-15 21:56:42','2018-08-15 22:55:04','','{\"path\":\"/pioneer/document/courseInfo/7/6/306f4bbd-3582-44ef-8071-ac568d4e89a2.jpg\",\"size\":87244,\"name\":\"lph_2.jpg\",\"type\":\"jpg\"}',NULL),(14,'120180130','游戏艺术',2,'','100','课程','','2018-03-01','2018-07-15','m/','19:30:00','21:30:00',20,'9201502803',NULL,'2018-01','2018-08-15 21:56:53','2018-08-15 21:56:53','','',NULL),(15,'120180156','社会人文通史',2,'','100','预约课程','','2018-03-01','2018-07-15','tr/','09:00:00','11:00:00',20,'9201502803',NULL,'2018-01','2018-08-15 22:02:32','2018-08-15 22:05:42','','',NULL),(16,'120180180','崔,涛-导师课',0,'','100','课程','','2018-03-01','2018-07-15','t/','14:00:00','16:00:00',20,'9201801144',NULL,'2018-01','2018-08-15 22:04:53','2018-08-15 23:26:36','','{\"path\":\"/pioneer/document/courseInfo/7/6/306f4bbd-3582-44ef-8071-ac568d4e89a2.jpg\",\"size\":87244,\"name\":\"lph_2.jpg\",\"type\":\"jpg\"}',NULL),(17,'120180129','运动综合课 TBK',4,'','100','课程','','2018-03-01','2018-07-15','m/w/','16:30:00','18:30:00',25,'9201701888',NULL,'2018-01','2018-08-15 22:13:25','2018-08-15 23:51:10','','',NULL),(18,'120180181','哲学人文',2,'','100','课程','','2018-03-01','2018-07-15','w/','09:00:00','11:00:00',20,'9201701000',NULL,'2018-01','2018-08-15 22:13:30','2018-08-15 22:13:30','','',NULL),(19,'120180120','橄榄球',1,'','100','课程','','2018-03-01','2018-07-15','t/','16:30:00','18:30:00',20,'9201801825',NULL,'2018-01','2018-08-15 22:13:36','2018-08-15 23:24:51','','',NULL),(20,'120180183','影视赏析',1,'','100','课程','','2018-03-01','2018-06-01','m/','14:00:00','16:00:00',20,'9201701000',NULL,'2018-01','2018-08-15 22:13:41','2018-08-15 22:13:41','','',NULL),(21,'120180164','日语基础',2,'','100','课程','小教室','2018-03-01','2018-07-15','f/','14:00:00','16:00:00',20,'9201701000',NULL,'2018-01','2018-08-15 22:13:45','2018-08-15 22:13:45','','',NULL),(22,'120180111','犯罪心理学',2,'','100','课程','','2018-03-01','2018-07-15','w/','19:30:00','21:30:00',20,'9201701000',NULL,'2018-01','2018-08-15 22:13:51','2018-08-15 22:13:51','','',NULL),(23,'120180137','语伴项目',2,'','100','项目','','2018-03-01','2018-07-15','','00:00:00','11:00:00',20,'9201701888',NULL,'2018-01','2018-08-15 22:15:07','2018-08-15 22:20:36','','',NULL),(24,'120180168','程蓉-导师课',2,'','100','课程','','2018-03-01','2018-07-15','t/','14:00:00','16:00:00',20,'9201601752',NULL,'2018-01','2018-08-15 22:22:21','2018-08-15 23:26:20','','',NULL),(25,'120180162','熊,刚-导师课',2,'','100','课程','','2018-03-01','2018-07-15','t/','14:00:00','16:00:00',20,'9201801474',NULL,'2018-01','2018-08-15 22:22:26','2018-08-15 23:25:51','','{\"path\":\"/pioneer/document/courseInfo/7/6/306f4bbd-3582-44ef-8071-ac568d4e89a2.jpg\",\"size\":87244,\"name\":\"lph_2.jpg\",\"type\":\"jpg\"}',NULL),(26,'120180127','自主学分',4,'','100','兴趣小组','','2018-03-01','2018-07-15','','09:00:00','11:00:00',20,'9201701000',NULL,'2018-01','2018-08-15 23:17:10','2018-08-15 23:42:56','','',NULL),(27,'120180192','历史与历史学',2,'','100','预约课程','','2018-03-01','2018-07-15','t/','09:00:00','11:00:00',20,'9201502803',NULL,'2018-01','2018-08-15 23:17:15','2018-08-15 23:17:15','','',NULL),(28,'120180226','数学预约课',2,'','100','预约课程','小教室','2018-09-03','2019-01-15','','','',20,'9201801590',NULL,'2018-02','2018-09-07 14:25:18','2018-09-12 22:20:28','','{\"path\":\"/pioneer/document/courseInfo/7/10/443cad2c-b83c-49d7-ab69-71377084dd62.docx\",\"size\":702967,\"name\":\"数学-林石磊.docx\",\"type\":\"docx\"}',NULL),(29,'120180117','导师课',2,'','100','课程','','2018-03-01','2018-07-15','t/','14:00:00','16:00:00',10,'9201402713',NULL,'2018-01','2018-09-11 20:34:47','2018-09-11 20:34:47','','',NULL),(30,'120180284','体育课',2,'','100','课程','运动场','2018-09-03','2019-01-15','tr/','16:30:00','19:30:00',20,'9201801825',NULL,'2018-02','2018-09-12 22:24:37','2018-09-12 22:24:37','','',NULL),(31,'120180257','社会通识',2,'','100','课程','大教室','2018-09-03','2019-01-15','tr/','10:00:00','12:00:00',20,'9201502803',NULL,'2018-02','2018-09-12 22:24:43','2018-09-12 22:24:43','','{\"path\":\"/pioneer/document/courseInfo/13/6/a2b55dd1-d5a8-4385-9a99-fc421f3009fd.docx\",\"size\":710231,\"name\":\"社会通识-布彦隆之.docx\",\"type\":\"docx\"}',NULL),(32,'120180230','音乐戏剧课',2,'','100','课程','小教室','2018-09-03','2019-01-15','w/','19:30:00','21:30:00',20,'9201502132',NULL,'2018-02','2018-09-12 22:25:29','2018-09-12 22:41:04','','',NULL),(33,'120180241','Healthy Cooking',2,'','100','课程','学习中心','2018-09-03','2019-01-15','w/','14:00:00','16:00:00',20,'9201702405',NULL,'2018-02','2018-09-12 22:25:34','2018-09-12 22:41:21','','',NULL),(34,'120180273','日语课',2,'','100','课程','小教室','2018-09-03','2019-01-15','m/','14:00:00','15:30:00',20,'9201502822',NULL,'2018-02','2018-09-12 22:28:25','2018-09-12 22:41:40','','',NULL),(35,'120180265','未来学校',2,'','100','课程','大教室','2018-09-03','2019-01-15','f/','14:00:00','16:00:00',20,'9201802622',NULL,'2018-02','2018-09-12 22:29:18','2018-09-12 22:33:19','','{\"path\":\"/pioneer/document/courseInfo/15/8/dcce2b66-7383-49cf-a142-5bca6076bbec.docx\",\"size\":44601,\"name\":\"未来学校-曾苏尧.docx\",\"type\":\"docx\"}',NULL),(36,'120180283','电影欣赏',2,'','100','课程','小教室','2018-09-03','2019-01-15','tr/','19:30:00','21:30:00',20,'9201801825',NULL,'2018-02','2018-09-12 22:29:29','2018-09-12 22:29:29','','{\"path\":\"/pioneer/document/courseInfo/10/8/227ff372-8691-4927-85f7-e7498bda7111.docx\",\"size\":702479,\"name\":\"先锋课程描述（电影欣赏）.docx\",\"type\":\"docx\"}',NULL),(37,'120180221','什么都玩的兴趣课',2,'','100','课程','大教室','2018-09-03','2019-01-15','m/','19:00:00','21:30:00',20,'9201801144',NULL,'2018-02','2018-09-12 22:30:26','2018-09-12 22:30:26','','',NULL),(38,'120180225','English',2,'','100','课程','大教室','2018-09-03','2019-01-15','w/','16:00:00','18:00:00',20,'9201702405',NULL,'2018-02','2018-09-12 22:31:02','2018-09-12 22:32:57','','',NULL),(39,'120180289','怎样玩数学',2,'','100','课程','','2018-09-03','2019-01-15','t/','13:00:00','14:30:00',20,'9201801590',NULL,'2018-02','2018-09-12 22:31:21','2018-09-12 22:31:21','','{\"path\":\"/pioneer/document/courseInfo/4/12/8032c24f-d692-4d44-8fad-aa3889788dd5.docx\",\"size\":33759,\"name\":\"怎样玩数学课程描述.docx\",\"type\":\"docx\"}',NULL),(40,'120180246','末日求生',2,'','100','课程','小教室','2018-09-03','2019-01-15','tr/','14:00:00','16:00:00',20,'9201501154',NULL,'2018-02','2018-09-12 22:31:32','2018-09-12 22:31:32','','{\"path\":\"/pioneer/document/courseInfo/1/2/259c8d89-83b9-436a-879c-a5f76ddf12a7.docx\",\"size\":33713,\"name\":\"末日生存课程描述.docx\",\"type\":\"docx\"}',NULL),(41,'120180244','程蓉-导师课',0,'','100','预约课程','','2018-09-03','2019-01-15','t/','','',10,'9201601752',NULL,'2018-02','2018-09-12 22:53:57','2018-09-12 22:53:57','','',NULL),(42,'120180297','崔涛-导师课',0,'','100','预约课程','','2018-09-03','2019-01-15','t/','','',10,'9201801144',NULL,'2018-02','2018-09-12 22:54:15','2018-09-12 22:54:15','','',NULL),(43,'120180264','熊刚-导师课',0,'','100','预约课程','','2018-09-03','2019-01-15','t/','','',10,'9201801474',NULL,'2018-02','2018-09-12 22:54:49','2018-09-12 22:54:49','','',NULL),(44,'120180271','刘晓伟-导师课',0,'','100','课程','','2018-09-03','2019-01-15','t/','09:00:00','11:00:00',10,'9201101270',NULL,'2018-02','2018-09-12 22:55:01','2018-09-12 22:55:01','','',NULL),(45,'120180220','倪伟灿(桔子)-导师课',0,'','100','预约课程','','2018-09-03','2019-01-15','t/','','',10,'9201402713',NULL,'2018-02','2018-09-12 22:55:28','2018-09-12 22:55:28','','',NULL),(46,'120180266','林石磊-导师课',0,'','100','预约课程','','2018-09-03','2019-01-15','t/','','',11,'9201801590',NULL,'2018-02','2018-09-12 22:55:45','2018-09-12 22:55:45','','',NULL),(47,'120180232','东亚史与历史学',2,'','100','课程','大教室','2018-09-03','2019-01-15','t/','19:30:00','21:30:00',20,'9201502803',NULL,'2018-02','2018-09-12 22:56:44','2018-09-12 22:56:44','','{\"path\":\"/pioneer/document/courseInfo/5/6/2dba4c2a-2164-4933-9330-8f27928e8d69.docx\",\"size\":710464,\"name\":\"东亚史与历史学-布彦隆之.docx\",\"type\":\"docx\"}',NULL),(48,'120180245','生活美学',2,'','100','课程','小教室','2018-09-03','2019-01-15','f/','10:00:00','12:00:00',20,'9201502803',NULL,'2018-02','2018-09-12 22:58:53','2018-09-12 22:58:53','','{\"path\":\"/pioneer/document/courseInfo/1/9/fbaa23e9-b016-4057-baac-84f4a7d9cd47.docx\",\"size\":710317,\"name\":\"生活美学-布彦隆之.docx\",\"type\":\"docx\"}',NULL),(49,'120180290','游戏艺术',2,'','100','课程','小教室','2018-09-03','2019-01-15','t/','10:00:00','12:00:00',20,'9201502803',NULL,'2018-02','2018-09-12 22:59:44','2018-09-12 22:59:44','','{\"path\":\"/pioneer/document/courseInfo/9/9/657fc238-0c75-4a5f-bf05-b34c0793ef50.docx\",\"size\":710183,\"name\":\"游戏艺术-布彦隆之.docx\",\"type\":\"docx\"}',NULL),(50,'120180212','英语预约课',2,'','100','预约课程','','2018-09-03','2019-01-15','','','',20,'9201801590',NULL,'2018-02','2018-09-13 00:03:23','2018-09-13 00:03:23','','',NULL),(51,'120180258','计算机预约课',2,'','100','预约课程','','2018-09-03','2019-01-15','','','',20,'9201801590',NULL,'2018-02','2018-09-13 00:03:32','2018-09-13 00:03:32','','',NULL),(53,'120180261','布彦隆之-导师课',0,'','100','预约课程','','2018-09-03','2019-01-15','','','',20,'9201502803',NULL,'2018-02','2018-09-13 01:23:30','2018-09-13 01:23:30','','',NULL),(54,'120180236','阅读课',2,'','100','课程','小教室','2018-09-03','2019-01-01','','','',20,'9201501154',NULL,'2018-02','2018-09-15 13:14:11','2018-09-15 13:14:11','','',NULL),(55,'120180211','魔兽世界',3,'','100','项目','','2018-09-03','2019-01-15','w/','aN:aN:aN','aN:aN:aN',20,'9201402713',NULL,'2018-02','2018-09-23 23:26:54','2018-09-25 13:08:19','','',NULL),(56,'120180215','笑谈广东话',2,'','100','项目','','2018-09-03','2019-01-15','t/w/tr/','23:26:00','23:59:00',20,'9201701000',NULL,'2018-02','2018-09-23 23:26:59','2018-09-23 23:26:59','','',NULL);

/*Table structure for table `feedback` */

DROP TABLE IF EXISTS `feedback`;

CREATE TABLE `feedback` (
  `id` int(11) NOT NULL AUTO_INCREMENT,
  `comment` longtext DEFAULT NULL,
  `faculty_id` varchar(255) DEFAULT NULL,
  `info` varchar(255) DEFAULT NULL,
  `operator_id` varchar(255) DEFAULT NULL,
  `rate` longtext DEFAULT NULL,
  `self_comment` longtext DEFAULT NULL,
  `update_time` varchar(255) DEFAULT NULL,
  PRIMARY KEY (`id`)
) ENGINE=MyISAM AUTO_INCREMENT=8 DEFAULT CHARSET=utf8;

/*Data for the table `feedback` */

insert  into `feedback`(`id`,`comment`,`faculty_id`,`info`,`operator_id`,`rate`,`self_comment`,`update_time`) values (1,NULL,'9201801826','2019','9201801590','[{\"star\":4.5,\"comment\":\"啊手动阀手动阀手动阀\"}]','基本完成本职工作，作为寝室老师能够认识所有同学并且有所交流，能够与其中部分同学深入交流，了解他们的需求和问题；在出纳岗位方面，完成学校账款支付、收据和发票的开具等工作；行政岗位方面，完成每月餐费领取及使用工作，学校部分物资采购和保管工作等；作为助教，课程出勤率较高，协助部分导师和兼职老师进行教学活动等。\n工作积极性有所不足，工作比较被动不擅长发现问题。','2019-01-26 23:46:06'),(2,NULL,'9201402713','2019','9201402713',NULL,'总体星级：4星\n\n导师工作（4星）：\n\n优：\n18年上半年，对李双成和许毅晗两人有效的支持和沟通。支持李双成理解自身的问题，接纳规则调整自己与他人的相处关系。支持许毅晗探索游戏，从比较防备的状态到逐渐打开分享过去的经历。\n\n18年下半年，带领的6位学生可以保证每月最少有三小时以上的沟通，根据不同学生的状态会花更多和较少的时间。在支持谭行知、刘霈臻、王涵的成长上卓有成效，也能够做到对高瑞泽、彭稚钦、许毅晗的全面了解。\n\n劣：\n作为导师也应该去理解和了解更多学生。但当其他学生和我自己带领的学生发生分歧时不能很好的理解对方。\n\n寝室工作（4星）：\n\n能做到对寝室学生比较全面的了解，并和每个学生保持一定的沟通频率。（每月至少一次单独沟通）支持寝室自制和聚餐卓有成效。\n\n问题在于寝室有一个学生，一个学期没有和导师沟通过一次，但没有及时了解并反馈给导师。\n\n外事工作（4.9星）：\n\n可以将外事做成教学的一部分，稳定支持校外人士了解学校并支持新生。而且补位了很多家长沟通的工作。\n\n教务工作（3星）：\n\n18年上半年兼职负责了部分教务工作，对讲授式课程有自己不认同和不理解的部分，并对此类课程产生偏见。而在处理教务相关问题上，容易将偏见带进工作中。并在这个过程中和部分老师产生相处上的问题。在树立教务规则等方面稳步推进。总体4星，但造成这样的问题扣1星。因此3星。\n\n金刚工作（4.5星）：\n\n起草了较多的制度文件，并给其他老师做了较多的部位工作。可主动发现学校管理层面的问题并通过与老师沟通合力解决问题。\n\n成都行会、创新教育交流会（4星）：\n\n推进19年初联欢会活动，推进18年中旬北京交流会年会。让学校与同行的关系更紧密，持续与同行建立联系，发生影响。','2019-01-25 14:11:56'),(3,NULL,'9201801110','2019','9201801110',NULL,'2018年度我在会计核算和财务预算上除了日常的费用报销、支付款项、报税和学期初的预算汇总等工作外，还利用网络资源启用了“柠檬云”财务软件（免费网络版），方便、准确又快捷地完成会计核算工作；也利用网络资源启用了“云快报”费用报销软件（免费网络版），在一定程度上使费用申请、报销和借款等日常支付款项工作跨时空完成，各环节可视化；申请使用了电子发票，减少税务工作上的人力成本和时间成本。在财务专业上，我取得了美国管理会计师证书（CMA中文版），在以后的工作和学习中还需要不断更新知识、拓展视野和有效实践。\n2018年对我是不平凡的一年，许多人事在不经意间发生又消失，正所谓“麻雀虽小五脏俱全”，既认识自己的有限，也去发现自己的潜能，做好本份竭力帮人。\n','2019-01-24 22:27:34'),(4,'null/9201801826','9201801590','2019','9201801590',NULL,'总评4星⭐⭐⭐⭐\n导师工作：4星\n从加入先锋的一年以来，辅导学生的人数从2人增长到了10人，每月也保证和学生有至少3小时的沟通时间。其中和小鱼，子祺等学生，有过一对一的长聊，也及时跟进学生的心理、健康情况。\n教务工作：4星\n从6月初接手教务工作以来，我快速熟悉业务，开始的时候也有过一些急躁。我觉得本年我对教务工作从入门到熟悉，了解各个老师的需求，但在项目跟进和一些预算处理上还稍显不足。\n软件工作：4星\nPCP基础开发工作基本完成。完成了监控设备的拆装，官网1期的开发等，都有不错的反馈。','2019-01-26 23:46:06'),(5,NULL,'9201501154','2019','9201701000',NULL,NULL,'2019-01-24 13:58:03'),(6,NULL,'9201502803','2019','9201502803',NULL,'总括：\n这是我加入先锋以来，工作最累的一个学年，也是教学成绩最好的一个学年。体现在几个方面，学生数量；学生实际情况；课程数量；社会传播等。我把自己的工作成绩每个方面以★来进行标示，5★为满。\n\n陪伴：★★★★★\n这是先锋的教育重点，一是我的学生多，二是学生里面新生多；三是学生情况复杂，比如性格层面存在各种问题多学生尤为多，差不多我的日常休息时间基本全部被占用，但是对于学生的改善和成长以及后续的人生规划价值也是显而易见的。\n\n课程：★★★★★\n这是我对学生进行“学会思考”和“学会学习”两个方面的教育重点，本学期我有四门课，除去进行国际化的前沿学术观点传递外，更加注重对于新学生思考能力的培养，希望他们可以在第1个学期开一扇思考力的天窗；第2个学期找到研究的兴趣；第3个学期进行真正的独立研究并产生价值；第4个学期成为我真正意义上的教学助手。\n\n传播：★★★★\n这个学年，因为前两个部分占用了我几乎所有时间，所以再传播工作上我更多利用休息日以“先锋导师&独立学者”的身份进行大量社会活动和讲座，对我校进行教育理念和成绩进行宣讲和推广。秋季学期随着左众的加入，我开始和左众/石磊进行微信公众号/网站进行整改，对架构/内容尤其是影视素材进行了大量拍摄，目前传播素材库已经基本就绪。\n\n项目/预约课：★★★★\n这个学年，我先后有两个和一个项目小组，其中游戏研究室作为游戏文化的专题探讨项目，已经培养出韩秋实/党建桐/安芮琪/何子宸/谢天悦等一批从随便打打游戏，到研究游戏背景再到社会性的文化思考的学生。预约课方面，谢天悦同学的游戏课/历史课，庞雨琳同学的历史课，都达到了“精致化教学一对一”的新高度，一是因为学生生源质量高，二是我们的授课方式具有非常强的学术性，这些都使得预约课成为了一种新的有效的教学方式。\n','2019-01-25 10:38:10'),(7,NULL,'9201503542','2019','9201503542',NULL,'回顾2018年年度工作，在做事和同事沟通方面，比较缺乏主动性及看待事的全面性，根据以下工作，整体评星为★★★★\n2018年上学期，主要负责小学部。小学部从前期的筹备到学期结束，工作内容主要包含行政后勤、教务工作、对外接待及少部分家长沟通工作，整个学期也是一波三折，会因经验不足部分事的处理方式不足，幸而在老师们的支持下完成小学部的学期工作。\n2018年下学期因小学部校址问题，故工作重心转回中学部，工作内容主要分为行政后勤、人事、寝室管理、学生项目四个方面。1、行政后勤的工作比较繁琐，含盖了食堂、寝室、学习中心的日杂事等，在日常的管理中能意识到其中的问题所在，求助其他老师加以修正；2、人事方面工作量不大，主要做一些基础沟通及员工合同的工作，因自身缺乏相关经验，目前在学习中；3、寝室管理主要负责女生寝室及1402的查寝工作，女生寝室工作主要是规则建立、家长沟通及寝室矛盾3方面。女生们性格差异大，日常相处下摩擦不断，前期主要花时间处理周佳韵和林芝欣的矛盾，在这个过程中支持并协助她们互相面对面的沟通，试着说出各自的需求，如何在中间取相处的平衡点。后期稍微熟悉后，女生们发生矛盾时主要支持她们自己去解决问题；4、学生项目是协助小虞做“虞嬷嬷的小冰箱”，整个项目能看到小虞的不确定性和事先的预判性，所以整个过程我是偏主动的推着他做，后期能明显感觉到他在项目过程中找到自信后的积极性，并且他自己能在整个项目过程中有思考和反思。','2019-01-26 23:28:50');

/*Table structure for table `hibernate_sequence` */

DROP TABLE IF EXISTS `hibernate_sequence`;

CREATE TABLE `hibernate_sequence` (
  `next_val` bigint(20) DEFAULT NULL
) ENGINE=MyISAM DEFAULT CHARSET=latin1;

/*Data for the table `hibernate_sequence` */

insert  into `hibernate_sequence`(`next_val`) values (8),(8),(8),(8),(8),(8),(8),(8),(8),(8),(8),(8),(8),(8),(8),(8);

/*Table structure for table `message` */

DROP TABLE IF EXISTS `message`;

CREATE TABLE `message` (
  `id` int(20) NOT NULL AUTO_INCREMENT,
  `sender_id` varchar(50) NOT NULL COMMENT '发送者ID',
  `subject` varchar(20) DEFAULT NULL COMMENT '主题',
  `title` varchar(255) DEFAULT NULL COMMENT '标题',
  `receiver_id` text DEFAULT NULL COMMENT '接收者ID',
  `body` text DEFAULT NULL COMMENT '内容',
  `status` varchar(10) DEFAULT NULL COMMENT '已读(read)、未读(unread)、草稿(draft)、删除(delete)',
  `date` varchar(50) DEFAULT NULL COMMENT '创建时间',
  `attachment` varchar(50) DEFAULT NULL COMMENT '附件',
  `tag` varchar(50) DEFAULT NULL COMMENT '标签组1（教务、系统、教学、普通）',
  `labels` varchar(50) DEFAULT NULL COMMENT '标签组2（重要、一般、紧急）',
  PRIMARY KEY (`id`)
) ENGINE=InnoDB AUTO_INCREMENT=15 DEFAULT CHARSET=utf8;

/*Data for the table `message` */

insert  into `message`(`id`,`sender_id`,`subject`,`title`,`receiver_id`,`body`,`status`,`date`,`attachment`,`tag`,`labels`) values (1,'9201701000','自评','自评识别码(PIN)的信息','9201402713','您收到一条来自行政的信息：您用于本学期自评的识别码（PIN）为：904400，有效期为：2019-01-24 00:00:00至2019-01-27 00:00:00, 如有问题请与行政人员联系！','read','2019-01-24 14:23:11',NULL,'教务','紧急'),(2,'9201701000','自评','自评识别码(PIN)的信息','9201503542','您收到一条来自行政的信息：您用于本学期自评的识别码（PIN）为：101653，有效期为：2019-01-24 00:00:00至2019-01-27 00:00:00, 如有问题请与行政人员联系！','read','2019-01-24 14:23:11',NULL,'教务','紧急'),(3,'9201701000','自评','自评识别码(PIN)的信息','9201801590','您收到一条来自行政的信息：您用于本学期自评的识别码（PIN）为：884822，有效期为：2019-01-24 00:00:00至2019-01-27 00:00:00, 如有问题请与行政人员联系！','read','2019-01-24 14:23:11',NULL,'教务','紧急'),(4,'9201701000','自评','自评识别码(PIN)的信息','9201501154','您收到一条来自行政的信息：您用于本学期自评的识别码（PIN）为：685289，有效期为：2019-01-24 00:00:00至2019-01-27 00:00:00, 如有问题请与行政人员联系！','read','2019-01-24 14:23:11',NULL,'教务','紧急'),(5,'9201701000','识别码','自评识别码','9201701000','您接收到来自系统的一条消息:用户 9201402713 的自评识别码904400 已生成！','unread','2019-01-24 14:23:11',NULL,'系统','重要'),(6,'9201701000','自评','自评识别码(PIN)的信息','9201502803','您收到一条来自行政的信息：您用于本学期自评的识别码（PIN）为：803436，有效期为：2019-01-24 00:00:00至2019-01-27 00:00:00, 如有问题请与行政人员联系！','read','2019-01-24 14:23:11',NULL,'教务','紧急'),(7,'9201701000','识别码','自评识别码','9201701000','您接收到来自系统的一条消息:用户 9201503542 的自评识别码101653 已生成！','unread','2019-01-24 14:23:11',NULL,'系统','重要'),(8,'9201701000','识别码','自评识别码','9201701000','您接收到来自系统的一条消息:用户 9201801590 的自评识别码884822 已生成！','unread','2019-01-24 14:23:11',NULL,'系统','重要'),(9,'9201701000','识别码','自评识别码','9201701000','您接收到来自系统的一条消息:用户 9201501154 的自评识别码685289 已生成！','unread','2019-01-24 14:23:11',NULL,'系统','重要'),(10,'9201701000','识别码','自评识别码','9201701000','您接收到来自系统的一条消息:用户 9201502803 的自评识别码803436 已生成！','unread','2019-01-24 14:23:11',NULL,'系统','重要'),(11,'9201701000','自评','自评识别码(PIN)的信息','9201801110','您收到一条来自行政的信息：您用于本学期自评的识别码（PIN）为：628847，有效期为：2019-01-24 00:00:00至2019-01-27 00:00:00, 如有问题请与行政人员联系！','read','2019-01-24 14:23:11',NULL,'教务','紧急'),(12,'9201701000','识别码','自评识别码','9201701000','您接收到来自系统的一条消息:用户 9201801110 的自评识别码628847 已生成！','unread','2019-01-24 14:23:11',NULL,'系统','重要'),(13,'9201701000','自评','自评识别码(PIN)的信息','9201801826','您收到一条来自行政的信息：您用于本学期自评的识别码（PIN）为：680738，有效期为：2019-01-24 00:00:00至2019-01-27 00:00:00, 如有问题请与行政人员联系！','read','2019-01-24 14:23:16',NULL,'教务','紧急'),(14,'9201701000','识别码','自评识别码','9201701000','您接收到来自系统的一条消息:用户 9201801826 的自评识别码680738 已生成！','unread','2019-01-24 14:23:16',NULL,'系统','重要');

/*Table structure for table `person` */

DROP TABLE IF EXISTS `person`;

CREATE TABLE `person` (
  `user_id` varchar(20) NOT NULL COMMENT '主编号',
  `username` varchar(100) NOT NULL COMMENT '用户名',
  `first_name` varchar(100) NOT NULL COMMENT '名',
  `last_name` varchar(100) NOT NULL COMMENT '姓',
  `password` varchar(100) NOT NULL COMMENT '密码',
  `status` varchar(20) NOT NULL COMMENT '状态',
  `info` varchar(100) NOT NULL COMMENT '信息',
  `type` varchar(20) NOT NULL COMMENT '属性',
  `role_id` varchar(50) DEFAULT NULL,
  `birthday` varchar(100) DEFAULT NULL COMMENT '生日',
  `email` varchar(100) DEFAULT NULL COMMENT '电子邮件',
  `tel` varchar(100) DEFAULT NULL COMMENT '电话号',
  `qq` varchar(100) DEFAULT NULL COMMENT 'qq号',
  `we_chat` varchar(100) DEFAULT NULL COMMENT '微信号',
  `dorm` varchar(100) DEFAULT NULL COMMENT '宿舍号',
  `gender` varchar(20) NOT NULL COMMENT '性别',
  `create_time` varchar(100) NOT NULL COMMENT '创建时间',
  `update_time` varchar(100) NOT NULL COMMENT '修改时间',
  `last_login_time` varchar(100) DEFAULT NULL,
  `trial_period` varchar(255) DEFAULT NULL COMMENT '试读期/试用期',
  `address` varchar(255) DEFAULT NULL,
  `comment` text DEFAULT NULL COMMENT '备注',
  `profile` text DEFAULT NULL COMMENT '头像',
  `user_info` text DEFAULT NULL,
  PRIMARY KEY (`user_id`)
) ENGINE=InnoDB DEFAULT CHARSET=utf8;

/*Data for the table `person` */

insert  into `person`(`user_id`,`username`,`first_name`,`last_name`,`password`,`status`,`info`,`type`,`role_id`,`birthday`,`email`,`tel`,`qq`,`we_chat`,`dorm`,`gender`,`create_time`,`update_time`,`last_login_time`,`trial_period`,`address`,`comment`,`profile`,`user_info`) values ('9201101270','xwl270','晓伟','刘','$2a$10$ERRXsJuXW6U5sKxr1AvyBuQgPtbkm/lEFYKBD3imDex2/bCsHJJ6W','1','2011-01','f/','0/6/7/','1962-12-13T16:00:00.000Z','xianfeng@xianfengedu.org','18030475676','94548782',NULL,NULL,'male','2018-08-15 21:45:44','2018-09-13 21:06:57','2018-09-13 21:04:19',NULL,NULL,'','{\"path\":\"/pioneer/image/profile/14/1/13c95fd1-7ebc-4318-9b36-6bac7a2e9789.jpg\",\"size\":101597,\"name\":\"lxw_2.jpg\",\"type\":\"jpg\"}',NULL),('9201301743','nmcr743','尼玛','慈仁','$2a$10$Tw1o8qXw5FA2KOQrW4VVEeL9IkoKB6cZoQ5cEZFdLyUc8AEBzIh7G','1','2013-01','f/','0/6/','2018-09-11T16:00:00.000Z','11111111@qq.com','1111111111','1111111111',NULL,NULL,'male','2018-09-12 23:01:39','2018-09-12 23:01:39',NULL,NULL,NULL,'',NULL,NULL),('9201402537','phl537','培洪','罗','$2a$10$QjTPbQilxGnDgIGe9UnUf.86x8lpecqpx/gLM.WhxizNcR7s8N95i','1','2014-02','f/','0/6/2/','2000-10-23T16:00:00.000Z','806246566@qq.com','18073309685','806246566',NULL,NULL,'undetermined','2018-08-02 22:04:55','2018-08-16 23:34:25',NULL,NULL,NULL,'','{\"path\":\"/pioneer/image/profile/7/6/238f0912-c926-436c-a735-4fba8220a150.jpg\",\"size\":87244,\"name\":\"lph_2.jpg\",\"type\":\"jpg\"}','{\"path\":\"/pioneer/document/userInfo/7/6/76f345c5-4162-4443-a0a9-079a93e5e8e9.jpg\",\"size\":87244,\"name\":\"lph_2.jpg\",\"type\":\"jpg\"}'),('9201402713','zj713','伟灿（桔子）','倪','$2a$10$ItXYkdMqGQOrthC7TQj.2.bhxzlcM7wxJclFOgoMfUjbxdnUBq012','1','2014-02','f/a/','0/6/1/4/7/','1994-06-20T16:00:00.000Z','821978672@qq.com','17780622519','821978672',NULL,NULL,'male','2018-09-07 10:15:13','2019-01-25 14:10:47','2019-01-25 14:10:07',NULL,NULL,'','{\"path\":\"/pioneer/image/profile/12/0/bddcc077-d57f-49ef-b90e-b0eecb7052aa.jpg\",\"size\":89438,\"name\":\"nwc_1.jpg\",\"type\":\"jpg\"}',NULL),('9201501154','zmt154','振明','唐','$2a$10$0N28tZwO1nXOslttl14pw.h2Sty3SZZzImGvoryMlcb.S9vYpgAh2','1','2015-01','f/','0/6/','1982-02-10T16:00:00.000Z','Synphotine@qq.com','13625104371','55175350',NULL,NULL,'male','2018-08-04 14:01:09','2019-01-26 23:15:36','2019-01-26 23:12:55',NULL,NULL,'','{\"path\":\"/pioneer/image/profile/9/0/ea563cc6-b0c0-42f6-b195-aaee052fad58.jpg\",\"size\":91493,\"name\":\"tzm_1.jpg\",\"type\":\"jpg\"}',NULL),('9201502132','sl132','三','老','$2a$10$SdAxVq02af4nngPAwQrt4OqIE7vzkaYxyCp29SqEjDmhiiWxFAGCC','1','2015-02','f/','0/6/','2018-09-11T16:00:00.000Z','111111111@qq.com','1111111111','11111111',NULL,NULL,'male','2018-09-12 22:36:34','2018-09-12 22:40:39',NULL,NULL,NULL,'',NULL,NULL),('9201502154','zch154','子宸','何','$2a$10$ktWhYay2OhOiS5RhC4PynedNYVvgDorO19ZD63ihSMlk6ZMkVHPUq','1','2015-02','s/','0/5/','2002-05-25T16:00:00.000Z','2194910972@qq.com','13541081269','2194910972',NULL,NULL,'male','2018-08-02 20:20:35','2018-09-18 21:22:07','2018-09-16 16:35:34','[]',NULL,'','{\"path\":\"/pioneer/image/profile/3/1/eb241dd7-6e15-450d-932a-00ea3c6ab7f5.jpg\",\"size\":130090,\"name\":\"hzc_1.jpg\",\"type\":\"jpg\"}',NULL),('9201502803','lzby803','隆之','布彦','$2a$10$gY.PY1AoXl1Ww3X8HJtJQugkitdJK6uF7oIz4QC6tZcQeT6ZjKbNG','1','2015-02','f/','0/6/2/7/','','','18628047206','772380576',NULL,NULL,'male','2018-08-07 20:13:54','2019-01-25 10:35:22','2019-01-25 10:34:17',NULL,NULL,'','{\"path\":\"/pioneer/image/profile/2/8/00676f81-b09e-4562-82d8-3ebc91fc804b.jpg\",\"size\":108457,\"name\":\"hh_1.jpg\",\"type\":\"jpg\"}',NULL),('9201502822','yb,ypl822','宇波','刘','$2a$10$TbTgZARhAoGwQfOy2JpeY.dCe0jzuk1wUu78vrXVytJG0gmyvtIcO','1','2015-02','f/','0/6/','2018-09-11T16:00:00.000Z','1111111@qq.com','111111111','11111111',NULL,NULL,'male','2018-09-12 22:36:26','2018-09-12 22:36:26',NULL,NULL,NULL,'',NULL,NULL),('9201502825','cxy825','晨煦','虞','$2a$10$fSsZ7b28OYNBRf8wfyL6/uVg5r4mxcJG3uKm5vxECZY6p82yoiADW','1','2015-02','s/','0/5/','2002-08-15T16:00:00.000Z','815237261@qq.com','18969765952','815237261',NULL,NULL,'male','2018-08-02 19:11:05','2018-08-02 20:19:29','2018-09-13 02:55:21',NULL,NULL,'','{\"path\":\"/pioneer/image/profile/0/10/e71b1592-2c9c-4cb7-9290-4df0929c81ef.jpg\",\"size\":127399,\"name\":\"ycx_1.jpg\",\"type\":\"jpg\"}',NULL),('9201503542','zjm542','宗佳','马','$2a$10$MQC1k2ZCSukZzsukB.sxzulfApfCevTKxhtdvaXbGx6yd2ba5072i','1','2015-03','ff/','0/3/6/7/','1994-02-11T16:00:00.000Z','858715195@qq.com','17708075506','858715195',NULL,NULL,'female','2019-01-24 14:10:49','2019-01-26 17:07:24','2019-01-26 23:01:40',NULL,NULL,'',NULL,NULL),('9201601212','xj212','旭','姜','$2a$10$Nhq/SIfBA0X/0pd/MpxkL../.qzGvePv17hKBzcxi.EmIru47GzTG','0','2016-01','s/','0/5/','2002-02-08T16:00:00.000Z','1832993047@qq.com','13962263766','1832993047',NULL,NULL,'male','2018-08-02 20:22:00','2018-09-06 01:12:02',NULL,NULL,NULL,'','{\"path\":\"/pioneer/image/profile/0/13/6b809be4-c034-4f90-b8b0-ee1f2385c075.jpg\",\"size\":142974,\"name\":\"jx_1.jpg\",\"type\":\"jpg\"}',NULL),('9201601752','rc752','蓉','程','$2a$10$7l9DWG3E393pbTdTpdBpquwNyPeFIBOEVBifBFAQgTgjKw8dxuWdC','1','2016-01','f/','0/6/7/','2018-08-14T16:00:00.000Z','1483794460@qq.com','11111111111','1483794460',NULL,NULL,'female','2018-08-15 22:19:31','2018-08-15 22:19:31',NULL,NULL,NULL,'','{\"path\":\"/pioneer/image/profile/1/8/b5eda830-6ef9-417f-90af-e6dfebe864ff.jpg\",\"size\":88349,\"name\":\"cr_1.jpg\",\"type\":\"jpg\"}',NULL),('9201602165','hnh165','昊南','黄','$2a$10$AcfkZPs7fq7rVEnbiCGF9.FVsf3jFmqiftOd9AWDsj6hI8dsfbYaq','1','2016-02','s/','0/5/','2001-01-03T16:00:00.000Z','huang1227007212@163.com','17358532484','1227007212',NULL,NULL,'male','2018-08-02 20:23:11','2018-09-07 12:55:27','2018-09-15 11:16:01',NULL,NULL,'','{\"path\":\"/pioneer/image/profile/0/11/ac3c87a8-a65c-4073-b24a-cc07a9d70034.jpg\",\"size\":121621,\"name\":\"hhn_1.jpg\",\"type\":\"jpg\"}',NULL),('9201602229','ynl229','亚倪','刘','$2a$10$6u65/5AVJFLq4lDEIOEJruqLFdeYhkIG0zaKrvjOwqsuUq3xUyDBm','1','2016-02','s/','0/5/','2000-11-13T16:00:00.000Z','mierma@sina.com','13520898920','2467415445',NULL,NULL,'undetermined','2018-09-10 00:37:07','2018-09-10 00:37:07','2018-09-10 00:43:34',NULL,NULL,'',NULL,NULL),('9201603838','ytl838','永泰','林','$2a$10$JthTlQT6L7hZOIrHdDbA9.130lt.BCwE4Oek2PS71A1WTH3rQOCpq','1','2016-03','s/','0/5/','2001-11-14','837099769@qq.com','13548084920','837099769',NULL,NULL,'male','2018-08-02 20:21:03','2018-09-13 14:31:46','2018-09-13 14:33:24',NULL,NULL,'','{\"path\":\"/pioneer/image/profile/10/10/c0f00597-1bd3-44a4-9aa8-6ce84b3ca185.jpg\",\"size\":139070,\"name\":\"lyt_2.jpg\",\"type\":\"jpg\"}',NULL),('9201701000','root','管理员','先锋','$2a$10$UcsU6n.N0fyLrDgonZm5O.E8L5HSaXSaU.Ei5yftD21h117FOeedK','1','2017-01','s/f/a/','0/1/2/3/4/5/6/7/','1996-11-12','691217991@qq.com','13668284849','1343214384','1343214384','我不知道','undetermined','2017-08-08 07:00:00','2018-09-12 23:58:35','2019-01-26 23:03:09',NULL,'成都市新都区斑竹园镇北欧知识城云兴路8号','请勿删除','{\"path\":\"/pioneer/image/profile/9/9/0f130949-3466-44be-8c5f-ee1dd5d59201.jpg\",\"size\":9276,\"name\":\"dcf_1.jpg\",\"type\":\"jpg\"}',''),('9201701888','lz888','玲','张','$2a$10$fnNcCLJ3M16SI5sJceqIfuTrXYvlTLahdDCGZ.Xjlhs1oaVNMM7a.','0','2017-01','f/','0/6/','2018-08-14T16:00:00.000Z','252524749@qq.com','1111111111','252524749',NULL,NULL,'female','2018-08-15 22:18:46','2018-08-15 22:18:46',NULL,NULL,NULL,'',NULL,NULL),('9201702405','dUdi)w405','迪（Udi)','吴','$2a$10$P6uJqjGttFS7oNwnzhaws.8kDOKmtZ/mEh766Z3Zokmi5oe85UteS','1','2017-02','f/','0/6/','2018-09-11T16:00:00.000Z','111111@qq.com','11111111111','111111111',NULL,NULL,'male','2018-09-12 22:32:30','2018-09-12 22:32:30',NULL,NULL,NULL,'',NULL,NULL),('9201702636','tyf636','天煜','傅','$2a$10$.8aN0HRMVgPBB6aVj/AtN.2lkF4JEC1vR5jjCRDEJwIJUdNPUKlgm','0','2017-02','s/','0/5/','2004-03-24T16:00:00.000Z','1840691987@qq.com','13682458147','1840691987',NULL,NULL,'female','2018-08-02 20:21:31','2018-09-06 01:11:48',NULL,NULL,NULL,'','{\"path\":\"/pioneer/image/profile/13/10/a690d88f-cd9e-41db-a9bf-fe21e2d2d4f2.jpg\",\"size\":117728,\"name\":\"fty_1.jpg\",\"type\":\"jpg\"}',NULL),('9201801110','mf,p110','梅','冯','$2a$10$5vjCGP11WY4T3WhB4sJPuu25RSWebSvtgWypLW9O6gUPFhhVLBEWi','1','2018-01','f/','0/6/3/7/','1969-11-25T16:00:00.000Z','352300400@qq.com','13350079282','352300400',NULL,NULL,'female','2018-08-12 22:41:51','2019-01-24 18:22:56','2019-01-24 21:40:56',NULL,NULL,'','{\"path\":\"/pioneer/image/profile/9/2/a73eea7d-bda6-4740-a52f-3ae00c235634.jpg\",\"size\":94354,\"name\":\"fm_1.jpg\",\"type\":\"jpg\"}',NULL),('9201801114','qsh114','秋实','韩','$2a$10$NJJyj13HfUjFX.oY/lzGb.DoeQ32Ta5DzhbGuMPeK9WEVTVN4v64y','0','2018-01','s/','0/5/','2018-08-14T16:00:00.000Z','11111111@qq.com','11111111','11111111',NULL,NULL,'male','2018-08-15 22:35:06','2018-09-06 01:11:54',NULL,NULL,NULL,'',NULL,NULL),('9201801119','yys119','宇洋','师','$2a$10$Lr6Yp93n2aSFgdsjuPsR9.vjX13g1W60sXbr7tNF.lrdcGQaU/S1q','1','2018-01','s/','0/5/','2018-08-14T16:00:00.000Z','11111111@qq.com','11111111','11111111',NULL,NULL,'male','2018-08-15 22:35:21','2018-08-15 22:35:21',NULL,NULL,NULL,'',NULL,NULL),('9201801144','tc144','涛','崔','$2a$10$ef.IjDsmEtvmiRmyUdPyrOYMYSg06mzayaq2V1g5zAe3w8LlS9.cK','1','2018-01','f/','0/6/2/7/','1985-05-07T16:00:00.000Z','8406206@qq.com','18030714656','8406206',NULL,NULL,'male','2018-08-15 21:46:36','2018-09-18 09:45:21','2018-09-18 09:49:35',NULL,NULL,'','{\"path\":\"/pioneer/image/profile/4/15/0f7d3d72-bda6-47ee-9d70-581284f91733.jpg\",\"size\":80344,\"name\":\"ct_2.jpg\",\"type\":\"jpg\"}',NULL),('9201801173','qfc173','棋丰','陈','$2a$10$Ci9tWUJc7Imons0Q/aZeXeHx3nf6Kkbxf6vJPs.vbKJ3cwYPI.x1W','0','2018-01','s/','0/5/','2018-08-14T16:00:00.000Z','1111111111@qq.com','111111111','111111111',NULL,NULL,'male','2018-08-15 22:33:58','2018-09-06 01:11:46','2018-08-15 23:59:18',NULL,NULL,'',NULL,NULL),('9201801200','bzj200','炳郅','蒋','$2a$10$1/yzvRpZmzzL/qkCzhkagePckCY2El.6SO7Rw6n.Q9.MjrTzGR44a','1','2018-01','s/','0/5/','2018-08-14T16:00:00.000Z','111111@qq.com','11111111','11111111',NULL,NULL,'male','2018-08-15 22:35:38','2018-08-15 22:35:38',NULL,NULL,NULL,'',NULL,NULL),('9201801215','clg215','琛来','高','$2a$10$/vTab.aAsD6pXsh/JKEGeOUnkZD2p7jO0WR5BQSX3kAf901SS3LRO','0','2018-01','s/','0/5/','2018-08-14T16:00:00.000Z','zyzvictor@qq.com','13668284849','2859286801',NULL,NULL,'male','2018-08-15 21:44:56','2018-09-13 02:34:58',NULL,NULL,NULL,'',NULL,NULL),('9201801240','xqh240','馨琦','黄','$2a$10$QAoboQ1H.XPy2n36sSVRt.snVHYhx5elMBjBTKMoIx0bQvxTKsrJO','1','2018-01','s/','0/5/','2002-08-18T16:00:00.000Z','3226256269@qq.com','15828151614','3226256269',NULL,NULL,'female','2018-09-06 01:10:26','2018-09-10 11:27:11','2018-09-21 20:04:45',NULL,NULL,'',NULL,NULL),('9201801259','zyx259','仲宇','熊','$2a$10$w6TY06nS.VGOxEs5knvRKuff08yEZqyMkiL9ePLjs46GpBWr9lp32','1','2018-01','s/','0/5/','2018-08-14T16:00:00.000Z','111111@qq.com','11111111','11111111',NULL,NULL,'male','2018-08-15 22:34:15','2018-08-15 22:34:15',NULL,NULL,NULL,'',NULL,NULL),('9201801342','jtd342','健桐','党','$2a$10$w6AuzFFFsQknrwF1JV4vTuwW3pyE9JmtpdBRHy9rT2gX.Qrde8OQi','0','2018-01','s/','0/5/','2018-08-14T16:00:00.000Z','1111111111@qq.com','1111111111','1111111111',NULL,NULL,'male','2018-08-15 22:34:28','2018-09-06 01:12:18',NULL,NULL,NULL,'',NULL,NULL),('9201801417','jhl417','嘉和','李','$2a$10$tsYwwgQ53m71hlcb9FnL9uy2oG3HNxxEMKQ07qxv7g3/Wgu2fofqq','1','2018-01','s/','0/5/','2003-06-13T16:00:00.000Z','1070987833@qq.com','18577790898','1070987833',NULL,NULL,'male','2018-08-15 22:33:39','2018-09-07 12:49:06','2018-09-15 14:29:17',NULL,NULL,'',NULL,NULL),('9201801423','zql423','子祺','李','$2a$10$puW9RBwIFtwtOE2xeC31GO5Q6jI4GmzZaqQVmGNngs98Dxw3Q4j7u','1','2018-01','s/','0/5/','2003-12-20T16:00:00.000Z','2895311981@qq.com','18661315161','2895311981',NULL,NULL,'male','2018-08-15 22:34:53','2018-09-07 13:55:35','2018-09-14 16:18:37',NULL,NULL,'',NULL,NULL),('9201801465','yjg465','仪佳','郭','$2a$10$hX/cMQkdQmwAuBcZ2k4Y6ODNgKGM1dDqTZ1Vp50qI1J6oZlYTGAhG','0','2018-01','s/','0/5/','2018-08-14T16:00:00.000Z','111111@qq.com','11111111','11111111',NULL,NULL,'female','2018-08-15 22:36:21','2018-09-06 01:15:35',NULL,NULL,NULL,'',NULL,NULL),('9201801470','rpm470','瑞鹏','马','$2a$10$IggUuvLvTlnsqj6jWq403.rt0Mo7m2jLCVNLIbPNdAgSmM1RrWsfO','0','2018-01','s/','0/5/','2018-08-14T16:00:00.000Z','111111111@qq.com','1111111111','1111111111',NULL,NULL,'male','2018-08-15 22:34:05','2018-09-06 01:12:22',NULL,NULL,NULL,'',NULL,NULL),('9201801471','lxt,y471','林熹','余','$2a$10$WflSqMy.p5ql5rsaum.VPeBdQHbgdts/GxbdZXRHp2gTz.GUG/N1a','1','2018-01','s/','0/5/','2018-09-14T16:00:00.000Z','111111111@qq.com','111111111111','11111111111',NULL,NULL,'female','2018-08-15 22:35:46','2018-09-15 13:03:12','2018-09-15 13:02:48',NULL,NULL,'',NULL,NULL),('9201801474','gx474','刚','熊','$2a$10$RvTqIln90A6ycJhTrC00M.GdmpPjJ93YFZrn.FUFHHgz54kL94nqa','1','2018-01','f/','0/6/2/7/','1974-10-23T16:00:00.000Z','','13981881760','1214644286',NULL,NULL,'male','2018-08-15 22:19:12','2018-09-14 15:30:02','2018-09-14 15:32:43',NULL,NULL,'','{\"path\":\"/pioneer/image/profile/1/10/e23324a4-6adf-4836-8c98-5fff7e576438.jpg\",\"size\":110482,\"name\":\"xg_1.jpg\",\"type\":\"jpg\"}',NULL),('9201801547','tyx547','天悦','谢','$2a$10$wqjvJKFDCQIbMgZDM0a08Ou24m61g9eH/uKm7Csr.pzBLFND.gEA.','1','2018-01','s/','0/5/','2018-08-14T16:00:00.000Z','111111@qq.com','11111111','11111111',NULL,NULL,'female','2018-08-15 22:35:13','2018-08-15 22:35:13',NULL,NULL,NULL,'',NULL,NULL),('9201801549','yhx549','毅晗','许','$2a$10$yTFiEsI9C63OLbrEPqLBFOy/eaKmifoWuCqUoFVXa3P7qyhVN4GT.','1','2018-01','s/','0/5/','2002-07-20T16:00:00.000Z','1719441436@qq.com','13505743035','1719441436',NULL,NULL,'male','2018-08-18 17:44:06','2018-09-07 12:59:02','2018-09-15 10:57:45',NULL,NULL,'',NULL,NULL),('9201801590','ShileiLin590','石磊','林','$2a$10$mqoxgScsiuR.PkJToB9OO.q/GkmuCqiUZfk7FTi8PV.tShgYrr9wS','1','2018-01','f/','0/6/2/7/','1996-11-11T16:00:00.000Z','691217991@qq.com','13668284849','691217991',NULL,'1402','male','2018-08-02 00:05:14','2019-01-24 15:42:50','2019-01-26 23:44:22',NULL,'Weiyi Rd,HUangtianba, qingyang district','','{\"path\":\"/pioneer/image/profile/7/2/c6a9a5a8-0403-4914-9936-0930ca11f8a1.jpg\",\"size\":109132,\"name\":\"lsl_1.jpg\",\"type\":\"jpg\"}','{\"path\":\"/pioneer/document/userInfo/4/10/4f57e665-5062-4787-ba9a-301d74b7a113.png\",\"size\":1947443,\"name\":\"第三新成都2_1.png\",\"type\":\"png\"}'),('9201801789','rrz789','润然','朱','$2a$10$uXM3DGimueq9QdM8CoiE9etpM3rijIMK8Yn.IWyw.byyh.VuCWHCG','1','2018-01','s/','0/5/','2002-02-25T16:00:00.000Z','2052836471@qq.com','15867751772','2052836471',NULL,NULL,'male','2018-08-15 22:35:28','2018-09-14 20:55:42','2018-09-17 16:31:09',NULL,NULL,'',NULL,NULL),('9201801790','tn790','天','牛','$2a$10$4adpluHwoR9TYomOicGU/O8vbrFXcr9xMTF5wsoAAFw1vHjI0a6fi','0','2018-01','s/','0/5/','2018-08-14T16:00:00.000Z','111111111@qq.com','111111111','111111111',NULL,NULL,'male','2018-08-15 22:34:21','2018-09-06 01:15:39',NULL,NULL,NULL,'',NULL,NULL),('9201801805','yms,c805','意铭','沈','$2a$10$9Xg9LvCSB.RBESg41vgtKee1YQaVS19vstHQRJDA9Btigvxv.74Ka','0','2018-01','s/','0/5/','2018-08-14T16:00:00.000Z','1111111111@qq.com','1111111111','1111111111',NULL,NULL,'male','2018-08-15 22:34:45','2018-09-06 01:12:27',NULL,NULL,NULL,'',NULL,NULL),('9201801825','sf,cfd,z825','乘风','丁','$2a$10$QcXm/JKgzK6VztAbAyXWseC2r9BtYCe.hCAjoI4js7/smKCXebudS','1','2018-01','f/','0/6/','1992-12-31T16:00:00.000Z','554925899@qq.com','18353139443','554925899',NULL,NULL,'male','2018-08-15 22:51:40','2018-08-15 22:51:40','2018-09-20 16:51:23',NULL,NULL,'',NULL,NULL),('9201801826','wl826','苇','卢','$2a$10$04p.1uuVo7.JxtB4liIIs.RgMOBNv0J7ZWvv7TFXeD7gK/wVO9IW2','1','2018-01','f/','0/6/2/','1993-07-08T16:00:00.000Z','85800327@qq.com','15884468203','85800327',NULL,NULL,'male','2018-08-12 22:16:34','2019-01-24 17:04:37','2019-01-24 17:04:05',NULL,NULL,'','{\"path\":\"/pioneer/image/profile/13/2/8ec193a5-499a-4406-9c1d-d0288c635957.jpg\",\"size\":92972,\"name\":\"lw_1.jpg\",\"type\":\"jpg\"}',NULL),('9201801842','qcp842','泉呈','潘','$2a$10$toGEOVfRandNaCy64g0dneNgKzPRIKGCUp7aS.mlywLWE6AgS/myi','0','2018-01','s/','0/5/','2018-08-14T16:00:00.000Z','111111@qq.com','11111111','11111111',NULL,NULL,'male','2018-08-15 22:36:02','2018-09-06 01:12:33',NULL,NULL,NULL,'',NULL,NULL),('9201801846','ycz846','一畅','张','$2a$10$oVZcuNnEB6S5s.LW03HEQecYh6L4QP0wfREbBSdZb9fFfpAip1HkK','0','2018-01','s/','0/5/','2018-08-14T16:00:00.000Z','111111@qq.com','11111111','11111111',NULL,NULL,'male','2018-08-15 22:35:53','2018-09-06 01:12:36',NULL,NULL,NULL,'',NULL,NULL),('9201801848','hxc848','泓贤','陈','$2a$10$pa3qi25f76Xvf7KLrlIOfO.iuAxApwjL1IlyepQ27fRtip87qE3le','0','2018-01','s/','0/5/','2018-08-14T16:00:00.000Z','111111@qq.com','11111111','11111111',NULL,NULL,'male','2018-08-15 22:34:38','2018-09-06 01:12:38',NULL,NULL,NULL,'',NULL,NULL),('9201801876','ynz876','懿男','郑','$2a$10$aKDuGS8YhHgJ1Az4mGgX4.YSoxE5ZRZbZmxK4PkeQD28MOk1SedhC','1','2018-01','s/','0/5/','2000-03-18T16:00:00.000Z','1147327846@qq.com','17743268964','1147327846',NULL,NULL,'male','2018-08-15 22:36:12','2018-09-10 12:54:37','2018-11-27 14:05:46',NULL,NULL,'',NULL,NULL),('9201801880','yy880','燕','杨','$2a$10$MQPlqr/eE6Ahp0geBtieBuO3nO8iFsx4ItwYZPFv/O5piHUIOq/qm','1','2018-01','f/','0/3/2/','2018-08-14T16:00:00.000Z','7344682@qq.com','13668284849','7344682',NULL,NULL,'female','2018-08-15 21:51:56','2018-08-15 21:51:56','2018-08-16 11:15:34',NULL,NULL,'','{\"path\":\"/pioneer/image/profile/2/2/46ce922c-de83-45e7-b698-004fd53e792d.jpg\",\"size\":110787,\"name\":\"yy_1.jpg\",\"type\":\"jpg\"}',NULL),('9201801916','scl916','双成','李','$2a$10$Dcl2zVcPB0vhlkKyIhECROojgzDg8RC1wAPL8JTooXtoWI2PhZqTq','1','2018-01','s/','0/5/','2002-11-11T16:00:00.000Z','','17780646405','3027921577',NULL,NULL,'male','2018-08-15 22:33:48','2018-09-07 14:12:50','2018-09-16 23:26:24',NULL,NULL,'',NULL,NULL),('9201801969','zxl969','子璇','凌','$2a$10$JB3YTusHEkYyIpA6iiWZoeOtV0dECU/HilFZpbFHtMjj.O9UMUVXe','0','2018-01','s/','0/5/','2018-08-14T16:00:00.000Z','111111@qq.com','11111111','11111111',NULL,NULL,'female','2018-08-15 22:33:31','2018-09-06 01:15:29','2018-09-06 00:50:19',NULL,NULL,'',NULL,NULL),('9201802112','jal112','金奥','李','$2a$10$tFX/W2yj7g3h5EuTDaICSOPWGVcPMrllt8N0.b0JWmgVm9m8ZGz4m','1','2018-02','s/','0/5/','2001-07-12T16:00:00.000Z','2832922603@qq.com','17773179212','2832922603',NULL,NULL,'female','2018-09-06 01:10:45','2018-09-06 01:10:45','2018-09-15 17:19:09',NULL,NULL,'',NULL,NULL),('9201802152','zxl152','芝欣','林','$2a$10$.MDS9dd4hhUAGVPjwpZH7ObxBCtUvvRarjPaKS3NGOBdq288FXJOa','1','2018-02','s/','0/5/','2003-11-13T16:00:00.000Z','1176192158@qq.com','13505872113','1176192158',NULL,NULL,'female','2018-09-12 23:02:18','2018-09-14 16:01:48','2018-09-14 16:15:45',NULL,NULL,'',NULL,NULL),('9201802224','rqa224','芮琪','安','$2a$10$xGt8S6GoUaOatg8zSe2hjupOK1/jstOsOsSrSxkJ4ZBu0v9c720gy','1','2018-02','s/','0/5/','2003-12-18','1873822849@qq.com','19983220135','1873822849',NULL,NULL,'female','2018-09-06 01:10:36','2018-09-13 15:35:36','2018-09-14 14:39:09',NULL,NULL,'',NULL,NULL),('9201802231','wmc231','炜明','陈','$2a$10$KCiisHugw/jYrtvzkA9bleVqarjSpN53zVq1/eOXK.yB2tj2KJ5lK','1','2018-02','s/','0/5/','2000-08-28','1735900239@qq.com','13352878357','1735900239',NULL,NULL,'male','2018-09-07 10:14:46','2018-09-13 03:21:51','2018-09-19 12:19:46',NULL,NULL,'',NULL,NULL),('9201802436','zqp436','稚钦','彭','$2a$10$LYr4cotlMqAdTJvLKRUzqeNd5xmShtKPlKX8poyQrcP1mXXVP6uvS','1','2018-02','s/','0/5/','2003-07-07T16:00:00.000Z','405581685@qq.com','18685000733','405581685',NULL,NULL,'male','2018-09-12 23:02:05','2018-09-16 13:48:38','2018-09-20 02:29:34',NULL,NULL,'',NULL,NULL),('9201802500','hw500','涵','王','$2a$10$lDg4N627wmPnsCYRwG0pH.Gf8Df9cDAdp6pSxFgTmYzJTizAGnC0K','1','2018-02','s/','0/5/','2018-09-11T16:00:00.000Z','111111111@qq.com','1111111111','1111111111',NULL,NULL,'male','2018-09-12 23:01:53','2018-09-12 23:01:53',NULL,NULL,NULL,'',NULL,NULL),('9201802524','qe,tel524','覃恩','李','$2a$10$4jPHfl7IkGLi2xRjMZFCNOIvhs0I20VZLEpmeNO1zeZJS18IUvEVa','1','2018-02','s/','0/5/2/','2001-07-05','1277168683@qq.com','13243709233','1277168683',NULL,NULL,'male','2018-09-06 01:08:37','2018-12-04 15:07:50','2018-12-04 15:08:14',NULL,NULL,'',NULL,NULL),('9201802528','ylp528','雨琳','庞','$2a$10$zvo/TIvdvo3ZMDB32EXqrumJlTm3egJMDAhlGHnKSskIIALHR6EN2','1','2018-02','s/','0/5/','2000-05-21T16:00:00.000Z','1798100218@qq.com','13486624887','1798100218',NULL,NULL,'female','2018-10-15 13:12:09','2018-10-15 13:12:09','2018-10-15 13:13:39',NULL,NULL,'',NULL,NULL),('9201802583','zcw583','梓宸','乌','$2a$10$.ySnzO1DwQVVDxMxJ50Nge7RCtshJ/VGSAw6Ei1EVnGqHBHi/NtHi','1','2018-02','s/','0/5/','2002-12-16T16:00:00.000Z','3117947280@qq.com','18228356289','3117947280',NULL,NULL,'male','2018-09-10 00:36:54','2018-09-10 00:36:54','2018-09-14 13:00:50',NULL,NULL,'',NULL,NULL),('9201802622','syz,c622','苏尧','曾','$2a$10$haiFSuzjKobK58lu9wsvIuwnwPT4DlqFPssrDouO94spenY0o9jE2','1','2018-02','f/','0/6/','','','15902849507','416252632',NULL,NULL,'female','2018-09-12 22:32:41','2018-09-20 17:09:16','2018-12-24 20:40:08',NULL,NULL,'',NULL,NULL),('9201802683','pzl683','霈臻','刘','$2a$10$X6inPe7W1FvHP5wqE13Mm.oVCj3eL2gR/5eJs8iHlzoqt1p49hO12','1','2018-02','s/','0/5/','2004-07-27T16:00:00.000Z','13327686492@QQ.com','13327686492','3407626138',NULL,NULL,'female','2018-09-25 13:17:36','2018-09-26 10:19:34','2018-10-10 14:18:11',NULL,NULL,'',NULL,NULL),('9201802938','jyz938','佳韵','周','$2a$10$/.F1GPZQi/Kp64sESpM07OzsfWGH/YexERUMoga91Te.9/8Lr0iru','1','2018-02','s/','0/5/','2006-01-08T16:00:00.000Z','2271930819@qq.com','18908887870','2271930819',NULL,NULL,'female','2018-09-06 01:10:55','2018-09-07 17:29:33','2018-09-14 20:27:55',NULL,NULL,'',NULL,NULL),('9201803113','zry113','子睿','颜','$2a$10$Hbgwu0lV5mGg//.VmeNDbuGJpvCQQRf7NTgcXXDhrFkfy97td1ocS','1','2018-03','s/','0/5/','2001-03-31T16:00:00.000Z','','18980852467','857855091',NULL,NULL,'male','2018-08-02 20:23:34','2018-09-09 20:06:51','2018-09-15 20:55:49',NULL,NULL,'','{\"path\":\"/pioneer/image/profile/15/0/f78efc0f-3e15-4d65-abec-977d7e031f0f.jpg\",\"size\":9276,\"name\":\"mzj_1.jpg\",\"type\":\"jpg\"}',NULL),('9201803537','syl537','书阳','李','$2a$10$o0Sx2faLhJLwTKO45GSfruqXtP9wr69M.9ozpb97WsqbQ.kFRNyJW','1','2018-03','s/','0/5/','2001-09-17T16:00:00.000Z','1067237690@qq.com','15047517007','1067237690',NULL,NULL,'male','2018-09-06 01:11:14','2018-09-10 11:15:35','2018-09-14 12:02:02',NULL,NULL,'',NULL,NULL),('9201803703','pys703','鹏尧','孙','$2a$10$aqIi3H4jtE1npBMep8XYHuYdS86C0DL5BffU6Ao7YlyzK4bTTf54e','1','2018-03','s/','0/5/','2018-09-11T16:00:00.000Z','111111111@qq.com','1111111111','111111111',NULL,NULL,'male','2018-09-12 23:02:28','2018-09-12 23:02:28',NULL,NULL,NULL,'',NULL,NULL),('9201803777','hzl777','昊泽','李','$2a$10$iTsKHzeDd3PytXw9hEhX.ONrnfGvIopPIdGy0YbomaYQ85s/tOd1W','1','2018-03','s/','0/5/','2018-09-11T16:00:00.000Z','111111111@qq.com','1111111111','11111111',NULL,NULL,'male','2018-09-12 23:02:38','2018-09-12 23:02:38',NULL,NULL,NULL,'',NULL,NULL);

/*Table structure for table `pin` */

DROP TABLE IF EXISTS `pin`;

CREATE TABLE `pin` (
  `id` int(11) NOT NULL AUTO_INCREMENT,
  `pin` int(11) NOT NULL,
  `info` varchar(20) NOT NULL,
  `owner_id` varchar(20) NOT NULL,
  `role` int(11) NOT NULL COMMENT '1：选课，2：成绩录入，3：选导师，4：评价',
  `start_time` varchar(20) NOT NULL,
  `end_time` varchar(20) NOT NULL,
  `create_time` varchar(20) DEFAULT NULL,
  `remark` text DEFAULT NULL,
  PRIMARY KEY (`id`)
) ENGINE=InnoDB AUTO_INCREMENT=9 DEFAULT CHARSET=latin1;

/*Data for the table `pin` */

insert  into `pin`(`id`,`pin`,`info`,`owner_id`,`role`,`start_time`,`end_time`,`create_time`,`remark`) values (1,904400,'2019','9201402713',4,'2019-01-24 00:00:00','2019-01-27 00:00:00','2019-01-24 14:23:11',''),(2,101653,'2019','9201503542',4,'2019-01-24 00:00:00','2019-01-27 00:00:00','2019-01-24 14:23:11',''),(3,884822,'2019','9201801590',5,'2019-01-24 00:00:00','2019-01-28 00:00:00','2019-01-24 14:23:11',''),(4,685289,'2019','9201501154',4,'2019-01-24 00:00:00','2019-01-27 00:00:00','2019-01-24 14:23:11',''),(5,803436,'2019','9201502803',4,'2019-01-24 00:00:00','2019-01-27 00:00:00','2019-01-24 14:23:11',''),(6,628847,'2019','9201801110',4,'2019-01-24 00:00:00','2019-01-27 00:00:00','2019-01-24 14:23:11',''),(7,680738,'2019','9201801826',4,'2019-01-24 00:00:00','2019-01-27 00:00:00','2019-01-24 14:23:16','');

/*Table structure for table `role` */

DROP TABLE IF EXISTS `role`;

CREATE TABLE `role` (
  `id` int(11) NOT NULL AUTO_INCREMENT COMMENT '主键id',
  `role_id` int(11) DEFAULT NULL COMMENT '序号',
  `role_name` varchar(255) DEFAULT NULL COMMENT '管理名称',
  `role_code` varchar(255) DEFAULT NULL,
  PRIMARY KEY (`id`)
) ENGINE=InnoDB AUTO_INCREMENT=10 DEFAULT CHARSET=utf8 COMMENT='角色表';

/*Data for the table `role` */

insert  into `role`(`id`,`role_id`,`role_name`,`role_code`) values (1,0,'用户','user'),(2,1,'管理员','admin'),(3,2,'教务','teach'),(4,3,'行政|后勤','logistic'),(5,4,'系统','system'),(6,5,'学生','student'),(7,6,'教师','faculty'),(8,7,'导师','advisor'),(9,8,'全职','fulltime');

/*Table structure for table `student` */

DROP TABLE IF EXISTS `student`;

CREATE TABLE `student` (
  `student_id` varchar(20) NOT NULL,
  `max_credits` int(11) NOT NULL,
  `update_time` varchar(255) DEFAULT NULL,
  PRIMARY KEY (`student_id`)
) ENGINE=InnoDB DEFAULT CHARSET=utf8;

/*Data for the table `student` */

insert  into `student`(`student_id`,`max_credits`,`update_time`) values ('9201502154',12,'2018-08-02 20:20:35'),('9201502825',12,'2018-08-02 19:11:06'),('9201601212',12,'2018-08-02 20:22:00'),('9201602165',12,'2018-08-02 20:23:11'),('9201602229',12,'2018-09-10 00:37:07'),('9201603838',12,'2018-08-02 20:21:03'),('9201701000',12,'2018-08-02 20:23:34'),('9201702636',12,'2018-08-03 16:18:24'),('9201801114',12,'2018-08-15 22:35:06'),('9201801119',12,'2018-08-15 22:35:21'),('9201801173',12,'2018-08-15 22:33:58'),('9201801200',12,'2018-08-15 22:35:38'),('9201801215',12,'2018-08-15 21:44:56'),('9201801240',12,'2018-09-06 01:10:26'),('9201801259',12,'2018-08-15 22:34:15'),('9201801342',12,'2018-08-15 22:34:28'),('9201801417',12,'2018-08-15 22:33:39'),('9201801423',12,'2018-08-15 22:34:53'),('9201801465',12,'2018-08-15 22:36:21'),('9201801470',12,'2018-08-15 22:34:05'),('9201801471',12,'2018-08-15 22:35:46'),('9201801547',12,'2018-08-15 22:35:13'),('9201801549',12,'2018-08-18 17:44:06'),('9201801789',12,'2018-08-15 22:35:28'),('9201801790',12,'2018-08-15 22:34:21'),('9201801805',12,'2018-08-15 22:34:45'),('9201801842',12,'2018-08-15 22:36:02'),('9201801846',12,'2018-08-15 22:35:53'),('9201801848',12,'2018-08-15 22:34:38'),('9201801876',12,'2018-08-15 22:36:12'),('9201801916',12,'2018-08-15 22:33:48'),('9201801969',12,'2018-08-15 22:33:31'),('9201802112',12,'2018-09-06 01:10:45'),('9201802152',12,'2018-09-12 23:02:18'),('9201802224',12,'2018-09-06 01:10:36'),('9201802231',12,'2018-09-07 10:14:46'),('9201802436',12,'2018-09-12 23:02:05'),('9201802500',12,'2018-09-12 23:01:53'),('9201802524',12,'2018-09-06 01:08:37'),('9201802528',12,'2018-10-15 13:12:09'),('9201802583',12,'2018-09-10 00:36:54'),('9201802683',12,'2018-09-25 13:17:36'),('9201802938',12,'2018-09-06 01:10:55'),('9201803113',20,'2018-09-15 20:48:21'),('9201803537',12,'2018-09-06 01:11:14'),('9201803703',12,'2018-09-12 23:02:28'),('9201803777',12,'2018-09-12 23:02:38');

/*Table structure for table `tempadvise` */

DROP TABLE IF EXISTS `tempadvise`;

CREATE TABLE `tempadvise` (
  `id` int(11) NOT NULL AUTO_INCREMENT,
  `create_time` varchar(255) DEFAULT NULL,
  `first_id` varchar(255) DEFAULT NULL,
  `second_id` varchar(255) DEFAULT NULL,
  `third_id` varchar(255) DEFAULT NULL,
  `info` varchar(20) DEFAULT NULL,
  `status` varchar(255) DEFAULT NULL,
  `operator_id` varchar(255) DEFAULT NULL,
  `student_id` varchar(255) DEFAULT NULL,
  `update_time` varchar(255) DEFAULT NULL,
  `comment` text DEFAULT NULL,
  `faculty_ids` varchar(255) DEFAULT NULL,
  PRIMARY KEY (`id`)
) ENGINE=InnoDB AUTO_INCREMENT=21 DEFAULT CHARSET=utf8 CHECKSUM=1 DELAY_KEY_WRITE=1 ROW_FORMAT=DYNAMIC;

/*Data for the table `tempadvise` */

insert  into `tempadvise`(`id`,`create_time`,`first_id`,`second_id`,`third_id`,`info`,`status`,`operator_id`,`student_id`,`update_time`,`comment`,`faculty_ids`) values (4,'2018-09-07 12:49:54','9201801590','9201701000','9201701000','2018-02','1','9201701000','9201801417','2018-09-10 18:55:26','',NULL),(5,'2018-09-07 12:56:49','9201801590','9201701000','9201701000','2018-02','1','9201701000','9201602165','2018-09-10 18:55:43','石磊牛逼',NULL),(6,'2018-09-07 13:00:13','9201402713','9201701000','9201701000','2018-02','1','9201701000','9201801549','2018-09-10 18:55:31','',NULL),(7,'2018-09-07 13:56:23','9201801590','9201701000','9201701000','2018-02','1','9201701000','9201801423','2018-09-10 18:58:02','',NULL),(8,'2018-09-07 14:01:09','9201801590','9201701000','9201701000','2018-02','1','9201701000','9201502825','2018-09-10 18:57:57','老师要瘦一点，变帅一点，穿衣服要帅\n这样带我们出去活动才有面子',NULL),(9,'2018-09-07 14:01:45','9201801590','9201502803','9201801474','2018-02','1','9201701000','9201502154','2018-09-10 18:57:35','',NULL),(10,'2018-09-07 17:38:11','9201801590','9201502803','9201701000','2018-02','1','9201701000','9201801789','2018-09-10 18:58:07','',NULL),(11,'2018-09-07 17:39:31','9201801144','9201801590','9201601752','2018-02','1','9201701000','9201801916','2018-09-10 18:57:41','如果林老师当我导师，希望他能帮助我数学和英语，因，考虑下学期考国际学校。',NULL),(12,'2018-09-09 20:12:22','9201502803','9201701000','9201701000','2018-02','1','9201701000','9201803113','2018-09-10 18:57:51','',NULL),(13,'2018-09-10 00:45:00','9201801144','9201701000','9201701000','2018-02','1','9201701000','9201602229','2018-09-10 18:57:46','',NULL),(14,'2018-09-10 11:18:48','9201502803','9201402713','9201701000','2018-02','1','9201701000','9201803537','2018-09-10 22:07:47','',NULL),(15,'2018-09-10 11:24:06','9201101270','9201601752','9201701000','2018-02','1','9201701000','9201802112','2018-09-10 22:07:39','',NULL),(16,'2018-09-10 11:35:18','9201801474','9201601752','9201701000','2018-02','1','9201701000','9201801471','2018-09-10 22:06:42','',NULL),(17,'2018-09-10 12:55:24','9201502803','9201101270','9201402713','2018-02','1','9201701000','9201802583','2018-09-10 22:07:44','',NULL),(18,'2018-09-10 12:58:09','9201101270','9201502803','9201801474','2018-02','1','9201701000','9201801876','2018-09-10 22:07:57','',NULL),(19,'2018-09-25 13:26:01','9201402713','9201701000','9201701000','2018-01','1','9201701000','9201802683','2018-09-25 13:26:30','',NULL),(20,'2018-10-15 13:16:31','9201502803','9201701000','9201701000','2018-02','0','9201802528','9201802528','2018-10-15 13:16:31','',NULL);

/*Table structure for table `tempcourse` */

DROP TABLE IF EXISTS `tempcourse`;

CREATE TABLE `tempcourse` (
  `id` int(11) NOT NULL AUTO_INCREMENT,
  `crn` varchar(20) NOT NULL,
  `status` varchar(20) DEFAULT NULL,
  `course_json` text NOT NULL,
  `create_time` varchar(255) DEFAULT NULL,
  `faculty_id` varchar(255) DEFAULT NULL,
  `operator_id` varchar(255) DEFAULT NULL,
  `update_time` varchar(255) DEFAULT NULL,
  PRIMARY KEY (`id`)
) ENGINE=InnoDB AUTO_INCREMENT=50 DEFAULT CHARSET=utf8;

/*Data for the table `tempcourse` */

insert  into `tempcourse`(`id`,`crn`,`status`,`course_json`,`create_time`,`faculty_id`,`operator_id`,`update_time`) values (1,'820180132','1','{\"level\":\"100\",\"endDate\":\"2018-07-15\",\"precrn\":\"\",\"section\":\"课程\",\"classroom\":\"二楼\",\"capacity\":\"20\",\"facultyId\":\"9201701000\",\"credits\":\"1\",\"name\":\"美术\",\"startTime\":\"11:00:00\",\"comment\":\"\",\"endTime\":\"11:00:00\",\"courseInfo\":\"{\\\"path\\\":\\\"/pioneer/document/courseInfo/0/9/b1957212-614d-4b29-b8f9-53b4a98474e9.png\\\",\\\"size\\\":4767916,\\\"name\\\":\\\"第三新成都.png\\\",\\\"type\\\":\\\"png\\\"}\",\"day\":\"m/\",\"crn\":\"\",\"startDate\":\"2018-03-01\",\"info\":\"2018-01\"}','2018-08-02 22:36:13','9201701000','9201701000','2018-08-03 20:53:05'),(2,'820180190','1','{\"level\":\"100\",\"endDate\":\"2018-07-15\",\"precrn\":\"\",\"section\":\"课程\",\"classroom\":\"小教室\",\"capacity\":\"5\",\"facultyId\":\"9201801590\",\"credits\":\"1\",\"name\":\"英语基础课\",\"startTime\":\"09:00:00\",\"comment\":\"\",\"endTime\":\"11:00:00\",\"courseInfo\":\"\",\"day\":\"m/\",\"crn\":\"\",\"startDate\":\"2018-03-01\",\"info\":\"2018-01\"}','2018-08-02 22:58:41','9201701000','9201701000','2018-08-03 01:55:41'),(3,'820180157','1','{\"level\":\"100\",\"endDate\":\"2018-07-15\",\"precrn\":\"\",\"section\":\"兴趣小组\",\"classroom\":\"小教室\",\"capacity\":\"5\",\"facultyId\":\"9201801590\",\"credits\":\"2\",\"name\":\"计算机编程\",\"startTime\":\"19:30:00\",\"comment\":\"\",\"endTime\":\"21:00:00\",\"courseInfo\":\"\",\"day\":\"t/f/\",\"crn\":\"\",\"startDate\":\"2018-03-01\",\"info\":\"2018-01\"}','2018-08-02 23:02:25','9201701000','9201701000','2018-08-03 16:17:59'),(4,'820180143','1','{\"level\":\"100\",\"endDate\":\"2018-07-15\",\"precrn\":\"\",\"section\":\"课程\",\"classroom\":\"大教室\",\"capacity\":\"20\",\"facultyId\":\"9201701000\",\"credits\":\"2\",\"name\":\"项目式英语\",\"startTime\":\"14:00:00\",\"comment\":\"\",\"endTime\":\"16:00:00\",\"courseInfo\":\"{\\\"path\\\":\\\"/pioneer/document/courseInfo/0/1/5d75f650-80a4-4253-87de-aed52bb8a37d.png\\\",\\\"size\\\":4767916,\\\"name\\\":\\\"第三新成都 (1).png\\\",\\\"type\\\":\\\"png\\\"}\",\"day\":\"tr/\",\"crn\":\"\",\"startDate\":\"2018-03-01\",\"info\":\"2018-01\"}','2018-08-03 21:01:05','9201701000','9201701000','2018-08-03 22:13:05'),(5,'820180153','1','{\"level\":\"100\",\"endDate\":\"2018-07-15\",\"precrn\":\"\",\"section\":\"课程\",\"classroom\":\"学习中心\",\"capacity\":\"25\",\"facultyId\":\"9201701000\",\"credits\":\"2\",\"name\":\"Healthy Cooking\",\"startTime\":\"14:00:00\",\"comment\":\"\",\"endTime\":\"16:00:00\",\"courseInfo\":\"{\\\"path\\\":\\\"/pioneer/document/courseInfo/0/1/ccf138df-1ba0-427b-a4da-f30ba21e082c.png\\\",\\\"size\\\":4767916,\\\"name\\\":\\\"第三新成都 (1).png\\\",\\\"type\\\":\\\"png\\\"}\",\"day\":\"w/\",\"crn\":\"\",\"startDate\":\"2018-03-01\",\"info\":\"2018-01\"}','2018-08-03 22:17:19','9201701000','9201701000','2018-08-03 22:19:11'),(6,'820180180','1','{\"level\":\"100\",\"endDate\":\"2018-07-15\",\"precrn\":\"\",\"section\":\"课程\",\"classroom\":\"\",\"capacity\":\"10\",\"facultyId\":\"9201501154\",\"credits\":\"2\",\"name\":\"理化实验\",\"startTime\":\"14:00:00\",\"comment\":\"\",\"endTime\":\"16:00:00\",\"courseInfo\":\"\",\"day\":\"w/\",\"crn\":\"\",\"startDate\":\"2018-03-01\",\"info\":\"2018-01\"}','2018-08-05 21:52:25','9201501154','9201701000','2018-08-05 21:55:03'),(7,'820180155','1','{\"level\":\"100\",\"endDate\":\"2018-07-15\",\"precrn\":\"\",\"section\":\"课程\",\"classroom\":\"大教室\",\"capacity\":\"20\",\"facultyId\":\"9201502803\",\"credits\":\"2\",\"name\":\"恋爱与情感世界\",\"startTime\":\"09:00:00\",\"comment\":\"\",\"endTime\":\"11:00:00\",\"courseInfo\":\"\",\"day\":\"f/\",\"crn\":\"\",\"startDate\":\"2018-03-01\",\"info\":\"2018-01\"}','2018-08-08 16:39:00','9201701000','9201701000','2018-08-15 21:56:07'),(8,'820180166','1','{\"level\":\"100\",\"endDate\":\"2018-07-15\",\"precrn\":\"\",\"section\":\"课程\",\"classroom\":\"\",\"capacity\":\"10\",\"facultyId\":\"9201402713\",\"credits\":\"2\",\"name\":\"导师课\",\"startTime\":\"14:00:00\",\"comment\":\"\",\"endTime\":\"16:00:00\",\"courseInfo\":\"\",\"day\":\"t/\",\"crn\":\"\",\"startDate\":\"2018-03-01\",\"info\":\"2018-01\"}','2018-08-08 16:45:07','9201701000','9201701000','2018-09-11 20:34:47'),(9,'820180132','1','{\"level\":\"100\",\"endDate\":\"2018-07-15\",\"precrn\":\"\",\"section\":\"课程\",\"classroom\":\"\",\"capacity\":\"20\",\"facultyId\":\"9201601752\",\"credits\":\"2\",\"name\":\"导师课\",\"startTime\":\"14:00:00\",\"comment\":\"\",\"endTime\":\"16:00:00\",\"courseInfo\":\"\",\"day\":\"t/\",\"crn\":\"\",\"startDate\":\"2018-03-01\",\"info\":\"2018-01\"}','2018-08-08 16:46:29','9201701000','9201701000','2018-08-15 22:22:21'),(10,'820180138','1','{\"level\":\"100\",\"endDate\":\"2018-07-15\",\"precrn\":\"\",\"section\":\"课程\",\"classroom\":\"\",\"capacity\":\"20\",\"facultyId\":\"9201801474\",\"credits\":\"2\",\"name\":\"导师课\",\"startTime\":\"14:00:00\",\"comment\":\"\",\"endTime\":\"16:00:00\",\"courseInfo\":\"{\\\"path\\\":\\\"/pioneer/document/courseInfo/7/6/306f4bbd-3582-44ef-8071-ac568d4e89a2.jpg\\\",\\\"size\\\":87244,\\\"name\\\":\\\"lph_2.jpg\\\",\\\"type\\\":\\\"jpg\\\"}\",\"day\":\"t/\",\"crn\":\"\",\"startDate\":\"2018-03-01\",\"info\":\"2018-01\"}','2018-08-12 21:00:47','9201701000','9201701000','2018-08-15 22:22:26'),(11,'820180122','1','{\"level\":\"100\",\"endDate\":\"2018-07-15\",\"precrn\":\"\",\"section\":\"预约课程\",\"classroom\":\"\",\"capacity\":\"20\",\"facultyId\":\"9201502803\",\"credits\":\"2\",\"name\":\"游戏艺术\",\"startTime\":\"09:00:00\",\"comment\":\"\",\"endTime\":\"11:00:00\",\"courseInfo\":\"\",\"day\":\"tr/\",\"crn\":\"\",\"startDate\":\"2018-03-01\",\"info\":\"2018-01\"}','2018-08-15 21:55:24','9201701000','9201701000','2018-08-15 22:02:32'),(12,'820180166','1','{\"level\":\"100\",\"endDate\":\"2018-06-01\",\"precrn\":\"\",\"section\":\"课程\",\"classroom\":\"\",\"capacity\":\"20\",\"facultyId\":\"9201701000\",\"credits\":\"1\",\"name\":\"影视赏析\",\"startTime\":\"14:00:00\",\"comment\":\"\",\"endTime\":\"16:00:00\",\"courseInfo\":\"\",\"day\":\"m/\",\"crn\":\"\",\"startDate\":\"2018-03-01\",\"info\":\"2018-01\"}','2018-08-15 22:07:07','9201701000','9201701000','2018-08-15 22:13:41'),(13,'820180124','1','{\"level\":\"100\",\"endDate\":\"2018-07-15\",\"precrn\":\"\",\"section\":\"课程\",\"classroom\":\"\",\"capacity\":\"25\",\"facultyId\":\"9201701000\",\"credits\":\"2\",\"name\":\"运动综合课 TBK \",\"startTime\":\"16:30:00\",\"comment\":\"\",\"endTime\":\"18:30:00\",\"courseInfo\":\"\",\"day\":\"m/w/\",\"crn\":\"\",\"startDate\":\"2018-03-01\",\"info\":\"2018-01\"}','2018-08-15 22:09:00','9201701000','9201701000','2018-08-15 22:13:25'),(14,'820180146','1','{\"level\":\"100\",\"endDate\":\"2018-07-15\",\"precrn\":\"\",\"section\":\"课程\",\"classroom\":\"\",\"capacity\":\"20\",\"facultyId\":\"9201701000\",\"credits\":\"2\",\"name\":\"橄榄球\",\"startTime\":\"16:30:00\",\"comment\":\"\",\"endTime\":\"18:30:00\",\"courseInfo\":\"\",\"day\":\"t/\",\"crn\":\"\",\"startDate\":\"2018-03-01\",\"info\":\"2018-01\"}','2018-08-15 22:10:36','9201701000','9201701000','2018-08-15 22:13:36'),(15,'820180132','1','{\"level\":\"100\",\"endDate\":\"2018-07-15\",\"precrn\":\"\",\"section\":\"课程\",\"classroom\":\"\",\"capacity\":\"20\",\"facultyId\":\"9201701000\",\"credits\":\"2\",\"name\":\"哲学人文\",\"startTime\":\"09:00:00\",\"comment\":\"\",\"endTime\":\"11:00:00\",\"courseInfo\":\"\",\"day\":\"w/\",\"crn\":\"\",\"startDate\":\"2018-03-01\",\"info\":\"2018-01\"}','2018-08-15 22:11:12','9201701000','9201701000','2018-08-15 22:13:30'),(16,'820180184','1','{\"level\":\"100\",\"endDate\":\"2018-07-15\",\"precrn\":\"\",\"section\":\"课程\",\"classroom\":\"\",\"capacity\":\"20\",\"facultyId\":\"9201701000\",\"credits\":\"2\",\"name\":\"犯罪心理学\",\"startTime\":\"19:30:00\",\"comment\":\"\",\"endTime\":\"21:30:00\",\"courseInfo\":\"\",\"day\":\"w/\",\"crn\":\"\",\"startDate\":\"2018-03-01\",\"info\":\"2018-01\"}','2018-08-15 22:12:04','9201701000','9201701000','2018-08-15 22:13:51'),(17,'820180179','1','{\"level\":\"100\",\"endDate\":\"2018-07-15\",\"precrn\":\"\",\"section\":\"课程\",\"classroom\":\"小教室\",\"capacity\":\"20\",\"facultyId\":\"9201701000\",\"credits\":\"2\",\"name\":\"日语基础\",\"startTime\":\"14:00:00\",\"comment\":\"\",\"endTime\":\"16:00:00\",\"courseInfo\":\"\",\"day\":\"f/\",\"crn\":\"\",\"startDate\":\"2018-03-01\",\"info\":\"2018-01\"}','2018-08-15 22:13:13','9201701000','9201701000','2018-08-15 22:13:46'),(18,'820180147','1','{\"level\":\"100\",\"endDate\":\"2018-07-15\",\"precrn\":\"\",\"section\":\"项目\",\"classroom\":\"\",\"capacity\":\"20\",\"facultyId\":\"9201701000\",\"credits\":\"2\",\"name\":\"语伴项目\",\"startTime\":\"00:00:00\",\"comment\":\"\",\"endTime\":\"11:00:00\",\"courseInfo\":\"\",\"day\":\"\",\"crn\":\"\",\"startDate\":\"2018-03-01\",\"info\":\"2018-01\"}','2018-08-15 22:14:57','9201701000','9201701000','2018-08-15 22:15:07'),(19,'820180189','1','{\"level\":\"100\",\"endDate\":\"2018-07-15\",\"precrn\":\"\",\"section\":\"兴趣小组\",\"classroom\":\"\",\"capacity\":\"20\",\"facultyId\":\"9201701000\",\"credits\":\"2\",\"name\":\"自主学分\",\"startTime\":\"09:00:00\",\"comment\":\"\",\"endTime\":\"11:00:00\",\"courseInfo\":\"\",\"day\":\"\",\"crn\":\"\",\"startDate\":\"2018-03-01\",\"info\":\"2018-01\"}','2018-08-15 23:15:34','9201701000','9201701000','2018-08-15 23:17:10'),(20,'820180187','1','{\"level\":\"100\",\"endDate\":\"2018-07-15\",\"precrn\":\"\",\"section\":\"预约课程\",\"classroom\":\"\",\"capacity\":\"20\",\"facultyId\":\"9201502803\",\"credits\":\"2\",\"name\":\"历史与历史学\",\"startTime\":\"09:00:00\",\"comment\":\"\",\"endTime\":\"11:00:00\",\"courseInfo\":\"\",\"day\":\"t/\",\"crn\":\"\",\"startDate\":\"2018-03-01\",\"info\":\"2018-01\"}','2018-08-15 23:16:32','9201701000','9201701000','2018-08-15 23:17:15'),(21,'820180261','1','{\"level\":\"100\",\"endDate\":\"2019-01-15\",\"precrn\":\"\",\"section\":\"预约课程\",\"classroom\":\"小教室\",\"capacity\":\"20\",\"facultyId\":\"9201801590\",\"credits\":\"2\",\"name\":\"数学预约课\",\"startTime\":\"14:24:00\",\"comment\":\"\",\"endTime\":\"15:24:00\",\"courseInfo\":\"\",\"day\":\"\",\"crn\":\"\",\"startDate\":\"2018-09-03\",\"info\":\"2018-02\"}','2018-09-07 14:24:59','9201701000','9201701000','2018-09-07 14:25:18'),(22,'820180273','1','{\"level\":\"100\",\"endDate\":\"2019-01-15\",\"precrn\":\"\",\"section\":\"课程\",\"classroom\":\"\",\"capacity\":\"20\",\"facultyId\":\"9201801590\",\"credits\":\"2\",\"name\":\"怎样玩数学\",\"startTime\":\"13:00:00\",\"comment\":\"\",\"endTime\":\"14:30:00\",\"courseInfo\":\"{\\\"path\\\":\\\"/pioneer/document/courseInfo/4/12/8032c24f-d692-4d44-8fad-aa3889788dd5.docx\\\",\\\"size\\\":33759,\\\"name\\\":\\\"怎样玩数学课程描述.docx\\\",\\\"type\\\":\\\"docx\\\"}\",\"day\":\"t/\",\"crn\":\"\",\"startDate\":\"2018-09-03\",\"info\":\"2018-02\"}','2018-09-11 20:33:48','9201701000','9201701000','2018-09-12 22:31:21'),(23,'820180234','1','{\"level\":\"100\",\"endDate\":\"2019-01-15\",\"precrn\":\"\",\"section\":\"课程\",\"classroom\":\"小教室\",\"capacity\":\"20\",\"facultyId\":\"9201701000\",\"credits\":\"2\",\"name\":\"日语课\",\"startTime\":\"14:00:00\",\"comment\":\"\",\"endTime\":\"15:30:00\",\"courseInfo\":\"\",\"day\":\"m/\",\"crn\":\"\",\"startDate\":\"2018-09-03\",\"info\":\"2018-02\"}','2018-09-11 20:36:13','9201701000','9201701000','2018-09-12 22:28:25'),(24,'820180284','1','{\"level\":\"100\",\"endDate\":\"2019-01-15\",\"precrn\":\"\",\"section\":\"课程\",\"classroom\":\"大教室\",\"capacity\":\"20\",\"facultyId\":\"9201502803\",\"credits\":\"2\",\"name\":\"东亚史与历史学\",\"startTime\":\"19:30:00\",\"comment\":\"\",\"endTime\":\"21:30:00\",\"courseInfo\":\"{\\\"path\\\":\\\"/pioneer/document/courseInfo/5/6/2dba4c2a-2164-4933-9330-8f27928e8d69.docx\\\",\\\"size\\\":710464,\\\"name\\\":\\\"东亚史与历史学-布彦隆之.docx\\\",\\\"type\\\":\\\"docx\\\"}\",\"day\":\"t/\",\"crn\":\"\",\"startDate\":\"2018-09-03\",\"info\":\"2018-02\"}','2018-09-11 20:37:50','9201701000','9201701000','2018-09-12 22:58:25'),(25,'820180233','1','{\"level\":\"100\",\"endDate\":\"2019-01-15\",\"precrn\":\"\",\"section\":\"课程\",\"classroom\":\"小教室\",\"capacity\":\"20\",\"facultyId\":\"9201502803\",\"credits\":\"2\",\"name\":\"游戏艺术\",\"startTime\":\"10:00:00\",\"comment\":\"\",\"endTime\":\"12:00:00\",\"courseInfo\":\"{\\\"path\\\":\\\"/pioneer/document/courseInfo/9/9/657fc238-0c75-4a5f-bf05-b34c0793ef50.docx\\\",\\\"size\\\":710183,\\\"name\\\":\\\"游戏艺术-布彦隆之.docx\\\",\\\"type\\\":\\\"docx\\\"}\",\"day\":\"t/\",\"crn\":\"\",\"startDate\":\"2018-09-03\",\"info\":\"2018-02\"}','2018-09-11 20:39:47','9201701000','9201701000','2018-09-12 23:00:30'),(26,'820180223','1','{\"level\":\"100\",\"endDate\":\"2019-01-15\",\"precrn\":\"\",\"section\":\"课程\",\"classroom\":\"大教室\",\"capacity\":\"20\",\"facultyId\":\"9201502803\",\"credits\":\"2\",\"name\":\"社会通识\",\"startTime\":\"10:00:00\",\"comment\":\"\",\"endTime\":\"12:00:00\",\"courseInfo\":\"{\\\"path\\\":\\\"/pioneer/document/courseInfo/13/6/a2b55dd1-d5a8-4385-9a99-fc421f3009fd.docx\\\",\\\"size\\\":710231,\\\"name\\\":\\\"社会通识-布彦隆之.docx\\\",\\\"type\\\":\\\"docx\\\"}\",\"day\":\"tr/\",\"crn\":\"\",\"startDate\":\"2018-09-03\",\"info\":\"2018-02\"}','2018-09-11 20:41:12','9201701000','9201701000','2018-09-12 22:24:43'),(27,'820180266','1','{\"level\":\"100\",\"endDate\":\"2019-01-15\",\"precrn\":\"\",\"section\":\"课程\",\"classroom\":\"小教室\",\"capacity\":\"20\",\"facultyId\":\"9201502803\",\"credits\":\"2\",\"name\":\"生活美学\",\"startTime\":\"10:00:00\",\"comment\":\"\",\"endTime\":\"12:00:00\",\"courseInfo\":\"{\\\"path\\\":\\\"/pioneer/document/courseInfo/1/9/fbaa23e9-b016-4057-baac-84f4a7d9cd47.docx\\\",\\\"size\\\":710317,\\\"name\\\":\\\"生活美学-布彦隆之.docx\\\",\\\"type\\\":\\\"docx\\\"}\",\"day\":\"f/\",\"crn\":\"\",\"startDate\":\"2018-09-03\",\"info\":\"2018-02\"}','2018-09-11 20:42:19','9201701000','9201701000','2018-09-12 22:59:13'),(28,'820180227','1','{\"level\":\"100\",\"endDate\":\"2019-01-15\",\"precrn\":\"\",\"section\":\"课程\",\"classroom\":\"学习中心\",\"capacity\":\"20\",\"facultyId\":\"9201701000\",\"credits\":\"2\",\"name\":\"Healthy Cooking\",\"startTime\":\"14:00:00\",\"comment\":\"\",\"endTime\":\"16:00:00\",\"courseInfo\":\"\",\"day\":\"w/\",\"crn\":\"\",\"startDate\":\"2018-09-03\",\"info\":\"2018-02\"}','2018-09-11 20:44:08','9201701000','9201701000','2018-09-12 22:25:34'),(29,'820180270','1','{\"level\":\"100\",\"endDate\":\"2019-01-15\",\"precrn\":\"\",\"section\":\"课程\",\"classroom\":\"大教室\",\"capacity\":\"20\",\"facultyId\":\"9201801144\",\"credits\":\"2\",\"name\":\"什么都玩的兴趣课\",\"startTime\":\"19:00:00\",\"comment\":\"\",\"endTime\":\"21:30:00\",\"courseInfo\":\"\",\"day\":\"m/\",\"crn\":\"\",\"startDate\":\"2018-09-03\",\"info\":\"2018-02\"}','2018-09-11 20:45:10','9201701000','9201701000','2018-09-12 22:30:47'),(30,'820180217','1','{\"level\":\"100\",\"endDate\":\"2019-01-15\",\"precrn\":\"\",\"section\":\"课程\",\"classroom\":\"运动场\",\"capacity\":\"20\",\"facultyId\":\"9201801825\",\"credits\":\"2\",\"name\":\"体育课\",\"startTime\":\"16:30:00\",\"comment\":\"\",\"endTime\":\"19:30:00\",\"courseInfo\":\"\",\"day\":\"tr/\",\"crn\":\"\",\"startDate\":\"2018-09-03\",\"info\":\"2018-02\"}','2018-09-11 20:46:44','9201701000','9201701000','2018-09-12 22:24:37'),(31,'820180256','1','{\"level\":\"100\",\"endDate\":\"2019-01-15\",\"precrn\":\"\",\"section\":\"课程\",\"classroom\":\"小教室\",\"capacity\":\"20\",\"facultyId\":\"9201801825\",\"credits\":\"2\",\"name\":\"电影欣赏\",\"startTime\":\"19:30:00\",\"comment\":\"\",\"endTime\":\"21:30:00\",\"courseInfo\":\"{\\\"path\\\":\\\"/pioneer/document/courseInfo/10/8/227ff372-8691-4927-85f7-e7498bda7111.docx\\\",\\\"size\\\":702479,\\\"name\\\":\\\"先锋课程描述（电影欣赏）.docx\\\",\\\"type\\\":\\\"docx\\\"}\",\"day\":\"tr/\",\"crn\":\"\",\"startDate\":\"2018-09-03\",\"info\":\"2018-02\"}','2018-09-11 20:47:38','9201701000','9201701000','2018-09-12 22:29:50'),(32,'820180296','1','{\"level\":\"100\",\"endDate\":\"2019-01-15\",\"precrn\":\"\",\"section\":\"课程\",\"classroom\":\"小教室\",\"capacity\":\"20\",\"facultyId\":\"9201501154\",\"credits\":\"2\",\"name\":\"末日求生\",\"startTime\":\"14:00:00\",\"comment\":\"\",\"endTime\":\"16:00:00\",\"courseInfo\":\"{\\\"path\\\":\\\"/pioneer/document/courseInfo/1/2/259c8d89-83b9-436a-879c-a5f76ddf12a7.docx\\\",\\\"size\\\":33713,\\\"name\\\":\\\"末日生存课程描述.docx\\\",\\\"type\\\":\\\"docx\\\"}\",\"day\":\"tr/\",\"crn\":\"\",\"startDate\":\"2018-09-03\",\"info\":\"2018-02\"}','2018-09-11 20:48:46','9201701000','9201701000','2018-09-12 22:31:32'),(33,'820180244','1','{\"level\":\"100\",\"endDate\":\"2019-01-15\",\"precrn\":\"\",\"section\":\"课程\",\"classroom\":\"大教室\",\"capacity\":\"20\",\"facultyId\":\"9201701000\",\"credits\":\"2\",\"name\":\"未来学校\",\"startTime\":\"14:00:00\",\"comment\":\"\",\"endTime\":\"16:00:00\",\"courseInfo\":\"{\\\"path\\\":\\\"/pioneer/document/courseInfo/15/8/dcce2b66-7383-49cf-a142-5bca6076bbec.docx\\\",\\\"size\\\":44601,\\\"name\\\":\\\"未来学校-曾苏尧.docx\\\",\\\"type\\\":\\\"docx\\\"}\",\"day\":\"f/\",\"crn\":\"\",\"startDate\":\"2018-09-03\",\"info\":\"2018-02\"}','2018-09-11 20:50:03','9201701000','9201701000','2018-09-12 22:29:19'),(34,'820180297','1','{\"level\":\"100\",\"endDate\":\"2019-01-15\",\"precrn\":\"\",\"section\":\"课程\",\"classroom\":\"大教室\",\"capacity\":\"20\",\"facultyId\":\"9201701000\",\"credits\":\"2\",\"name\":\"English\",\"startTime\":\"16:00:00\",\"comment\":\"\",\"endTime\":\"18:00:00\",\"courseInfo\":\"\",\"day\":\"w/\",\"crn\":\"\",\"startDate\":\"2018-09-03\",\"info\":\"2018-02\"}','2018-09-12 22:22:09','9201701000','9201701000','2018-09-12 22:31:02'),(35,'820180223','1','{\"level\":\"100\",\"endDate\":\"2019-01-15\",\"precrn\":\"\",\"section\":\"课程\",\"classroom\":\"小教室\",\"capacity\":\"20\",\"facultyId\":\"9201701000\",\"credits\":\"2\",\"name\":\"音乐戏剧课\",\"startTime\":\"19:30:00\",\"comment\":\"\",\"endTime\":\"21:30:00\",\"courseInfo\":\"\",\"day\":\"w/\",\"crn\":\"\",\"startDate\":\"2018-09-03\",\"info\":\"2018-02\"}','2018-09-12 22:24:09','9201701000','9201701000','2018-09-12 22:25:29'),(36,'820180291','1','{\"level\":\"100\",\"endDate\":\"2019-01-15\",\"precrn\":\"\",\"section\":\"预约课程\",\"classroom\":\"\",\"capacity\":\"10\",\"facultyId\":\"9201801590\",\"credits\":\"2\",\"name\":\"林石磊-导师课\",\"startTime\":\"\",\"comment\":\"\",\"endTime\":\"\",\"courseInfo\":\"\",\"day\":\"t/\",\"crn\":\"\",\"startDate\":\"2018-09-03\",\"info\":\"2018-02\"}','2018-09-12 22:46:47','9201701000','9201701000','2018-09-12 22:56:06'),(37,'820180249','1','{\"level\":\"100\",\"endDate\":\"2019-01-15\",\"precrn\":\"\",\"section\":\"预约课程\",\"classroom\":\"\",\"capacity\":\"10\",\"facultyId\":\"9201801474\",\"credits\":\"2\",\"name\":\"熊刚-导师课\",\"startTime\":\"\",\"comment\":\"\",\"endTime\":\"\",\"courseInfo\":\"\",\"day\":\"t/\",\"crn\":\"\",\"startDate\":\"2018-09-03\",\"info\":\"2018-02\"}','2018-09-12 22:48:22','9201701000','9201701000','2018-09-12 22:54:50'),(38,'820180277','1','{\"level\":\"100\",\"endDate\":\"2019-01-15\",\"precrn\":\"\",\"section\":\"课程\",\"classroom\":\"\",\"capacity\":\"10\",\"facultyId\":\"9201101270\",\"credits\":\"2\",\"name\":\"刘晓伟-导师课\",\"startTime\":\"09:00:00\",\"comment\":\"\",\"endTime\":\"11:00:00\",\"courseInfo\":\"\",\"day\":\"t/\",\"crn\":\"\",\"startDate\":\"2018-09-03\",\"info\":\"2018-02\"}','2018-09-12 22:49:23','9201701000','9201701000','2018-09-12 22:55:03'),(39,'820180222','1','{\"level\":\"100\",\"endDate\":\"2019-01-15\",\"precrn\":\"\",\"section\":\"预约课程\",\"classroom\":\"\",\"capacity\":\"10\",\"facultyId\":\"9201801144\",\"credits\":\"2\",\"name\":\"崔涛-导师课\",\"startTime\":\"\",\"comment\":\"\",\"endTime\":\"\",\"courseInfo\":\"\",\"day\":\"t/\",\"crn\":\"\",\"startDate\":\"2018-09-03\",\"info\":\"2018-02\"}','2018-09-12 22:50:15','9201701000','9201701000','2018-09-12 22:54:17'),(40,'820180220','1','{\"level\":\"100\",\"endDate\":\"2019-01-15\",\"precrn\":\"\",\"section\":\"预约课程\",\"classroom\":\"\",\"capacity\":\"10\",\"facultyId\":\"9201601752\",\"credits\":\"2\",\"name\":\"程蓉-导师课\",\"startTime\":\"\",\"comment\":\"\",\"endTime\":\"\",\"courseInfo\":\"\",\"day\":\"t/\",\"crn\":\"\",\"startDate\":\"2018-09-03\",\"info\":\"2018-02\"}','2018-09-12 22:51:12','9201701000','9201701000','2018-09-12 22:53:59'),(41,'820180281','1','{\"level\":\"100\",\"endDate\":\"2019-01-15\",\"precrn\":\"\",\"section\":\"预约课程\",\"classroom\":\"\",\"capacity\":\"10\",\"facultyId\":\"9201402713\",\"credits\":\"2\",\"name\":\"倪伟灿(桔子)-导师课\",\"startTime\":\"\",\"comment\":\"\",\"endTime\":\"\",\"courseInfo\":\"\",\"day\":\"t/\",\"crn\":\"\",\"startDate\":\"2018-09-03\",\"info\":\"2018-02\"}','2018-09-12 22:52:23','9201701000','9201701000','2018-09-12 22:55:29'),(42,'820180271','1','{\"level\":\"100\",\"endDate\":\"2019-01-15\",\"precrn\":\"\",\"section\":\"预约课程\",\"classroom\":\"\",\"capacity\":\"20\",\"facultyId\":\"9201801590\",\"credits\":\"2\",\"name\":\"计算机预约课\",\"startTime\":\"aN:aN:aN\",\"comment\":\"\",\"endTime\":\"aN:aN:aN\",\"courseInfo\":\"\",\"day\":\"\",\"crn\":\"\",\"startDate\":\"2018-09-03\",\"info\":\"2018-02\"}','2018-09-13 00:02:32','9201801590','9201801590','2018-09-13 00:03:33'),(43,'820180254','1','{\"level\":\"100\",\"endDate\":\"2019-01-15\",\"precrn\":\"\",\"section\":\"预约课程\",\"classroom\":\"\",\"capacity\":\"20\",\"facultyId\":\"9201801590\",\"credits\":\"2\",\"name\":\"英语预约课\",\"startTime\":\"aN:aN:aN\",\"comment\":\"\",\"endTime\":\"aN:aN:aN\",\"courseInfo\":\"\",\"day\":\"\",\"crn\":\"\",\"startDate\":\"2018-09-03\",\"info\":\"2018-02\"}','2018-09-13 00:03:16','9201801590','9201801590','2018-09-13 00:03:24'),(44,'820180233','1','{\"level\":\"100\",\"endDate\":\"2019-01-15\",\"precrn\":\"\",\"section\":\"课程\",\"classroom\":\"\",\"capacity\":\"20\",\"facultyId\":\"9201701000\",\"credits\":\"2\",\"name\":\"莎士比亚戏剧课\",\"startTime\":\"aN:aN:aN\",\"comment\":\"\",\"endTime\":\"aN:aN:aN\",\"courseInfo\":\"\",\"day\":\"m/\",\"crn\":\"\",\"startDate\":\"2018-09-03\",\"info\":\"2018-02\"}','2018-09-13 01:04:38','9201801590','9201801590','2018-09-13 01:04:50'),(45,'820180285','1','{\"level\":\"100\",\"endDate\":\"2019-01-15\",\"precrn\":\"\",\"section\":\"预约课程\",\"classroom\":\"\",\"capacity\":\"20\",\"facultyId\":\"9201502803\",\"credits\":\"0\",\"name\":\"布彦隆之-导师课\",\"startTime\":\"aN:aN:aN\",\"comment\":\"\",\"endTime\":\"aN:aN:aN\",\"courseInfo\":\"\",\"day\":\"\",\"crn\":\"\",\"startDate\":\"2018-09-03\",\"info\":\"2018-02\"}','2018-09-13 01:23:19','9201801590','9201801590','2018-09-13 01:23:30'),(46,'820180245','1','{\"level\":\"100\",\"endDate\":\"2019-01-01\",\"precrn\":\"\",\"section\":\"课程\",\"classroom\":\"小教室\",\"capacity\":\"20\",\"facultyId\":\"9201501154\",\"credits\":\"2\",\"name\":\"阅读课\",\"startTime\":\"aN:aN:aN\",\"comment\":\"\",\"endTime\":\"aN:aN:aN\",\"courseInfo\":\"\",\"day\":\"\",\"crn\":\"\",\"startDate\":\"2018-09-03\",\"info\":\"2018-02\"}','2018-09-15 13:14:01','9201701000','9201701000','2018-09-15 13:14:11'),(47,'820180277','1','{\"level\":\"100\",\"endDate\":\"2019-01-15\",\"precrn\":\"\",\"section\":\"项目\",\"classroom\":\"\",\"capacity\":\"20\",\"facultyId\":\"9201701000\",\"credits\":\"3\",\"name\":\"魔兽世界\",\"startTime\":\"aN:aN:aN\",\"comment\":\"\",\"endTime\":\"aN:aN:aN\",\"courseInfo\":\"\",\"day\":\"w/\",\"crn\":\"\",\"startDate\":\"2018-09-03\",\"info\":\"2018-02\"}','2018-09-23 23:25:56','9201701000','9201701000','2018-09-23 23:26:54'),(48,'820180290','1','{\"level\":\"100\",\"endDate\":\"2019-01-15\",\"precrn\":\"\",\"section\":\"项目\",\"classroom\":\"\",\"capacity\":\"20\",\"facultyId\":\"9201701000\",\"credits\":\"2\",\"name\":\"笑谈广东话\",\"startTime\":\"23:26:00\",\"comment\":\"\",\"endTime\":\"23:59:00\",\"courseInfo\":\"\",\"day\":\"t/w/tr/\",\"crn\":\"\",\"startDate\":\"2018-09-03\",\"info\":\"2018-02\"}','2018-09-23 23:26:44','9201701000','9201701000','2018-09-23 23:26:59'),(49,'820160194','0','{\"level\":\"100\",\"endDate\":\"2016-3-1\",\"precrn\":\"\",\"section\":\"课程\",\"classroom\":\"\",\"capacity\":\"20\",\"facultyId\":\"9201701000\",\"credits\":\"4\",\"name\":\"英语\",\"startTime\":\"12:40:53\",\"comment\":\"\",\"endTime\":\"13:40:53\",\"courseInfo\":\"\",\"day\":\"\",\"crn\":\"\",\"startDate\":\"2016-3-1\",\"info\":\"2016-01\"}','2018-12-05 12:59:07','9201701000',NULL,'2018-12-05 12:59:09');

/*Table structure for table `tempuser` */

DROP TABLE IF EXISTS `tempuser`;

CREATE TABLE `tempuser` (
  `id` int(20) NOT NULL AUTO_INCREMENT,
  `user_id` varchar(20) NOT NULL,
  `status` varchar(20) DEFAULT NULL COMMENT '0（处理中）,1（通过）,-1(拒绝)',
  `user_json` text NOT NULL,
  `create_time` varchar(50) DEFAULT NULL,
  `update_time` varchar(50) DEFAULT NULL,
  `operator_id` varchar(20) DEFAULT NULL,
  PRIMARY KEY (`id`)
) ENGINE=InnoDB AUTO_INCREMENT=83 DEFAULT CHARSET=utf8;

/*Data for the table `tempuser` */

insert  into `tempuser`(`id`,`user_id`,`status`,`user_json`,`create_time`,`update_time`,`operator_id`) values (1,'8201801811','1','{\"qq\":\"691217991\",\"birthday\":\"2018-06-25T16:00:00.000Z\",\"lastName\":\"Lin\",\"firstName\":\"Shilei\",\"password\":\"$2a$10$g674S57aeqEnYbcMZs/ki.s7H2EOUQIdwUxfWPPpOdMC7QU9eEdcG\",\"gender\":\"male\",\"profile\":\"{\\\"path\\\":\\\"/pioneer/image/profile/7/2/4802f5bc-88f9-4b9b-86a1-9df3cceb83e3.jpg\\\",\\\"size\\\":2013298,\\\"name\\\":\\\"lsl_1.jpg\\\",\\\"type\\\":\\\"jpg\\\"}\",\"tel\":\"13668284849\",\"comment\":\"\",\"email\":\"lin.shilei@outlook.com\",\"info\":\"2018-01\",\"userId\":\"8201801811\",\"dorm\":\"2606\",\"address\":\"Weiyi Rd,HUangtianba, qingyang district\",\"status\":\"1\",\"type\":\"f/a/\",\"roleId\":\"0/1/6/7/\"}','2018-07-30 00:20:22','2018-08-02 00:05:14','9201701000'),(2,'8201801512','1','{\"qq\":\"85800327\",\"birthday\":\"1993-07-08T16:00:00.000Z\",\"lastName\":\"卢\",\"firstName\":\"苇\",\"password\":\"$2a$10$iTWNcWhOgtNHe2775lAPPeM2mCnw26xEg7S6xTkehA4So0cJh8ofu\",\"gender\":\"male\",\"tel\":\"15884468203\",\"comment\":\"\",\"email\":\"85800327@qq.com\",\"info\":\"2018-01\",\"userId\":\"8201801512\",\"profile\":{\"path\":\"/pioneer/image/profile/13/2/5c16dcc0-4cf0-43f8-b61e-ef0803588143.jpg\",\"size\":1436670,\"name\":\"lw_1.jpg\",\"type\":\"jpg\"},\"status\":\"1\",\"type\":\"f/\",\"roleId\":\"0/3/6/7/\"}','2018-07-30 00:22:05','2018-08-02 00:06:47','9201701000'),(4,'8201502790','1','{\"qq\":\"815237261\",\"birthday\":\"2002-08-15T16:00:00.000Z\",\"lastName\":\"虞\",\"firstName\":\"晨煦\",\"password\":\"$2a$10$fSsZ7b28OYNBRf8wfyL6/uVg5r4mxcJG3uKm5vxECZY6p82yoiADW\",\"gender\":\"male\",\"profile\":\"{\\\"path\\\":\\\"/pioneer/image/profile/0/10/ccdf6715-acbd-4821-8d41-f38978b1f2ba.jpg\\\",\\\"size\\\":2019603,\\\"name\\\":\\\"ycx_1.jpg\\\",\\\"type\\\":\\\"jpg\\\"}\",\"tel\":\"18969765952\",\"comment\":\"\",\"email\":\"815237261@qq.com\",\"info\":\"2015-02\",\"userId\":\"8201502790\",\"status\":\"1\",\"type\":\"s/\",\"roleId\":\"0/5/\"}','2018-08-02 15:08:46','2018-08-02 19:11:06','9201701000'),(5,'8201801652','0','{\"qq\":\"691217991\",\"birthday\":\"2018-11-27T16:00:00.000Z\",\"lastName\":\"胡\",\"firstName\":\"智阳\",\"password\":\"$2a$10$W.VrrWOHNJkwgO1AsHJheO/QG5aNLYFrnQktO3b2jEUrSbtu.6pPu\",\"gender\":\"male\",\"tel\":\"691217991\",\"comment\":\"\",\"email\":\"691217991@qq.com\",\"info\":\"2018-01\"}','2018-12-05 12:23:14','2018-12-05 12:23:14',NULL),(6,'8201502712','1','{\"qq\":\"2194910972\",\"birthday\":\"2002-05-25T16:00:00.000Z\",\"lastName\":\"何\",\"firstName\":\"子宸\",\"password\":\"$2a$10$dp.pXjaFmhlVRCWug4epFOFIFxJ1k8v3FqUAjIzGUOWGRR2oN5Dne\",\"gender\":\"male\",\"profile\":{\"path\":\"/pioneer/image/profile/3/1/666de485-f191-45d8-8665-19b9700cf19f.jpg\",\"size\":130090,\"name\":\"hzc_1.jpg\",\"type\":\"jpg\"},\"tel\":\"13541081269\",\"comment\":\"\",\"email\":\"2194910972@qq.com\",\"info\":\"2015-02\",\"userId\":\"8201502712\",\"status\":\"1\",\"type\":\"s/\",\"roleId\":\"0/5/\"}','2018-08-02 15:18:54','2018-08-02 20:20:35','9201701000'),(7,'8201603902','1','{\"qq\":\"837099799\",\"birthday\":\"2001-11-13T16:00:00.000Z\",\"lastName\":\"林\",\"firstName\":\"永泰\",\"password\":\"$2a$10$DCBwMEgvsbaHT/Gl/z3lZOb/BRBLbtD5ojsQgK.XFag6GjqiwDx9K\",\"gender\":\"male\",\"tel\":\"13548084920\",\"comment\":\"\",\"email\":\"837099769@qq.com\",\"info\":\"2016-03\",\"userId\":\"8201603902\",\"profile\":{\"path\":\"/pioneer/image/profile/10/10/c0f00597-1bd3-44a4-9aa8-6ce84b3ca185.jpg\",\"size\":139070,\"name\":\"lyt_2.jpg\",\"type\":\"jpg\"},\"status\":\"1\",\"type\":\"s/\",\"roleId\":\"0/5/\"}','2018-08-02 15:19:24','2018-08-02 20:21:03','9201701000'),(8,'8201702687','1','{\"qq\":\"1840691987\",\"birthday\":\"2004-03-24T16:00:00.000Z\",\"lastName\":\"傅\",\"firstName\":\"天煜\",\"password\":\"$2a$10$.8aN0HRMVgPBB6aVj/AtN.2lkF4JEC1vR5jjCRDEJwIJUdNPUKlgm\",\"gender\":\"female\",\"tel\":\"13682458147\",\"comment\":\"\",\"email\":\"1840691987@qq.com\",\"info\":\"2017-02\",\"userId\":\"8201702687\",\"profile\":{\"path\":\"/pioneer/image/profile/13/10/a690d88f-cd9e-41db-a9bf-fe21e2d2d4f2.jpg\",\"size\":117728,\"name\":\"fty_1.jpg\",\"type\":\"jpg\"},\"type\":\"\",\"roleId\":\"0/\"}','2018-08-02 15:27:50','2018-08-02 20:21:31','9201701000'),(9,'8201601902','1','{\"qq\":\"1832993047\",\"birthday\":\"2002-02-08T16:00:00.000Z\",\"lastName\":\"姜\",\"firstName\":\"旭\",\"password\":\"$2a$10$Nhq/SIfBA0X/0pd/MpxkL../.qzGvePv17hKBzcxi.EmIru47GzTG\",\"gender\":\"male\",\"tel\":\"13962263766\",\"comment\":\"\",\"email\":\"1832993047@qq.com\",\"info\":\"2016-01\",\"userId\":\"8201601902\",\"profile\":{\"path\":\"/pioneer/image/profile/0/11/06a217f5-6cbc-46b6-8e0a-9ddeb8aaf165.jpg\",\"size\":121621,\"name\":\"hhn_1.jpg\",\"type\":\"jpg\"},\"status\":\"1\",\"type\":\"s/\",\"roleId\":\"0/5/\"}','2018-08-02 17:04:01','2018-08-02 20:22:00','9201701000'),(10,'8201602144','1','{\"qq\":\"1227007212\",\"birthday\":\"2001-01-03T16:00:00.000Z\",\"lastName\":\"黄\",\"firstName\":\"昊南\",\"password\":\"$2a$10$1CQprNLhqL8VnY4GB3n1DOwpn21w2ekW/9Ujy99nuJFn5v/2B5dRO\",\"gender\":\"male\",\"tel\":\"17358532484\",\"comment\":\"\",\"email\":\"hhn1227007212@outlook.vom\",\"info\":\"2016-02\",\"userId\":\"8201602144\",\"profile\":{\"path\":\"/pioneer/image/profile/0/11/ac3c87a8-a65c-4073-b24a-cc07a9d70034.jpg\",\"size\":121621,\"name\":\"hhn_1.jpg\",\"type\":\"jpg\"},\"status\":\"1\",\"type\":\"s/\",\"roleId\":\"0/5/\"}','2018-08-02 17:12:11','2018-08-02 20:23:11','9201701000'),(11,'8201803437','1','{\"qq\":\"857855091\",\"birthday\":\"2001-03-31T16:00:00.000Z\",\"lastName\":\"颜\",\"firstName\":\"子睿\",\"password\":\"$2a$10$ZaXm4EYeo0/DdP/FkmSc9Oy3eM2pSt7sHrUOPEnawbHqgAw9Gh1n6\",\"gender\":\"male\",\"tel\":\"18980852467\",\"comment\":\"\",\"email\":\"857855091@qq.com\",\"info\":\"2018-03\",\"userId\":\"8201803437\",\"profile\":{\"path\":\"/pioneer/image/profile/15/0/f78efc0f-3e15-4d65-abec-977d7e031f0f.jpg\",\"size\":9276,\"name\":\"mzj_1.jpg\",\"type\":\"jpg\"},\"status\":\"1\",\"type\":\"s/\",\"roleId\":\"0/5/\"}','2018-08-02 18:16:31','2018-08-02 20:23:34','9201701000'),(12,'8201402742','1','{\"qq\":\"806246566\",\"birthday\":\"2000-10-23T16:00:00.000Z\",\"lastName\":\"罗\",\"firstName\":\"培洪\",\"password\":\"$2a$10$QjTPbQilxGnDgIGe9UnUf.86x8lpecqpx/gLM.WhxizNcR7s8N95i\",\"gender\":\"undetermined\",\"tel\":\"18073309685\",\"comment\":\"\",\"email\":\"806246566@qq.com\",\"info\":\"2014-02\",\"userId\":\"8201402742\",\"profile\":{\"path\":\"/pioneer/image/profile/7/6/238f0912-c926-436c-a735-4fba8220a150.jpg\",\"size\":87244,\"name\":\"lph_2.jpg\",\"type\":\"jpg\"},\"status\":\"1\",\"type\":\"f/\",\"roleId\":\"2/0/6/7/\"}','2018-08-02 21:58:37','2018-08-02 22:04:55','9201701000'),(13,'8201501290','1','{\"qq\":\"55175350\",\"birthday\":\"2018-08-10T16:00:00.000Z\",\"lastName\":\"唐\",\"firstName\":\"振明\",\"password\":\"$2a$10$oWXyKK1yKsrxmoty1dIJ1uR4MudzWL6dpnQFEwuoDFtaBxWVxY2C6\",\"gender\":\"male\",\"tel\":\"13625104371\",\"comment\":\"\",\"email\":\"shizi@xianfengedu.org\",\"info\":\"2015-01\",\"userId\":\"8201501290\",\"profile\":{\"path\":\"/pioneer/image/profile/9/0/ea563cc6-b0c0-42f6-b195-aaee052fad58.jpg\",\"size\":91493,\"name\":\"tzm_1.jpg\",\"type\":\"jpg\"},\"status\":\"1\",\"type\":\"f/\",\"roleId\":\"0/6/\"}','2018-08-04 13:09:40','2018-08-04 14:01:09','9201701000'),(14,'8201502148','1','{\"qq\":\"772380576\",\"birthday\":\"2018-08-19T16:00:00.000Z\",\"lastName\":\"布彦\",\"firstName\":\"隆之\",\"password\":\"$2a$10$Bjai/8x3x7IcQVqTGBInyeTOgKXEqngrqmBvqg3.7XCdZcf/cS6Hm\",\"gender\":\"male\",\"tel\":\"18628047206\",\"comment\":\"\",\"email\":\"772380576@qq.com\",\"info\":\"2015-02\",\"userId\":\"8201502148\",\"status\":\"1\",\"type\":\"f/\",\"roleId\":\"0/6/2/7/\"}','2018-08-07 20:11:49','2018-08-07 20:13:54','9201701000'),(15,'8201801447','1','{\"qq\":\"352300400\",\"birthday\":\"\",\"lastName\":\"冯\",\"firstName\":\"梅\",\"password\":\"$2a$10$Cufts4WIhqc/FNJCc2xLgOUwMX25iZJU3F67xPau2OPxLeATv7GEW\",\"gender\":\"female\",\"tel\":\"13350079282\",\"comment\":\"\",\"email\":\"352300400@qq.com\",\"info\":\"2018-01\",\"userId\":\"8201801447\",\"status\":\"1\",\"type\":\"f/\",\"roleId\":\"0/6/\"}','2018-08-08 20:45:28','2018-08-12 22:41:51','9201701000'),(16,'8201801865','1','{\"qq\":\"85800327\",\"birthday\":\"1993-07-08T16:00:00.000Z\",\"lastName\":\"卢\",\"firstName\":\"苇\",\"password\":\"$2a$10$hk8NRHJE9yNmwcssXgNFRuLjKLW8Q.8UfMGsZ1M0Hynjv0RDPdCvS\",\"gender\":\"male\",\"tel\":\"15884468203\",\"comment\":\"\",\"email\":\"85800327@qq.com\",\"info\":\"2018-01\",\"userId\":\"8201801865\",\"status\":\"1\",\"type\":\"f/\",\"roleId\":\"0/6/\"}','2018-08-12 22:15:43','2018-08-12 22:16:34','9201701000'),(17,'8201801940','1','{\"qq\":\"2859286801\",\"birthday\":\"2018-08-14T16:00:00.000Z\",\"lastName\":\"高\",\"firstName\":\"琛来\",\"password\":\"$2a$10$/vTab.aAsD6pXsh/JKEGeOUnkZD2p7jO0WR5BQSX3kAf901SS3LRO\",\"gender\":\"male\",\"tel\":\"13668284849\",\"comment\":\"\",\"email\":\"zyzvictor@qq.com\",\"info\":\"2018-01\",\"userId\":\"8201801940\",\"status\":\"1\",\"type\":\"s/\",\"roleId\":\"0/5/\"}','2018-08-15 21:41:35','2018-08-15 21:44:56','9201701000'),(18,'8201101455','1','{\"qq\":\"94548782\",\"birthday\":\"\",\"lastName\":\"刘\",\"firstName\":\"晓伟\",\"password\":\"$2a$10$8rRVyRdxcwEEdtz4mUmFf..Ksjdlimk6QAurgXTCJ0B9zFT2QSW.K\",\"gender\":\"male\",\"tel\":\"18030475676\",\"comment\":\"\",\"email\":\"94548782@qq.com\",\"info\":\"2011-01\",\"userId\":\"8201101455\",\"status\":\"1\",\"profile\":{\"path\":\"/pioneer/image/profile/14/1/13c95fd1-7ebc-4318-9b36-6bac7a2e9789.jpg\",\"size\":101597,\"name\":\"lxw_2.jpg\",\"type\":\"jpg\"},\"type\":\"f/\",\"roleId\":\"0/6/7/\"}','2018-08-15 21:43:10','2018-08-15 21:45:44','9201701000'),(19,'8201801548','1','{\"qq\":\"8406206 \",\"birthday\":\"2018-08-14T16:00:00.000Z\",\"lastName\":\"崔\",\"firstName\":\"涛\",\"password\":\"$2a$10$NwVECYU8.Xkq9RYG8n20Secc08HmNmPP4hiZu/nKulbJDeqTHwN/e\",\"gender\":\"male\",\"tel\":\"13668284849\",\"comment\":\"\",\"email\":\"8406206@qq.com\",\"info\":\"2018-01\",\"userId\":\"8201801548\",\"status\":\"1\",\"profile\":{\"path\":\"/pioneer/image/profile/4/15/0f7d3d72-bda6-47ee-9d70-581284f91733.jpg\",\"size\":80344,\"name\":\"ct_2.jpg\",\"type\":\"jpg\"},\"type\":\"f/\",\"roleId\":\"0/6/2/7/\"}','2018-08-15 21:44:19','2018-08-15 21:46:36','9201701000'),(20,'8201801696','1','{\"qq\":\"7344682 \",\"birthday\":\"2018-08-14T16:00:00.000Z\",\"lastName\":\"杨\",\"firstName\":\"燕\",\"password\":\"$2a$10$MQPlqr/eE6Ahp0geBtieBuO3nO8iFsx4ItwYZPFv/O5piHUIOq/qm\",\"gender\":\"female\",\"tel\":\"13668284849\",\"comment\":\"\",\"email\":\"7344682@qq.com\",\"info\":\"2018-01\",\"userId\":\"8201801696\",\"profile\":{\"path\":\"/pioneer/image/profile/2/2/46ce922c-de83-45e7-b698-004fd53e792d.jpg\",\"size\":110787,\"name\":\"yy_1.jpg\",\"type\":\"jpg\"},\"status\":\"1\",\"type\":\"f/\",\"roleId\":\"0/6/\"}','2018-08-15 21:51:04','2018-08-15 21:51:56','9201701000'),(21,'8201701889','1','{\"qq\":\"252524749\",\"birthday\":\"2018-08-14T16:00:00.000Z\",\"lastName\":\"张\",\"firstName\":\"玲\",\"password\":\"$2a$10$fnNcCLJ3M16SI5sJceqIfuTrXYvlTLahdDCGZ.Xjlhs1oaVNMM7a.\",\"gender\":\"female\",\"tel\":\"1111111111\",\"comment\":\"\",\"email\":\"252524749@qq.com\",\"info\":\"2017-01\",\"userId\":\"8201701889\",\"status\":\"0\",\"type\":\"f/\",\"roleId\":\"0/6/\"}','2018-08-15 22:16:07','2018-08-15 22:18:46','9201701000'),(22,'8201801963','1','{\"qq\":\"1214644286\",\"birthday\":\"2018-08-14T16:00:00.000Z\",\"lastName\":\"熊\",\"firstName\":\"刚\",\"password\":\"$2a$10$Kscr5/SjTSlN.aDXiKv1kOT1swbl6hiN7yE0SA7svnNeUlCturmna\",\"gender\":\"male\",\"tel\":\"1111111111\",\"comment\":\"\",\"email\":\"1214644286@qq.com\",\"info\":\"2018-01\",\"userId\":\"8201801963\",\"status\":\"1\",\"profile\":{\"path\":\"/pioneer/image/profile/1/10/e23324a4-6adf-4836-8c98-5fff7e576438.jpg\",\"size\":110482,\"name\":\"xg_1.jpg\",\"type\":\"jpg\"},\"type\":\"f/\",\"roleId\":\"0/6/2/7/\"}','2018-08-15 22:17:07','2018-08-15 22:19:12','9201701000'),(23,'8201601638','1','{\"qq\":\"1483794460\",\"birthday\":\"2018-08-14T16:00:00.000Z\",\"lastName\":\"程\",\"firstName\":\"蓉\",\"password\":\"$2a$10$7l9DWG3E393pbTdTpdBpquwNyPeFIBOEVBifBFAQgTgjKw8dxuWdC\",\"gender\":\"female\",\"tel\":\"11111111111\",\"comment\":\"\",\"email\":\"1483794460@qq.com\",\"info\":\"2016-01\",\"userId\":\"8201601638\",\"status\":\"1\",\"profile\":{\"path\":\"/pioneer/image/profile/1/8/b5eda830-6ef9-417f-90af-e6dfebe864ff.jpg\",\"size\":88349,\"name\":\"cr_1.jpg\",\"type\":\"jpg\"},\"type\":\"f/\",\"roleId\":\"0/6/7/\"}','2018-08-15 22:18:18','2018-08-15 22:19:31','9201701000'),(24,'8201801910','1','{\"qq\":\"11111111\",\"birthday\":\"2018-08-14T16:00:00.000Z\",\"lastName\":\"凌\",\"firstName\":\"子璇\",\"password\":\"$2a$10$iIQx.4ZSfYquXAuntlEczummRup6Gqx3NYxmvpYAnyw8H7nBNZS6a\",\"gender\":\"female\",\"tel\":\"11111111\",\"comment\":\"\",\"email\":\"111111@qq.com\",\"info\":\"2018-01\",\"userId\":\"8201801910\",\"status\":\"1\",\"type\":\"s/\",\"roleId\":\"0/5/\"}','2018-08-15 22:27:07','2018-08-15 22:33:31','9201701000'),(25,'8201801673','1','{\"qq\":\"11111111\",\"birthday\":\"2018-08-14T16:00:00.000Z\",\"lastName\":\"李\",\"firstName\":\"嘉和\",\"password\":\"$2a$10$WpwvUdAPLkbMOmU7Pu.ky.RLb/IcdFu7oapclTaTRIfFSt5KQnOj6\",\"gender\":\"male\",\"tel\":\"11111111\",\"comment\":\"\",\"email\":\"111111@qq.com\",\"info\":\"2018-01\",\"userId\":\"8201801673\",\"status\":\"1\",\"type\":\"s/\",\"roleId\":\"0/5/\"}','2018-08-15 22:27:54','2018-08-15 22:33:39','9201701000'),(26,'8201801419','1','{\"qq\":\"11111111\",\"birthday\":\"2018-08-14T16:00:00.000Z\",\"lastName\":\"李\",\"firstName\":\"双成\",\"password\":\"$2a$10$/4ZR/XMLRswX3RtnYFfKguDcXmh8NaBSpMcpPi82tMD9PzhIGUHZq\",\"gender\":\"male\",\"tel\":\"11111111\",\"comment\":\"\",\"email\":\"111111@qq.com\",\"info\":\"2018-01\",\"userId\":\"8201801419\",\"status\":\"1\",\"type\":\"s/\",\"roleId\":\"0/5/\"}','2018-08-15 22:28:44','2018-08-15 22:33:48','9201701000'),(27,'8201801661','1','{\"qq\":\"111111111\",\"birthday\":\"2018-08-14T16:00:00.000Z\",\"lastName\":\"陈\",\"firstName\":\"棋丰\",\"password\":\"$2a$10$Ci9tWUJc7Imons0Q/aZeXeHx3nf6Kkbxf6vJPs.vbKJ3cwYPI.x1W\",\"gender\":\"male\",\"tel\":\"111111111\",\"comment\":\"\",\"email\":\"1111111111@qq.com\",\"info\":\"2018-01\",\"userId\":\"8201801661\",\"status\":\"0\",\"type\":\"s/\",\"roleId\":\"0/5/\"}','2018-08-15 22:28:47','2018-08-15 22:33:58','9201701000'),(28,'8201801178','1','{\"qq\":\"1111111111\",\"birthday\":\"2018-08-14T16:00:00.000Z\",\"lastName\":\"马\",\"firstName\":\"瑞鹏\",\"password\":\"$2a$10$IggUuvLvTlnsqj6jWq403.rt0Mo7m2jLCVNLIbPNdAgSmM1RrWsfO\",\"gender\":\"male\",\"tel\":\"1111111111\",\"comment\":\"\",\"email\":\"111111111@qq.com\",\"info\":\"2018-01\",\"userId\":\"8201801178\",\"status\":\"1\",\"type\":\"s/\",\"roleId\":\"0/5/\"}','2018-08-15 22:29:20','2018-08-15 22:34:05','9201701000'),(29,'8201801790','1','{\"qq\":\"11111111\",\"birthday\":\"2018-08-14T16:00:00.000Z\",\"lastName\":\"熊\",\"firstName\":\"仲宇\",\"password\":\"$2a$10$w6TY06nS.VGOxEs5knvRKuff08yEZqyMkiL9ePLjs46GpBWr9lp32\",\"gender\":\"male\",\"tel\":\"11111111\",\"comment\":\"\",\"email\":\"111111@qq.com\",\"info\":\"2018-01\",\"userId\":\"8201801790\",\"status\":\"1\",\"type\":\"s/\",\"roleId\":\"0/5/\"}','2018-08-15 22:29:40','2018-08-15 22:34:15','9201701000'),(30,'8201801618','1','{\"qq\":\"111111111\",\"birthday\":\"2018-08-14T16:00:00.000Z\",\"lastName\":\"牛\",\"firstName\":\"天\",\"password\":\"$2a$10$4adpluHwoR9TYomOicGU/O8vbrFXcr9xMTF5wsoAAFw1vHjI0a6fi\",\"gender\":\"male\",\"tel\":\"111111111\",\"comment\":\"\",\"email\":\"111111111@qq.com\",\"info\":\"2018-01\",\"userId\":\"8201801618\",\"status\":\"1\",\"type\":\"s/\",\"roleId\":\"0/5/\"}','2018-08-15 22:29:48','2018-08-15 22:34:21','9201701000'),(31,'8201801978','1','{\"qq\":\"1111111111\",\"birthday\":\"2018-08-14T16:00:00.000Z\",\"lastName\":\"党\",\"firstName\":\"健桐\",\"password\":\"$2a$10$w6AuzFFFsQknrwF1JV4vTuwW3pyE9JmtpdBRHy9rT2gX.Qrde8OQi\",\"gender\":\"male\",\"tel\":\"1111111111\",\"comment\":\"\",\"email\":\"1111111111@qq.com\",\"info\":\"2018-01\",\"userId\":\"8201801978\",\"status\":\"1\",\"type\":\"s/\",\"roleId\":\"0/5/\"}','2018-08-15 22:30:11','2018-08-15 22:34:28','9201701000'),(32,'8201801208','1','{\"qq\":\"11111111\",\"birthday\":\"2018-08-14T16:00:00.000Z\",\"lastName\":\"陈\",\"firstName\":\"泓贤\",\"password\":\"$2a$10$pa3qi25f76Xvf7KLrlIOfO.iuAxApwjL1IlyepQ27fRtip87qE3le\",\"gender\":\"male\",\"tel\":\"11111111\",\"comment\":\"\",\"email\":\"111111@qq.com\",\"info\":\"2018-01\",\"userId\":\"8201801208\",\"status\":\"1\",\"type\":\"s/\",\"roleId\":\"0/5/\"}','2018-08-15 22:30:15','2018-08-15 22:34:38','9201701000'),(33,'8201801859','1','{\"qq\":\"1111111111\",\"birthday\":\"2018-08-14T16:00:00.000Z\",\"lastName\":\"沈\",\"firstName\":\"意铭\",\"password\":\"$2a$10$9Xg9LvCSB.RBESg41vgtKee1YQaVS19vstHQRJDA9Btigvxv.74Ka\",\"gender\":\"male\",\"tel\":\"1111111111\",\"comment\":\"\",\"email\":\"1111111111@qq.com\",\"info\":\"2018-01\",\"userId\":\"8201801859\",\"status\":\"1\",\"type\":\"s/\",\"roleId\":\"0/5/\"}','2018-08-15 22:30:41','2018-08-15 22:34:45','9201701000'),(34,'8201801285','1','{\"qq\":\"11111111\",\"birthday\":\"2018-08-14T16:00:00.000Z\",\"lastName\":\"李\",\"firstName\":\"子祺\",\"password\":\"$2a$10$WitNmoXSgWQcvakyvlJDw.JGMhDYrQzDlOxDzjnhtdOUuCNeP9nHe\",\"gender\":\"male\",\"tel\":\"11111111\",\"comment\":\"\",\"email\":\"111111@qq.com\",\"info\":\"2018-01\",\"userId\":\"8201801285\",\"status\":\"1\",\"type\":\"s/\",\"roleId\":\"0/5/\"}','2018-08-15 22:30:55','2018-08-15 22:34:53','9201701000'),(35,'8201801275','1','{\"qq\":\"11111111\",\"birthday\":\"2018-08-14T16:00:00.000Z\",\"lastName\":\"韩\",\"firstName\":\"秋实\",\"password\":\"$2a$10$NJJyj13HfUjFX.oY/lzGb.DoeQ32Ta5DzhbGuMPeK9WEVTVN4v64y\",\"gender\":\"male\",\"tel\":\"11111111\",\"comment\":\"\",\"email\":\"11111111@qq.com\",\"info\":\"2018-01\",\"userId\":\"8201801275\",\"status\":\"1\",\"type\":\"s/\",\"roleId\":\"0/5/\"}','2018-08-15 22:31:12','2018-08-15 22:35:06','9201701000'),(36,'8201801891','1','{\"qq\":\"11111111\",\"birthday\":\"2018-08-14T16:00:00.000Z\",\"lastName\":\"谢\",\"firstName\":\"天悦\",\"password\":\"$2a$10$wqjvJKFDCQIbMgZDM0a08Ou24m61g9eH/uKm7Csr.pzBLFND.gEA.\",\"gender\":\"female\",\"tel\":\"11111111\",\"comment\":\"\",\"email\":\"111111@qq.com\",\"info\":\"2018-01\",\"userId\":\"8201801891\",\"status\":\"1\",\"type\":\"s/\",\"roleId\":\"0/5/\"}','2018-08-15 22:31:48','2018-08-15 22:35:13','9201701000'),(37,'8201801287','1','{\"qq\":\"11111111\",\"birthday\":\"2018-08-14T16:00:00.000Z\",\"lastName\":\"师\",\"firstName\":\"宇洋\",\"password\":\"$2a$10$Lr6Yp93n2aSFgdsjuPsR9.vjX13g1W60sXbr7tNF.lrdcGQaU/S1q\",\"gender\":\"male\",\"tel\":\"11111111\",\"comment\":\"\",\"email\":\"11111111@qq.com\",\"info\":\"2018-01\",\"userId\":\"8201801287\",\"status\":\"1\",\"type\":\"s/\",\"roleId\":\"0/5/\"}','2018-08-15 22:32:02','2018-08-15 22:35:21','9201701000'),(38,'8201801325','1','{\"qq\":\"111111111\",\"birthday\":\"2018-08-14T16:00:00.000Z\",\"lastName\":\"朱\",\"firstName\":\"润然\",\"password\":\"$2a$10$c2.i.IiwDU3iVeEvjtg.zuXjP/X1yYaVyVwgP3M0nZ7TJpa3jpZ9W\",\"gender\":\"male\",\"tel\":\"111111111\",\"comment\":\"\",\"email\":\"111111111@qq.com\",\"info\":\"2018-01\",\"userId\":\"8201801325\",\"status\":\"1\",\"type\":\"s/\",\"roleId\":\"0/5/\"}','2018-08-15 22:32:36','2018-08-15 22:35:28','9201701000'),(39,'8201801348','1','{\"qq\":\"11111111\",\"birthday\":\"2018-08-14T16:00:00.000Z\",\"lastName\":\"蒋\",\"firstName\":\"炳郅\",\"password\":\"$2a$10$1/yzvRpZmzzL/qkCzhkagePckCY2El.6SO7Rw6n.Q9.MjrTzGR44a\",\"gender\":\"male\",\"tel\":\"11111111\",\"comment\":\"\",\"email\":\"111111@qq.com\",\"info\":\"2018-01\",\"userId\":\"8201801348\",\"status\":\"1\",\"type\":\"s/\",\"roleId\":\"0/5/\"}','2018-08-15 22:32:45','2018-08-15 22:35:38','9201701000'),(40,'8201801391','1','{\"qq\":\"111111111\",\"birthday\":\"2018-08-14T16:00:00.000Z\",\"lastName\":\"余\",\"firstName\":\"林熹\",\"password\":\"$2a$10$Vgi8tZLxvUdtt9pMj7ZEguBoOYohts.RGeQxcKqvf7PIKoeXQzmea\",\"gender\":\"female\",\"tel\":\"111111111\",\"comment\":\"\",\"email\":\"111111111@qq.com\",\"info\":\"2018-01\",\"userId\":\"8201801391\",\"status\":\"1\",\"type\":\"s/\",\"roleId\":\"0/5/\"}','2018-08-15 22:33:04','2018-08-15 22:35:46','9201701000'),(41,'8201801240','1','{\"qq\":\"11111111\",\"birthday\":\"2018-08-14T16:00:00.000Z\",\"lastName\":\"张\",\"firstName\":\"一畅\",\"password\":\"$2a$10$oVZcuNnEB6S5s.LW03HEQecYh6L4QP0wfREbBSdZb9fFfpAip1HkK\",\"gender\":\"male\",\"tel\":\"11111111\",\"comment\":\"\",\"email\":\"111111@qq.com\",\"info\":\"2018-01\",\"userId\":\"8201801240\",\"status\":\"1\",\"type\":\"s/\",\"roleId\":\"0/5/\"}','2018-08-15 22:33:07','2018-08-15 22:35:53','9201701000'),(42,'8201801367','1','{\"qq\":\"11111111\",\"birthday\":\"2018-08-14T16:00:00.000Z\",\"lastName\":\"潘\",\"firstName\":\"泉呈\",\"password\":\"$2a$10$toGEOVfRandNaCy64g0dneNgKzPRIKGCUp7aS.mlywLWE6AgS/myi\",\"gender\":\"male\",\"tel\":\"11111111\",\"comment\":\"\",\"email\":\"111111@qq.com\",\"info\":\"2018-01\",\"userId\":\"8201801367\",\"status\":\"1\",\"type\":\"s/\",\"roleId\":\"0/5/\"}','2018-08-15 22:33:30','2018-08-15 22:36:03','9201701000'),(43,'8201801710','1','{\"qq\":\"11111111\",\"birthday\":\"2018-08-14T16:00:00.000Z\",\"lastName\":\"郑\",\"firstName\":\"懿男\",\"password\":\"$2a$10$3i/olPyF4/gcSW.AQjs/CuZuqhdfGefrUsbnbbSkDc.WhechdP7Fy\",\"gender\":\"male\",\"tel\":\"11111111\",\"comment\":\"\",\"email\":\"111111@qq.com\",\"info\":\"2018-01\",\"userId\":\"8201801710\",\"status\":\"1\",\"type\":\"s/\",\"roleId\":\"0/5/\"}','2018-08-15 22:34:15','2018-08-15 22:36:12','9201701000'),(44,'8201801125','1','{\"qq\":\"11111111\",\"birthday\":\"2018-08-14T16:00:00.000Z\",\"lastName\":\"郭\",\"firstName\":\"仪佳\",\"password\":\"$2a$10$hX/cMQkdQmwAuBcZ2k4Y6ODNgKGM1dDqTZ1Vp50qI1J6oZlYTGAhG\",\"gender\":\"female\",\"tel\":\"11111111\",\"comment\":\"\",\"email\":\"111111@qq.com\",\"info\":\"2018-01\",\"userId\":\"8201801125\",\"status\":\"1\",\"type\":\"s/\",\"roleId\":\"0/5/\"}','2018-08-15 22:34:47','2018-08-15 22:36:21','9201701000'),(45,'8201801159','1','{\"qq\":\"554925899\",\"birthday\":\"1992-12-31T16:00:00.000Z\",\"lastName\":\"丁\",\"firstName\":\"乘风\",\"password\":\"$2a$10$QcXm/JKgzK6VztAbAyXWseC2r9BtYCe.hCAjoI4js7/smKCXebudS\",\"gender\":\"male\",\"tel\":\"18353139443\",\"comment\":\"\",\"email\":\"554925899@qq.com\",\"info\":\"2018-01\",\"userId\":\"8201801159\",\"status\":\"1\",\"type\":\"f/\",\"roleId\":\"0/6/\"}','2018-08-15 22:50:39','2018-08-15 22:51:40','9201701000'),(46,'8201801326','1','{\"qq\":\"1111111111\",\"birthday\":\"2018-08-17T16:00:00.000Z\",\"lastName\":\"许\",\"firstName\":\"毅晗\",\"password\":\"$2a$10$yFsbYcQ/GPc7h.PIITHOau0swoYgWlgIC9d8MxJeCb7Nxmlv4G4Xa\",\"gender\":\"male\",\"tel\":\"1111111111\",\"comment\":\"\",\"email\":\"1111111111@qq.com\",\"info\":\"2018-01\",\"userId\":\"8201801326\",\"status\":\"1\",\"type\":\"s/\",\"roleId\":\"0/5/\"}','2018-08-18 17:42:23','2018-08-18 17:44:06','9201701000'),(51,'8201802178','1','{\"qq\":\"1277168683\",\"birthday\":\"2001-07-05T16:00:00.000Z\",\"lastName\":\"李\",\"firstName\":\"覃恩\",\"password\":\"$2a$10$T8MCKLl2Eft0jEuxoiZZ.ut1H/xnewpqK0cv6WQ00wv0SRYQ/h7wi\",\"gender\":\"male\",\"tel\":\"13243709233\",\"comment\":\"\",\"email\":\"1277168683@qq.com\",\"info\":\"2018-02\",\"userId\":\"8201802178\",\"status\":\"1\",\"type\":\"s/\",\"roleId\":\"0/5/\"}','2018-09-04 16:44:42','2018-09-06 01:08:37','9201701000'),(52,'8201801488','1','{\"qq\":\"3226256269\",\"birthday\":\"2002-08-18T16:00:00.000Z\",\"lastName\":\"黄\",\"firstName\":\"馨琦\",\"password\":\"$2a$10$QUQIJckWsANON/MxXWzaB.JVXaOMOHSPiqRbj/Rl2RuNUv0d8679q\",\"gender\":\"female\",\"tel\":\"15828151614\",\"comment\":\"\",\"email\":\"3226256269@qq.com\",\"info\":\"2018-01\",\"userId\":\"8201801488\",\"status\":\"1\",\"type\":\"s/\",\"roleId\":\"0/5/\"}','2018-09-04 16:50:18','2018-09-06 01:10:26','9201701000'),(53,'8201802341','1','{\"qq\":\"1873822849\",\"birthday\":\"2003-12-17T16:00:00.000Z\",\"lastName\":\"安\",\"firstName\":\"芮琪\",\"password\":\"$2a$10$Z.PPuH.VgmRnsVKxS5bl2.NIBNVhwTxvAlnMUrCHhRW/W2.ZxPQzi\",\"gender\":\"female\",\"tel\":\"19983220135\",\"comment\":\"\",\"email\":\"1873822849@qq.com\",\"info\":\"2018-02\",\"userId\":\"8201802341\",\"status\":\"1\",\"type\":\"s/\",\"roleId\":\"0/5/\"}','2018-09-04 17:02:17','2018-09-06 01:10:36','9201701000'),(54,'8201802128','1','{\"qq\":\"2832922603\",\"birthday\":\"2001-07-12T16:00:00.000Z\",\"lastName\":\"李\",\"firstName\":\"金奥\",\"password\":\"$2a$10$tFX/W2yj7g3h5EuTDaICSOPWGVcPMrllt8N0.b0JWmgVm9m8ZGz4m\",\"gender\":\"female\",\"tel\":\"17773179212\",\"comment\":\"\",\"email\":\"2832922603@qq.com\",\"info\":\"2018-02\",\"userId\":\"8201802128\",\"status\":\"1\",\"type\":\"s/\",\"roleId\":\"0/5/\"}','2018-09-04 17:49:27','2018-09-06 01:10:45','9201701000'),(55,'8201802132','1','{\"qq\":\"2271930819\",\"birthday\":\"2006-01-08T16:00:00.000Z\",\"lastName\":\"周\",\"firstName\":\"佳韵\",\"password\":\"$2a$10$6/hX373SHsr/9lGg3X4yLOCJDwQ1D44MX2SUFlmrxNcO7C9yBPCES\",\"gender\":\"female\",\"tel\":\"18908887870\",\"comment\":\"\",\"email\":\"2271930819@qq.com\",\"info\":\"2018-02\",\"userId\":\"8201802132\",\"status\":\"1\",\"type\":\"s/\",\"roleId\":\"0/5/\"}','2018-09-04 20:40:59','2018-09-06 01:10:55','9201701000'),(57,'8201803302','1','{\"qq\":\"1067237690\",\"birthday\":\"2001-09-17T16:00:00.000Z\",\"lastName\":\"李\",\"firstName\":\"书阳\",\"password\":\"$2a$10$naU.47ZAFboYbVWpDHOfzutNvIbCSBCjSx5krAH5ygMDxpMRzSalC\",\"gender\":\"male\",\"tel\":\"15047517007\",\"comment\":\"\",\"email\":\"1067237690@qq.com\",\"info\":\"2018-03\",\"userId\":\"8201803302\",\"status\":\"1\",\"type\":\"s/\",\"roleId\":\"0/5/\"}','2018-09-05 11:40:55','2018-09-06 01:11:14','9201701000'),(58,'8201802803','1','{\"qq\":\"1735900239\",\"birthday\":\"2000-08-28T16:00:00.000Z\",\"lastName\":\"陈\",\"firstName\":\"炜明\",\"password\":\"$2a$10$s7FDeidRPflntVCFTFLdBuudFc3keUgjblmPaxojZWyfXEGk3Trr.\",\"gender\":\"male\",\"tel\":\"13352878357\",\"comment\":\"\",\"email\":\"1735900239@qq.com\",\"info\":\"2018-02\",\"userId\":\"8201802803\",\"status\":\"1\",\"type\":\"s/\",\"roleId\":\"0/5/\"}','2018-09-06 01:17:56','2018-09-07 10:14:47','9201701000'),(59,'8201802737','1','{\"qq\":\"1873822849\",\"birthday\":\"2003-12-17T16:00:00.000Z\",\"lastName\":\"安\",\"firstName\":\"芮琪\",\"password\":\"$2a$10$s43vCDSnJUnxtonzPuT54u7myk/cAhSG9jqIgk6tfl/LFZxcoGNvG\",\"gender\":\"female\",\"tel\":\"19983220135\",\"comment\":\"\",\"email\":\"1873822849@qq.com\",\"info\":\"2018-02\",\"userId\":\"8201802737\",\"status\":\"1\",\"type\":\"s/\",\"roleId\":\"0/5/\"}','2018-09-06 13:48:29','2018-09-07 10:14:58','9201701000'),(60,'8201402593','1','{\"qq\":\"821978672\",\"birthday\":\"1994-06-20T16:00:00.000Z\",\"lastName\":\"桔\",\"firstName\":\"子\",\"password\":\"$2a$10$tZiq93.LCOrxzy9LW5MwQ.ih5oMh15TUepcliEBNd7WIj/DIvn.r2\",\"gender\":\"male\",\"tel\":\"17780622519\",\"comment\":\"\",\"email\":\"821978672@qq.com\",\"info\":\"2014-02\",\"userId\":\"8201402593\",\"status\":\"1\",\"type\":\"f/\",\"roleId\":\"0/6/7/\"}','2018-09-07 10:13:41','2018-09-07 10:15:13','9201701000'),(65,'8201802949','1','{\"qq\":\"3117947280\",\"birthday\":\"2002-12-16T16:00:00.000Z\",\"lastName\":\"乌\",\"firstName\":\"梓宸\",\"password\":\"$2a$10$.ySnzO1DwQVVDxMxJ50Nge7RCtshJ/VGSAw6Ei1EVnGqHBHi/NtHi\",\"gender\":\"male\",\"tel\":\"18228356289\",\"comment\":\"\",\"email\":\"3117947280@qq.com\",\"info\":\"2018-02\",\"userId\":\"8201802949\",\"status\":\"1\",\"type\":\"s/\",\"roleId\":\"0/5/\"}','2018-09-09 22:01:35','2018-09-10 00:36:54','9201701000'),(66,'8201602549','1','{\"qq\":\"2467415445\",\"birthday\":\"2000-11-13T16:00:00.000Z\",\"lastName\":\"刘\",\"firstName\":\"亚倪\",\"password\":\"$2a$10$6u65/5AVJFLq4lDEIOEJruqLFdeYhkIG0zaKrvjOwqsuUq3xUyDBm\",\"gender\":\"undetermined\",\"tel\":\"13520898920\",\"comment\":\"\",\"email\":\"mierma@sina.com\",\"info\":\"2016-02\",\"userId\":\"8201602549\",\"status\":\"1\",\"type\":\"s/\",\"roleId\":\"0/5/\"}','2018-09-10 00:34:30','2018-09-10 00:37:07','9201701000'),(67,'8201702449','1','{\"qq\":\"111111111\",\"birthday\":\"2018-09-11T16:00:00.000Z\",\"lastName\":\"吴\",\"firstName\":\"迪（Udi)\",\"password\":\"$2a$10$P6uJqjGttFS7oNwnzhaws.8kDOKmtZ/mEh766Z3Zokmi5oe85UteS\",\"gender\":\"male\",\"tel\":\"11111111111\",\"comment\":\"\",\"email\":\"111111@qq.com\",\"info\":\"2017-02\",\"userId\":\"8201702449\",\"status\":\"1\",\"type\":\"f/\",\"roleId\":\"0/6/\"}','2018-09-12 22:29:22','2018-09-12 22:32:30','9201701000'),(68,'8201802824','1','{\"qq\":\"11111111\",\"birthday\":\"2018-09-11T16:00:00.000Z\",\"lastName\":\"曾\",\"firstName\":\"苏尧\",\"password\":\"$2a$10$oXK5iQcZHVmFHUnfkO5eX.1wx3Qq/8gcAi1TG.AettRltlS6zP/E.\",\"gender\":\"female\",\"tel\":\"11111111\",\"comment\":\"\",\"email\":\"1111111111@qq.com\",\"info\":\"2018-02\",\"userId\":\"8201802824\",\"status\":\"1\",\"type\":\"f/\",\"roleId\":\"0/6/\"}','2018-09-12 22:32:03','2018-09-12 22:32:41','9201701000'),(69,'8201502809','1','{\"qq\":\"11111111\",\"birthday\":\"2018-09-11T16:00:00.000Z\",\"lastName\":\"刘\",\"firstName\":\"宇波\",\"password\":\"$2a$10$TbTgZARhAoGwQfOy2JpeY.dCe0jzuk1wUu78vrXVytJG0gmyvtIcO\",\"gender\":\"male\",\"tel\":\"111111111\",\"comment\":\"\",\"email\":\"1111111@qq.com\",\"info\":\"2015-02\",\"userId\":\"8201502809\",\"status\":\"1\",\"type\":\"f/\",\"roleId\":\"0/6/\"}','2018-09-12 22:33:13','2018-09-12 22:36:26','9201701000'),(70,'8201502624','1','{\"qq\":\"11111111\",\"birthday\":\"2018-09-11T16:00:00.000Z\",\"lastName\":\"老\",\"firstName\":\"三\",\"password\":\"$2a$10$SdAxVq02af4nngPAwQrt4OqIE7vzkaYxyCp29SqEjDmhiiWxFAGCC\",\"gender\":\"male\",\"tel\":\"1111111111\",\"comment\":\"\",\"email\":\"111111111@qq.com\",\"info\":\"2015-02\",\"userId\":\"8201502624\",\"status\":\"1\",\"type\":\"s/\",\"roleId\":\"0/5/\"}','2018-09-12 22:35:04','2018-09-12 22:36:34','9201701000'),(71,'8201301944','1','{\"qq\":\"1111111111\",\"birthday\":\"2018-09-11T16:00:00.000Z\",\"lastName\":\"慈仁\",\"firstName\":\"尼玛\",\"password\":\"$2a$10$Tw1o8qXw5FA2KOQrW4VVEeL9IkoKB6cZoQ5cEZFdLyUc8AEBzIh7G\",\"gender\":\"male\",\"tel\":\"1111111111\",\"comment\":\"\",\"email\":\"11111111@qq.com\",\"info\":\"2013-01\",\"userId\":\"8201301944\",\"status\":\"1\",\"type\":\"f/\",\"roleId\":\"0/6/\"}','2018-09-12 22:36:28','2018-09-12 23:01:40','9201701000'),(72,'8201802859','1','{\"qq\":\"1111111111\",\"birthday\":\"2018-09-11T16:00:00.000Z\",\"lastName\":\"王\",\"firstName\":\"涵\",\"password\":\"$2a$10$lDg4N627wmPnsCYRwG0pH.Gf8Df9cDAdp6pSxFgTmYzJTizAGnC0K\",\"gender\":\"male\",\"tel\":\"1111111111\",\"comment\":\"\",\"email\":\"111111111@qq.com\",\"info\":\"2018-02\",\"userId\":\"8201802859\",\"status\":\"1\",\"type\":\"s/\",\"roleId\":\"0/5/\"}','2018-09-12 22:37:24','2018-09-12 23:01:54','9201701000'),(73,'8201802760','1','{\"qq\":\"111111111\",\"birthday\":\"2018-09-11T16:00:00.000Z\",\"lastName\":\"彭\",\"firstName\":\"稚钦\",\"password\":\"$2a$10$WsLrTjzs.vOF7cr1S38RgOsG.vkiKqHeGdj.EUNDKcepgVWrx7Awe\",\"gender\":\"male\",\"tel\":\"11111111111\",\"comment\":\"\",\"email\":\"1111111111@qq.com\",\"info\":\"2018-02\",\"userId\":\"8201802760\",\"status\":\"1\",\"type\":\"s/\",\"roleId\":\"0/5/\"}','2018-09-12 22:38:52','2018-09-12 23:02:05','9201701000'),(74,'8201802100','1','{\"qq\":\"11111111\",\"birthday\":\"2018-09-11T16:00:00.000Z\",\"lastName\":\"林\",\"firstName\":\"芝欣\",\"password\":\"$2a$10$tHSxMN0Cc4QslbVA5g9VBeRLl.Vd2RWSA3pH/07nt64CLQ0Xfo7RC\",\"gender\":\"female\",\"tel\":\"1111111111\",\"comment\":\"\",\"email\":\"111111111@qq.com\",\"info\":\"2018-02\",\"userId\":\"8201802100\",\"status\":\"1\",\"type\":\"s/\",\"roleId\":\"0/5/\"}','2018-09-12 22:39:52','2018-09-12 23:02:18','9201701000'),(75,'8201803732','1','{\"qq\":\"111111111\",\"birthday\":\"2018-09-11T16:00:00.000Z\",\"lastName\":\"孙\",\"firstName\":\"鹏尧\",\"password\":\"$2a$10$aqIi3H4jtE1npBMep8XYHuYdS86C0DL5BffU6Ao7YlyzK4bTTf54e\",\"gender\":\"male\",\"tel\":\"1111111111\",\"comment\":\"\",\"email\":\"111111111@qq.com\",\"info\":\"2018-03\",\"userId\":\"8201803732\",\"status\":\"1\",\"type\":\"s/\",\"roleId\":\"0/5/\"}','2018-09-12 22:40:58','2018-09-12 23:02:28','9201701000'),(76,'8201803956','1','{\"qq\":\"11111111\",\"birthday\":\"2018-09-11T16:00:00.000Z\",\"lastName\":\"李\",\"firstName\":\"昊泽\",\"password\":\"$2a$10$iTsKHzeDd3PytXw9hEhX.ONrnfGvIopPIdGy0YbomaYQ85s/tOd1W\",\"gender\":\"male\",\"tel\":\"1111111111\",\"comment\":\"\",\"email\":\"111111111@qq.com\",\"info\":\"2018-03\",\"userId\":\"8201803956\",\"status\":\"1\",\"type\":\"s/\",\"roleId\":\"0/5/\"}','2018-09-12 22:42:07','2018-09-12 23:02:39','9201701000'),(79,'8201802954','1','{\"qq\":\"3407626138\",\"birthday\":\"2004-07-27T16:00:00.000Z\",\"lastName\":\"刘\",\"firstName\":\"霈臻\",\"password\":\"$2a$10$kC8FlrKSIjPOHwyVfhH7fetIgER910EaT/vPABBq0dMTJZFw/ndkq\",\"gender\":\"male\",\"tel\":\"13327686492\",\"comment\":\"\",\"email\":\"13327686492@QQ.com\",\"info\":\"2018-02\",\"userId\":\"8201802954\",\"status\":\"1\",\"type\":\"s/\",\"roleId\":\"0/5/\"}','2018-09-25 13:15:01','2018-09-25 13:17:36','9201701000'),(80,'8201602149','1','{\"qq\":\"11111111111\",\"birthday\":\"2018-09-25T16:00:00.000Z\",\"lastName\":\"冯\",\"firstName\":\"梅\",\"password\":\"$2a$10$Pxls.mhRj1Geb9S8KnjDW.CKs3IPy.vjzn4IFwO.rjUmDOcJnJTsm\",\"gender\":\"female\",\"tel\":\"13668284849\",\"comment\":\"\",\"email\":\"lin.shilei@outlook.com\",\"info\":\"2016-02\",\"userId\":\"8201602149\",\"status\":\"1\",\"type\":\"f/\",\"roleId\":\"0/6/3/\"}','2018-09-26 10:29:29','2018-09-26 10:30:21','9201701000'),(81,'8201802911','1','{\"qq\":\"1798100218\",\"birthday\":\"2000-05-21T16:00:00.000Z\",\"lastName\":\"庞\",\"firstName\":\"雨琳\",\"password\":\"$2a$10$zvo/TIvdvo3ZMDB32EXqrumJlTm3egJMDAhlGHnKSskIIALHR6EN2\",\"gender\":\"female\",\"tel\":\"13486624887\",\"comment\":\"\",\"email\":\"1798100218@qq.com\",\"info\":\"2018-02\",\"userId\":\"8201802911\",\"status\":\"1\",\"type\":\"s/\",\"roleId\":\"0/5/\"}','2018-10-15 13:11:36','2018-10-15 13:12:09','9201701000'),(82,'8201503143','1','{\"qq\":\"858715195\",\"birthday\":\"1994-02-11T16:00:00.000Z\",\"lastName\":\"马\",\"firstName\":\"宗佳\",\"password\":\"$2a$10$lKUfjymZn1Bk8negsBysqeLRqdZNTJe7o9SQlmm.Wr1bi5TM43k/G\",\"gender\":\"female\",\"tel\":\"17708075506\",\"comment\":\"\",\"email\":\"858715195@qq.com\",\"info\":\"2015-03\",\"userId\":\"8201503143\",\"status\":\"1\",\"type\":\"\",\"roleId\":\"0/3/\"}','2019-01-24 14:06:07','2019-01-24 14:10:49','9201701000');

/*Table structure for table `transcript` */

DROP TABLE IF EXISTS `transcript`;

CREATE TABLE `transcript` (
  `id` int(11) NOT NULL AUTO_INCREMENT COMMENT '编号',
  `student_id` varchar(20) NOT NULL COMMENT '学生ID',
  `crn` varchar(20) NOT NULL COMMENT '课程ID',
  `grade` varchar(20) NOT NULL COMMENT '成绩',
  `credit` double DEFAULT NULL,
  `complete` varchar(20) NOT NULL COMMENT '完成状态',
  `assign_time` varchar(20) NOT NULL COMMENT '时间',
  `operator_id` varchar(50) NOT NULL COMMENT '修改人',
  `info` varchar(255) NOT NULL DEFAULT '',
  `remark` text DEFAULT NULL,
  PRIMARY KEY (`id`),
  KEY `FKnvmw209jvvfrlikqijuqa3xxi` (`student_id`)
) ENGINE=InnoDB AUTO_INCREMENT=395 DEFAULT CHARSET=utf8;

/*Data for the table `transcript` */

insert  into `transcript`(`id`,`student_id`,`crn`,`grade`,`credit`,`complete`,`assign_time`,`operator_id`,`info`,`remark`) values (1,'9201602165','120180157','AB',1,'1','2018-08-03 16:45:59','9201701000','2018-01','该同学表现良好！'),(2,'9201502825','120180157','AB',1,'1','2018-08-03 16:46:03','9201701000','2018-01','该同学表现良好！'),(3,'9201603838','120180157','AB',1,'1','2018-08-03 16:46:07','9201701000','2018-01','该同学表现良好！'),(5,'9201502154','120180157','AB',0.5,'1','2018-08-03 16:46:11','9201701000','2018-01','该同学表现良好！'),(7,'9201702636','120180151','AB',2,'1','2018-08-03 16:45:14','9201701000','2018-01','该同学表现良好！'),(8,'9201502825','120180125','A',2,'1','2018-09-13 01:27:10','9201801590','2018-01',NULL),(9,'9201803113','120180125','P',2,'1','2018-09-13 01:27:47','9201801590','2018-01',NULL),(10,'9201602165','120180125','P',0,'1','2018-09-13 01:27:43','9201801590','2018-01',NULL),(11,'9201603838','120180125','P',0,'1','2018-09-13 01:27:38','9201801590','2018-01',NULL),(12,'9201601212','120180125','P',0,'1','2018-09-13 01:27:34','9201801590','2018-01',NULL),(13,'9201702636','120180150','P',2,'1','2018-09-13 02:06:56','9201701000','2018-01',NULL),(14,'9201502154','120180189','*',0,'0','2018-08-08 16:50:31','9201701000','2018-01',NULL),(15,'9201502825','120180189','*',0,'0','2018-08-08 16:50:46','9201701000','2018-01',NULL),(16,'9201702636','120180189','*',0,'0','2018-08-08 16:51:01','9201701000','2018-01',NULL),(17,'9201803113','120180189','*',0,'0','2018-08-08 16:51:13','9201701000','2018-01',NULL),(18,'9201602165','120180189','P',2,'1','2018-09-13 01:29:27','9201801590','2018-01',NULL),(19,'9201603838','120180195','P',2,'1','2018-08-15 23:44:22','9201701000','2018-01','完成'),(20,'9201801114','120180128','B+',2,'1','2018-09-04 16:59:21','9201701000','2018-01',NULL),(21,'9201801790','120180128','B+',2,'1','2018-09-04 16:59:35','9201701000','2018-01',NULL),(22,'9201801470','120180128','A',2,'1','2018-09-04 16:59:47','9201701000','2018-01',NULL),(23,'9201801417','120180195','P',2,'1','2018-09-13 01:29:21','9201801590','2018-01',NULL),(24,'9201801417','120180150','F',0,'-1','2018-09-13 02:08:46','9201701000','2018-01',NULL),(25,'9201801215','120180150','F',0,'-1','2018-09-13 02:08:53','9201701000','2018-01',NULL),(26,'9201801200','120180180','*',0,'0','2018-08-15 22:42:05','9201701000','2018-01',NULL),(27,'9201801423','120180180','*',0,'0','2018-08-15 22:42:25','9201701000','2018-01',NULL),(28,'9201801842','120180180','*',0,'0','2018-08-15 22:42:37','9201701000','2018-01',NULL),(29,'9201801215','120180168','P',2,'1','2018-08-16 11:05:48','9201701000','2018-01',NULL),(30,'9201801805','120180168','P',2,'1','2018-08-16 11:05:52','9201701000','2018-01',NULL),(31,'9201801969','120180168','P',1,'1','2018-08-16 11:05:58','9201701000','2018-01',NULL),(32,'9201801173','120180111','P',1,'1','2018-08-16 10:33:42','9201701000','2018-01',NULL),(33,'9201602165','120180111','P',1,'1','2018-08-16 10:59:43','9201701000','2018-01',NULL),(34,'9201502825','120180111','P',1,'1','2018-08-16 11:00:00','9201701000','2018-01',NULL),(35,'9201801470','120180111','P',1,'1','2018-08-16 10:59:52','9201701000','2018-01',NULL),(36,'9201801342','120180111','P',1,'1','2018-08-16 11:00:06','9201701000','2018-01',NULL),(37,'9201502154','120180111','P',1,'1','2018-08-16 11:00:13','9201701000','2018-01',NULL),(38,'9201601212','120180162','P',0,'1','2018-08-15 22:55:21','9201801826','2018-01',NULL),(39,'9201801471','120180162','P',0,'1','2018-08-15 22:55:29','9201801826','2018-01',NULL),(40,'9201603838','120180111','P',1,'1','2018-08-16 11:00:20','9201701000','2018-01',NULL),(41,'9201801789','120180111','P',1,'1','2018-08-16 11:00:26','9201701000','2018-01',NULL),(42,'9201801471','120180111','P',1,'1','2018-08-16 11:00:35','9201701000','2018-01',NULL),(43,'9201801119','120180189','P',2,'1','2018-09-13 01:29:33','9201801590','2018-01',NULL),(44,'9201801465','120180111','P',1,'1','2018-08-16 11:00:45','9201701000','2018-01',NULL),(45,'9201601212','120180111','P',1,'1','2018-08-16 11:00:53','9201701000','2018-01',NULL),(46,'9201702636','120180111','P',1,'1','2018-08-16 11:00:59','9201701000','2018-01',NULL),(47,'9201801916','120180111','P',1,'1','2018-08-16 11:01:05','9201701000','2018-01',NULL),(48,'9201801215','120180111','P',1,'1','2018-08-16 11:01:13','9201701000','2018-01',NULL),(49,'9201801259','120180189','P',2,'1','2018-09-13 01:29:40','9201801590','2018-01',NULL),(50,'9201801173','120180183','P',0.5,'1','2018-08-16 11:01:35','9201701000','2018-01',NULL),(51,'9201801846','120180189','P',0,'1','2018-09-13 01:29:44','9201801590','2018-01',NULL),(52,'9201602165','120180183','P',0.5,'1','2018-08-16 11:01:43','9201701000','2018-01',NULL),(53,'9201801470','120180183','P',0.5,'1','2018-08-16 11:01:50','9201701000','2018-01',NULL),(54,'9201801342','120180189','P',0,'1','2018-09-13 01:29:49','9201801590','2018-01',NULL),(55,'9201801342','120180183','P',0.5,'1','2018-08-16 11:01:57','9201701000','2018-01',NULL),(56,'9201801789','120180189','P',0,'1','2018-09-13 01:29:55','9201801590','2018-01',NULL),(57,'9201502154','120180183','P',0.5,'1','2018-08-16 11:02:06','9201701000','2018-01',NULL),(58,'9201801805','120180183','P',0.5,'1','2018-08-16 11:02:12','9201701000','2018-01',NULL),(59,'9201603838','120180183','P',0.5,'1','2018-08-16 11:02:21','9201701000','2018-01',NULL),(60,'9201801173','120180189','P',0,'1','2018-09-13 01:30:00','9201801590','2018-01',NULL),(61,'9201801465','120180189','P',0,'1','2018-09-13 01:30:05','9201801590','2018-01',NULL),(62,'9201801876','120180189','P',0,'1','2018-09-13 01:30:10','9201801590','2018-01',NULL),(63,'9201502825','120180120','A',1,'1','2018-08-18 17:37:23','9201801825','2018-01',NULL),(64,'9201502154','120180164','D',0,'1','2018-08-16 11:40:54','9201701000','2018-01',NULL),(65,'9201801790','120180120','D',1,'1','2018-08-18 17:39:18','9201801825','2018-01',NULL),(66,'9201502825','120180164','60',2,'1','2018-08-16 11:41:04','9201701000','2018-01',NULL),(67,'9201502154','120180120','D',1,'1','2018-08-18 17:39:05','9201801825','2018-01',NULL),(68,'9201801173','120180164','D',0,'1','2018-08-16 11:41:12','9201701000','2018-01',NULL),(69,'9201801114','120180120','B',1,'1','2018-08-18 17:39:37','9201801825','2018-01',NULL),(70,'9201801789','120180120','D',1,'1','2018-08-18 17:39:33','9201801825','2018-01',NULL),(71,'9201601212','120180120','A+',1,'1','2018-08-18 17:37:44','9201801825','2018-01',NULL),(72,'9201702636','120180120','A',1,'1','2018-08-18 17:38:03','9201801825','2018-01',NULL),(73,'9201801916','120180120','C',1,'1','2018-08-18 17:38:45','9201801825','2018-01',NULL),(74,'9201603838','120180164','60',2,'1','2018-08-16 11:41:21','9201701000','2018-01',NULL),(75,'9201801465','120180164','D',0,'1','2018-08-16 11:41:29','9201701000','2018-01',NULL),(76,'9201801805','120180164','D',0,'1','2018-08-16 11:41:35','9201701000','2018-01',NULL),(77,'9201602165','120180181','P',1,'1','2018-08-16 11:24:50','9201701000','2018-01',NULL),(78,'9201801805','120180181','P',1,'1','2018-08-16 11:24:58','9201701000','2018-01',NULL),(79,'9201603838','120180181','P',1,'1','2018-08-16 11:25:05','9201701000','2018-01',NULL),(80,'9201801471','120180181','P',1,'1','2018-08-16 11:25:11','9201701000','2018-01',NULL),(81,'9201601212','120180181','P',1,'1','2018-08-16 11:25:17','9201701000','2018-01',NULL),(82,'9201702636','120180181','P',0,'1','2018-08-16 11:25:23','9201701000','2018-01',NULL),(83,'9201801215','120180181','P',1,'1','2018-08-16 11:25:30','9201701000','2018-01',NULL),(84,'9201801790','120180143','P',1,'1','2018-09-13 01:28:20','9201801590','2018-01',NULL),(86,'9201801789','120180143','P',1,'1','2018-09-13 01:28:28','9201801590','2018-01',NULL),(87,'9201801465','120180143','A',1,'1','2018-09-13 01:28:34','9201801590','2018-01',NULL),(88,'9201801876','120180143','P',1,'1','2018-09-13 01:28:41','9201801590','2018-01',NULL),(89,'9201702636','120180143','P',1,'1','2018-09-13 01:28:47','9201801590','2018-01',NULL),(90,'9201801789','120180183','P',0.5,'1','2018-08-16 11:02:28','9201701000','2018-01',NULL),(91,'9201801465','120180183','P',0.5,'1','2018-08-16 11:02:35','9201701000','2018-01',NULL),(92,'9201801876','120180183','P',0.5,'1','2018-08-16 11:02:43','9201701000','2018-01',NULL),(93,'9201601212','120180183','P',0.5,'1','2018-08-16 11:02:52','9201701000','2018-01',NULL),(94,'9201702636','120180183','P',0.5,'1','2018-08-16 11:02:58','9201701000','2018-01',NULL),(95,'9201801846','120180183','P',0.5,'1','2018-08-16 11:03:04','9201701000','2018-01',NULL),(96,'9201803113','120180183','P',0.5,'1','2018-08-16 11:03:12','9201701000','2018-01',NULL),(97,'9201801916','120180183','P',0.5,'1','2018-08-16 11:03:19','9201701000','2018-01',NULL),(98,'9201801215','120180183','P',0.5,'1','2018-08-16 11:03:26','9201701000','2018-01',NULL),(99,'9201801173','120180139','B',1,'1','2018-08-15 23:39:00','9201701000','2018-01','日常出勤:B\n日常活跃:B\n期末成绩:B'),(100,'9201502154','120180139','B',1,'1','2018-08-15 23:39:08','9201701000','2018-01','日常出勤:B\n日常活跃:B\n期末成绩:B'),(101,'9201801805','120180139','B',1,'1','2018-08-15 23:39:16','9201701000','2018-01','日常出勤:B\n日常活跃:B\n期末成绩:B'),(102,'9201603838','120180139','D',0,'1','2018-08-15 23:39:28','9201701000','2018-01','日常出勤:D\n日常活跃:D\n期末成绩:D'),(103,'9201801119','120180139','D',0,'1','2018-08-15 23:39:37','9201701000','2018-01','日常出勤:D\n日常活跃:D\n期末成绩:D'),(104,'9201801465','120180139','P',2,'1','2018-09-13 02:11:04','9201701000','2018-01',NULL),(105,'9201801876','120180139','A',2,'1','2018-08-15 23:40:22','9201701000','2018-01','日常出勤:A\n日常活跃:A\n期末成绩:A'),(106,'9201801846','120180139','A',2,'1','2018-08-15 23:40:54','9201701000','2018-01','日常出勤:A\n日常活跃:A\n期末成绩:A'),(107,'9201803113','120180139','A',2,'1','2018-08-15 23:41:08','9201701000','2018-01','日常出勤:A\n日常活跃:A\n期末成绩:A'),(108,'9201801215','120180151','D',1,'1','2018-09-13 01:28:05','9201801590','2018-01',NULL),(109,'9201801417','120180151','D',1,'1','2018-09-13 01:28:13','9201801590','2018-01',NULL),(110,'9201603838','120180156','D',0,'1','2018-08-15 23:37:49','9201701000','2018-01','日常出勤:D\n日常活跃:D\n期末成绩:D'),(111,'9201801119','120180156','D',0,'1','2018-08-15 23:37:58','9201701000','2018-01','日常出勤:D\n日常活跃:D\n期末成绩:D'),(112,'9201801876','120180156','A',2,'1','2018-08-15 23:38:11','9201701000','2018-01','日常出勤:A\n日常活跃:A\n期末成绩:A'),(113,'9201801846','120180156','A',2,'1','2018-08-15 23:38:22','9201701000','2018-01','日常出勤:A\n日常活跃:A\n期末成绩:A'),(114,'9201801417','120180156','D',0,'1','2018-08-15 23:38:28','9201701000','2018-01','日常出勤:D\n日常活跃:D\n期末成绩:D'),(115,'9201801789','120180125','P',2,'1','2018-09-13 01:28:53','9201801590','2018-01',NULL),(116,'9201801916','120180125','P',1.5,'1','2018-09-13 01:29:01','9201801590','2018-01',NULL),(117,'9201801790','120180125','P',2,'1','2018-09-13 02:10:46','9201701000','2018-01',NULL),(118,'9201801470','120180125','P',2,'1','2018-09-13 02:10:53','9201701000','2018-01',NULL),(119,'9201801789','120180157','A',1,'1','2018-08-16 11:06:59','9201701000','2018-01',NULL),(120,'9201801790','120180167','B',2,'1','2018-09-04 17:00:13','9201701000','2018-01',NULL),(121,'9201801114','120180167','B+',0,'1','2018-09-04 17:00:23','9201701000','2018-01',NULL),(122,'9201801471','120180167','F',0,'-1','2018-09-04 17:00:46','9201701000','2018-01',NULL),(123,'9201801846','120180167','A-',0,'1','2018-09-04 17:01:15','9201701000','2018-01',NULL),(124,'9201502825','120180130','A',2,'1','2018-08-15 23:33:43','9201701000','2018-01','日常出勤:A\n日常活跃:B\n期末成绩:B'),(125,'9201801916','120180167','D',2,'1','2018-09-04 17:01:25','9201701000','2018-01',NULL),(126,'9201502154','120180130','A',2,'1','2018-08-15 23:33:55','9201701000','2018-01','日常出勤:A\n日常活跃:A\n期末成绩:A'),(127,'9201602165','120180130','A',2,'1','2018-08-15 23:34:16','9201701000','2018-01','日常出勤:A\n日常活跃:B\n期末成绩:B'),(128,'9201801119','120180130','C',0.5,'1','2018-08-15 23:34:29','9201701000','2018-01','日常出勤:C\n日常活跃:C\n期末成绩:C'),(129,'9201801114','120180130','A',2,'1','2018-08-15 23:34:42','9201701000','2018-01','日常出勤:A\n日常活跃:A\n期末成绩:A'),(130,'9201603838','120180130','A',2,'1','2018-08-15 23:36:10','9201701000','2018-01','日常出勤:A\n日常活跃:A\n期末成绩:B'),(131,'9201801173','120180130','B',1,'1','2018-08-15 23:36:06','9201701000','2018-01','日常出勤:B\n日常活跃:B\n期末成绩:B'),(132,'9201801342','120180130','A',2,'1','2018-08-15 23:35:32','9201701000','2018-01','日常出勤:A\n日常活跃:A\n期末成绩:A'),(133,'9201801465','120180130','A',2,'1','2018-08-15 23:35:46','9201701000','2018-01','日常出勤A\n日常活跃:A\n期末成绩:A'),(134,'9201801789','120180130','B',1,'1','2018-08-15 23:36:01','9201701000','2018-01','日常出勤:A\n日常活跃:B\n期末成绩:B'),(135,'9201801846','120180130','A',2,'1','2018-08-15 23:36:24','9201701000','2018-01','日常出勤:A\n日常活跃:B\n期末成绩:A'),(136,'9201801790','120180130','B',1,'1','2018-08-15 23:36:40','9201701000','2018-01','日常出勤:B\n日常活跃:B\n期末成绩:C'),(137,'9201803113','120180130','A',2,'1','2018-08-15 23:36:58','9201701000','2018-01','日常出勤:A\n日常活跃:A\n期末成绩:A'),(138,'9201502825','120180127','4',0,'1','2018-09-13 02:05:33','9201701000','2018-01',NULL),(139,'9201801114','120180127','P',2,'1','2018-09-13 02:10:07','9201701000','2018-01',NULL),(140,'9201603838','120180127','P',2,'1','2018-09-13 02:09:49','9201701000','2018-01',''),(141,'9201801215','120180127','P',2,'1','2018-09-13 02:10:17','9201701000','2018-01',NULL),(142,'9201801417','120180127','D',0,'1','2018-08-15 23:43:52','9201701000','2018-01','JAVA学习应该在下学期继续'),(143,'9201502154','120180192','C',0.5,'1','2018-08-15 23:29:15','9201701000','2018-01','日常出勤:C\n日常活跃:C\n期末成绩:C'),(144,'9201603838','120180192','D',0,'1','2018-08-15 23:29:40','9201701000','2018-01','日常出勤:D\n日常活跃:D\n期末成绩:D'),(145,'9201801119','120180192','D',0,'1','2018-08-15 23:29:53','9201701000','2018-01','日常出勤:D\n日常活跃:D\n期末成绩:D'),(146,'9201801471','120180192','D',0,'1','2018-08-15 23:30:15','9201701000','2018-01','日常出勤:D\n日常活跃:D\n期末成绩:D'),(147,'9201702636','120180192','B',1,'1','2018-08-15 23:30:37','9201701000','2018-01','日常出勤:B\n日常活跃:B\n期末成绩:B'),(148,'9201801846','120180192','A',2,'1','2018-08-15 23:30:51','9201701000','2018-01','日常出勤:A\n日常活跃:A\n期末成绩:A'),(149,'9201801916','120180192','D',0,'1','2018-08-15 23:31:04','9201701000','2018-01','日常出勤:D\n日常活跃:D\n期末成绩:D'),(150,'9201801173','120180129','P',1,'1','2018-08-15 23:51:38','9201701000','2018-01','跆拳道	0.5	运动综合	0.5\n'),(151,'9201502825','120180129','P',3,'1','2018-08-15 23:53:48','9201701000','2018-01','跆拳道	1	运动综合	1		助教	1\n虞晨煦作为运动综合课的助教，付出了一定的时间和努力，建议给于1学分。'),(152,'9201502154','120180129','P',1,'1','2018-08-15 23:54:57','9201701000','2018-01','跆拳道	0.5	运动综合 0.5'),(153,'9201801789','120180129','P',3.5,'1','2018-08-15 23:53:40','9201701000','2018-01','跆拳道	1	运动综合	1		助教	1.5\n朱润然做为本学期跆拳道助教，认真完成了本学期的助教工作，建议给1.5个学分'),(154,'9201801876','120180129','P',2,'1','2018-08-15 23:52:55','9201701000','2018-01','跆拳道	1	运动综合	1\n'),(155,'9201801846','120180129','P',2,'1','2018-08-15 23:53:25','9201701000','2018-01','跆拳道	1	运动综合	1\n'),(156,'9201803113','120180129','P',1,'1','2018-08-15 23:53:20','9201701000','2018-01','跆拳道	1	运动综合	1\n'),(157,'9201801876','120180192','A',2,'1','2018-08-15 23:32:34','9201701000','2018-01','日常出勤:A\n日常活跃:A\n期末成绩:A'),(158,'9201801471','120180127','A',3.6,'1','2018-08-15 23:43:28','9201701000','2018-01','			\n日期	分类	学习内容	确认学习时长（小时）\n2018/3/18	烘焙	熹熹在晓薇老师处学习做生日蛋糕	3\n2018/4/1	烘焙	熹熹在家里做奥利奥芝士冻蛋糕	3\n03/26～04/01	阅读	熹熹阅读《夏至未至》，其中三章	1.5\n03/26～04/01	阅读	熹熹阅读《乞力马扎罗的雪》	0.5\n03/26～04/01	钢琴	自己练琴，每天1小时	7\n			\n2018/4/7	烘焙	熹熹在家做蛋挞	2\n04/02～04/08	钢琴	自己练琴，只有一天	4\n04/02～04/08	阅读	熹熹阅读《乞力马扎罗的雪》	1\n04/02～04/08	阅读	熹熹阅读《夏至未至》，其中三章	1\n			\n2018/4/15	烘焙	熹熹在晓薇老师处学习做蛋糕卷	4\n2018/4/14	阅读	阅读《微微一笑很倾城》	1\n04/09～04/15	钢琴	每天练琴1小时（周五除外）。周五练琴2.5小时。	8.5\n			\n04/20～22	阅读	周五、周六、周日阅读《微微一笑很倾城》	2\n04/16～22	钢琴	周一至周五每天1小时，周六周日每天1.5小时	8\n			\n04/23~04/29	钢琴	每天练琴1小时	7\n04/30～05/06	钢琴	每天练琴1小时	7\n05/07～05/13	钢琴	每天练琴1小时	7\n			\n05/01~05/16	阅读	从头开始阅读《西游记》至第16回，每回约须30分钟	8\n五一假期	烘焙	制作冰激凌，约0.5小时	0.5\n			\n05/17~05/20	阅读	读到《西游记》第23回，每回约30分钟	3.5\n05/14～05/20	钢琴	每天练琴1小时	7\n			\n游学周	绘画	博美犬，彩铅	2\n游学周	绘画	仓鼠，未上色	1\n游学周	绘画	曲奇	0.5\n游学周	绘画	猫，根据书店里的书画的	2\n游学周	绘画	虎皮鹦鹉	2\n游学周	绘画	龙猫	2\n			\n05/21～05/27	烘焙	给舅舅做生日蛋糕	3.5\n05/21～05/27	钢琴	每天1小时	7\n			\n05/28~06/03	阅读	读到《西游记》34回，每回约30分钟	5.5\n05/28~06/03	钢琴	每天1小时	7\n			\n06/04~07/04	钢琴	自己练琴，每天1小时（除了去上海的五天外）	26\n06/04~07/05	阅读	最近在阅读《追风筝的人》	3\n2018/7/1	烹饪	在家煎可乐鸡翅	0.5\n			\n在培训机构学钢琴	钢琴	共11次，每次1小时	11\n在培训机构学拉丁舞	拉丁舞	共12次，每次1小时	12\n			\n		总计小时数	171.5\n		折合成自主学分	3.6 \n'),(159,'9201801790','120180137','P',0.5,'1','2018-08-15 23:48:52','9201701000','2018-01',NULL),(160,'9201502825','120180137','P',0,'1','2018-08-15 23:49:03','9201701000','2018-01',NULL),(161,'9201801114','120180137','P',0.5,'1','2018-08-15 23:49:15','9201701000','2018-01',NULL),(162,'9201801471','120180137','P',0.5,'1','2018-08-15 23:49:26','9201701000','2018-01',NULL),(163,'9201801916','120180137','P',0.5,'1','2018-08-15 23:49:34','9201701000','2018-01',NULL),(164,'9201801470','120180137','P',0.5,'1','2018-08-15 23:49:41','9201701000','2018-01',NULL),(165,'9201801846','120180137','P',1,'1','2018-08-15 23:50:21','9201701000','2018-01','作为语伴联络员，在语伴项目的前中后期都积极配合，主动上进，建议给于助教分0.5个学分\n在语伴项目上，认真地完成了任务，也对其他同学有良好的影响，得到了双校老师的认可，建议他获得 最佳语伴奖荣誉，获得500元人民币奖金。 '),(166,'9201801876','120180137','P',0.5,'1','2018-08-15 23:50:31','9201701000','2018-01',NULL),(167,'9201801549','120180120','C',1,'1','2018-08-18 18:27:41','9201801825','2018-01',NULL),(168,'9201801470','120180167','A',2,'1','2018-09-04 17:02:59','9201701000','2018-01',NULL),(169,'9201801549','120180167','D',2,'1','2018-09-04 17:03:09','9201701000','2018-01',NULL),(172,'9201801549','120180220','*',0,'0','2018-09-13 01:15:48','9201701000','2018-02',NULL),(173,'9201802436','120180220','*',0,'0','2018-09-13 01:16:16','9201701000','2018-02',NULL),(175,'9201502825','120180266','*',0,'0','2018-09-13 01:17:16','9201701000','2018-02',NULL),(177,'9201603838','120180266','*',0,'0','2018-09-13 01:17:27','9201701000','2018-02',NULL),(178,'9201802152','120180266','*',0,'0','2018-09-13 01:17:52','9201701000','2018-02',NULL),(179,'9201801417','120180266','*',0,'0','2018-09-13 01:18:03','9201701000','2018-02',NULL),(180,'9201801423','120180266','*',0,'0','2018-09-13 01:18:16','9201701000','2018-02',NULL),(181,'9201802524','120180266','*',0,'0','2018-09-13 01:18:29','9201701000','2018-02',NULL),(183,'9201802938','120180266','*',0,'0','2018-09-13 01:18:56','9201701000','2018-02',NULL),(184,'9201802231','120180266','*',0,'0','2018-09-13 01:19:16','9201701000','2018-02',NULL),(186,'9201802112','120180271','*',0,'0','2018-09-13 01:20:09','9201701000','2018-02',NULL),(187,'9201802224','120180271','*',0,'0','2018-09-13 01:20:18','9201701000','2018-02',NULL),(188,'9201801200','120180297','*',0,'0','2018-09-13 01:21:31','9201701000','2018-02',NULL),(190,'9201602229','120180297','*',0,'0','2018-09-13 01:21:57','9201701000','2018-02',NULL),(191,'9201502154','120180261','*',0,'0','2018-09-13 01:23:56','9201701000','2018-02',NULL),(192,'9201801119','120180261','*',0,'0','2018-09-13 01:24:02','9201701000','2018-02',NULL),(193,'9201801240','120180261','*',0,'0','2018-09-13 01:24:24','9201701000','2018-02',NULL),(194,'9201801547','120180261','*',0,'0','2018-09-13 01:24:32','9201701000','2018-02',NULL),(195,'9201801259','120180261','*',0,'0','2018-09-13 01:24:38','9201701000','2018-02',NULL),(197,'9201803537','120180261','*',0,'0','2018-09-13 01:25:24','9201701000','2018-02',NULL),(198,'9201803113','120180261','*',0,'0','2018-09-13 01:25:45','9201701000','2018-02',NULL),(199,'9201802583','120180261','*',0,'0','2018-09-13 01:26:41','9201701000','2018-02',NULL),(200,'9201502825','120180212','*',NULL,'0','2018-09-13 02:00:16','9201701000','2018-02',NULL),(201,'9201502825','120180226','*',NULL,'0','2018-09-13 02:48:11','9201701000','2018-02',NULL),(202,'9201502825','120180258','*',NULL,'0','2018-09-13 02:48:11','9201701000','2018-02',NULL),(203,'9201502825','120180265','*',NULL,'0','2018-09-13 02:48:11','9201701000','2018-02',NULL),(204,'9201502825','120180284','*',NULL,'0','2018-09-13 02:49:02','9201701000','2018-02',NULL),(205,'9201502825','120180289','*',NULL,'0','2018-09-13 02:59:02','9201701000','2018-02',NULL),(206,'9201802524','120180212','*',NULL,'0','2018-09-13 14:27:50','9201701000','2018-02',NULL),(207,'9201802524','120180245','*',NULL,'0','2018-09-13 14:27:50','9201701000','2018-02',NULL),(208,'9201802524','120180257','*',NULL,'0','2018-09-13 14:27:50','9201701000','2018-02',NULL),(209,'9201802524','120180273','*',NULL,'0','2018-09-13 14:27:50','9201701000','2018-02',NULL),(210,'9201802524','120180225','*',NULL,'0','2018-09-13 14:27:50','9201701000','2018-02',NULL),(211,'9201603838','120180225','*',NULL,'0','2018-09-13 14:36:59','9201701000','2018-02',NULL),(212,'9201603838','120180241','*',NULL,'0','2018-09-13 14:36:59','9201701000','2018-02',NULL),(213,'9201603838','120180230','*',NULL,'0','2018-09-13 14:36:59','9201701000','2018-02',NULL),(214,'9201603838','120180273','*',NULL,'0','2018-09-13 14:36:59','9201701000','2018-02',NULL),(215,'9201603838','120180289','*',NULL,'0','2018-09-13 14:36:59','9201701000','2018-02',NULL),(216,'9201603838','120180283','*',NULL,'0','2018-09-13 14:36:59','9201701000','2018-02',NULL),(229,'9201803537','120180232','*',NULL,'0','2018-09-14 12:05:08','9201701000','2018-02',NULL),(230,'9201803537','120180257','*',NULL,'0','2018-09-14 12:05:08','9201701000','2018-02',NULL),(231,'9201803537','120180290','*',NULL,'0','2018-09-14 12:05:08','9201701000','2018-02',NULL),(232,'9201803537','120180283','*',NULL,'0','2018-09-14 12:05:08','9201701000','2018-02',NULL),(233,'9201802583','120180225','*',NULL,'0','2018-09-14 13:05:41','9201701000','2018-02',NULL),(234,'9201802583','120180232','*',NULL,'0','2018-09-14 13:05:41','9201701000','2018-02',NULL),(235,'9201802583','120180257','*',NULL,'0','2018-09-14 13:05:41','9201701000','2018-02',NULL),(236,'9201802583','120180245','*',NULL,'0','2018-09-14 13:05:41','9201701000','2018-02',NULL),(237,'9201802583','120180290','*',NULL,'0','2018-09-14 13:05:41','9201701000','2018-02',NULL),(238,'9201802583','120180283','*',NULL,'0','2018-09-14 13:05:41','9201701000','2018-02',NULL),(239,'9201502154','120180212','*',NULL,'0','2018-09-14 13:31:55','9201701000','2018-02',NULL),(240,'9201502154','120180226','*',NULL,'0','2018-09-14 13:31:55','9201701000','2018-02',NULL),(241,'9201502154','120180241','*',NULL,'0','2018-09-14 13:31:55','9201701000','2018-02',NULL),(242,'9201502154','120180284','*',NULL,'0','2018-09-14 13:31:55','9201701000','2018-02',NULL),(243,'9201502154','120180290','*',NULL,'0','2018-09-14 13:31:55','9201701000','2018-02',NULL),(244,'9201502154','120180225','*',NULL,'0','2018-09-14 13:31:55','9201701000','2018-02',NULL),(245,'9201802231','120180212','*',NULL,'0','2018-09-14 14:41:10','9201701000','2018-02',NULL),(246,'9201802231','120180225','*',NULL,'0','2018-09-14 14:41:10','9201701000','2018-02',NULL),(247,'9201802231','120180230','*',NULL,'0','2018-09-14 14:41:10','9201701000','2018-02',NULL),(248,'9201802231','120180226','*',NULL,'0','2018-09-14 14:41:10','9201701000','2018-02',NULL),(249,'9201802231','120180273','*',NULL,'0','2018-09-14 14:41:10','9201701000','2018-02',NULL),(250,'9201802231','120180258','*',NULL,'0','2018-09-14 14:41:10','9201701000','2018-02',NULL),(251,'9201802224','120180232','*',NULL,'0','2018-09-14 14:41:49','9201701000','2018-02',NULL),(252,'9201802224','120180226','*',NULL,'0','2018-09-14 14:41:49','9201701000','2018-02',NULL),(253,'9201802224','120180273','*',NULL,'0','2018-09-14 14:41:49','9201701000','2018-02',NULL),(254,'9201802224','120180290','*',NULL,'0','2018-09-14 14:41:49','9201701000','2018-02',NULL),(255,'9201802224','120180289','*',NULL,'0','2018-09-14 14:41:49','9201701000','2018-02',NULL),(256,'9201802152','120180212','*',NULL,'0','2018-09-14 16:19:17','9201701000','2018-02',NULL),(257,'9201802152','120180241','*',NULL,'0','2018-09-14 16:19:17','9201701000','2018-02',NULL),(258,'9201802152','120180265','*',NULL,'0','2018-09-14 16:19:17','9201701000','2018-02',NULL),(259,'9201802152','120180284','*',NULL,'0','2018-09-14 16:19:17','9201701000','2018-02',NULL),(260,'9201802152','120180283','*',NULL,'0','2018-09-14 16:19:17','9201701000','2018-02',NULL),(261,'9201802152','120180289','*',NULL,'0','2018-09-14 16:19:17','9201701000','2018-02',NULL),(262,'9201801423','120180212','*',NULL,'0','2018-09-14 16:20:54','9201701000','2018-02',NULL),(263,'9201801423','120180265','*',NULL,'0','2018-09-14 16:20:55','9201701000','2018-02',NULL),(264,'9201801423','120180283','*',NULL,'0','2018-09-14 16:20:55','9201701000','2018-02',NULL),(265,'9201801423','120180284','*',NULL,'0','2018-09-14 16:20:55','9201701000','2018-02',NULL),(266,'9201801423','120180289','*',NULL,'0','2018-09-14 16:20:55','9201701000','2018-02',NULL),(267,'9201801423','120180241','*',NULL,'0','2018-09-14 16:20:55','9201701000','2018-02',NULL),(268,'9201802938','120180221','*',NULL,'0','2018-09-14 18:57:23','9201701000','2018-02',NULL),(269,'9201802938','120180226','*',NULL,'0','2018-09-14 18:57:23','9201701000','2018-02',NULL),(270,'9201802938','120180258','*',NULL,'0','2018-09-14 18:57:23','9201701000','2018-02',NULL),(271,'9201802938','120180273','*',NULL,'0','2018-09-14 18:57:23','9201701000','2018-02',NULL),(272,'9201802938','120180289','*',NULL,'0','2018-09-14 18:57:23','9201701000','2018-02',NULL),(279,'9201801549','120180212','*',NULL,'0','2018-09-15 10:59:04','9201701000','2018-02',NULL),(280,'9201801549','120180225','*',NULL,'0','2018-09-15 10:59:04','9201701000','2018-02',NULL),(281,'9201801549','120180241','*',NULL,'0','2018-09-15 10:59:04','9201701000','2018-02',NULL),(282,'9201801549','120180226','*',NULL,'0','2018-09-15 10:59:04','9201701000','2018-02',NULL),(283,'9201801549','120180273','*',NULL,'0','2018-09-15 10:59:04','9201701000','2018-02',NULL),(284,'9201801549','120180284','*',NULL,'0','2018-09-15 10:59:04','9201701000','2018-02',NULL),(292,'9201603838','120180245','*',0,'0','2018-09-15 13:11:36','9201701000','2018-02',NULL),(293,'9201603838','120180265','*',0,'0','2018-09-15 13:12:06','9201701000','2018-02',NULL),(294,'9201801417','120180212','*',NULL,'0','2018-09-15 14:30:25','9201701000','2018-02',NULL),(295,'9201801417','120180221','*',NULL,'0','2018-09-15 14:30:25','9201701000','2018-02',NULL),(296,'9201801417','120180226','*',NULL,'0','2018-09-15 14:30:25','9201701000','2018-02',NULL),(297,'9201801417','120180241','*',NULL,'0','2018-09-15 14:30:25','9201701000','2018-02',NULL),(298,'9201801417','120180246','*',NULL,'0','2018-09-15 14:30:25','9201701000','2018-02',NULL),(299,'9201801417','120180258','*',NULL,'0','2018-09-15 14:30:25','9201701000','2018-02',NULL),(300,'9201801417','120180265','*',0,'0','2018-09-15 14:41:45','9201701000','2018-02',NULL),(301,'9201802583','120180241','*',0,'0','2018-09-15 14:42:36','9201701000','2018-02',NULL),(302,'9201802583','120180284','*',0,'0','2018-09-15 14:43:27','9201701000','2018-02',NULL),(303,'9201802583','120180236','*',0,'0','2018-09-15 14:44:02','9201701000','2018-02',NULL),(304,'9201802583','120180230','*',0,'0','2018-09-15 14:44:21','9201701000','2018-02',NULL),(305,'9201802583','120180246','*',0,'0','2018-09-15 14:44:49','9201701000','2018-02',NULL),(306,'9201802583','120180221','*',0,'0','2018-09-15 14:45:56','9201701000','2018-02',NULL),(307,'9201801417','120180284','*',0,'0','2018-09-15 14:48:17','9201701000','2018-02',NULL),(308,'9201802583','120180212','*',0,'0','2018-09-15 14:49:39','9201701000','2018-02',NULL),(315,'9201502154','120180245','*',0,'0','2018-09-15 15:16:29','9201701000','2018-02',NULL),(316,'9201801240','120180258','*',NULL,'0','2018-09-15 17:43:05','9201701000','2018-02',NULL),(317,'9201801240','120180245','*',NULL,'0','2018-09-15 17:43:05','9201701000','2018-02',NULL),(318,'9201801240','120180241','*',NULL,'0','2018-09-15 17:43:05','9201701000','2018-02',NULL),(319,'9201801240','120180226','*',NULL,'0','2018-09-15 17:43:05','9201701000','2018-02',NULL),(320,'9201801240','120180232','*',NULL,'0','2018-09-15 17:43:05','9201701000','2018-02',NULL),(321,'9201803113','120180221','*',NULL,'0','2018-09-15 20:53:32','9201701000','2018-02',NULL),(322,'9201803113','120180225','*',NULL,'0','2018-09-15 20:53:32','9201701000','2018-02',NULL),(323,'9201803113','120180230','*',NULL,'0','2018-09-15 20:53:32','9201701000','2018-02',NULL),(324,'9201803113','120180232','*',NULL,'0','2018-09-15 20:53:32','9201701000','2018-02',NULL),(325,'9201803113','120180241','*',NULL,'0','2018-09-15 20:53:32','9201701000','2018-02',NULL),(326,'9201803113','120180245','*',NULL,'0','2018-09-15 20:53:32','9201701000','2018-02',NULL),(327,'9201803113','120180246','*',NULL,'0','2018-09-15 20:53:32','9201701000','2018-02',NULL),(328,'9201803113','120180257','*',NULL,'0','2018-09-15 20:53:32','9201701000','2018-02',NULL),(329,'9201803113','120180284','*',NULL,'0','2018-09-15 20:53:32','9201701000','2018-02',NULL),(330,'9201803113','120180290','*',NULL,'0','2018-09-15 20:53:32','9201701000','2018-02',NULL),(331,'9201802436','120180246','*',NULL,'0','2018-09-16 13:53:16','9201701000','2018-02',NULL),(337,'9201801119','120180257','*',0,'0','2018-09-16 14:27:07','9201701000','2018-02',NULL),(338,'9201801119','120180232','*',0,'0','2018-09-16 14:27:07','9201701000','2018-02',NULL),(339,'9201801119','120180245','*',0,'0','2018-09-16 14:27:07','9201701000','2018-02',NULL),(340,'9201801119','120180290','*',0,'0','2018-09-16 14:27:08','9201701000','2018-02',NULL),(342,'9201803113','120180265','*',0,'0','2018-09-16 14:31:54','9201701000','2018-02',NULL),(345,'9201801876','120180271','*',0,'0','2018-09-18 00:26:18','9201701000','2018-02',NULL),(346,'9201801876','120180221','*',0,'0','2018-09-18 00:26:18','9201701000','2018-02',NULL),(347,'9201801876','120180232','*',0,'0','2018-09-18 00:26:18','9201701000','2018-02',NULL),(348,'9201801876','120180245','*',0,'0','2018-09-18 00:26:19','9201701000','2018-02',NULL),(349,'9201801876','120180246','*',0,'0','2018-09-18 00:26:19','9201701000','2018-02',NULL),(350,'9201801876','120180257','*',0,'0','2018-09-18 00:26:19','9201701000','2018-02',NULL),(351,'9201801876','120180283','*',0,'0','2018-09-18 00:26:19','9201701000','2018-02',NULL),(352,'9201801876','120180284','*',0,'0','2018-09-18 00:26:19','9201701000','2018-02',NULL),(353,'9201802500','120180220','*',0,'0','2018-09-20 14:18:28','9201701000','2018-02',NULL),(354,'9201802500','120180232','*',0,'0','2018-09-20 14:18:28','9201701000','2018-02',NULL),(355,'9201803703','120180261','*',0,'0','2018-09-20 14:19:50','9201701000','2018-02',NULL),(356,'9201803703','120180284','*',0,'0','2018-09-20 14:19:50','9201701000','2018-02',NULL),(357,'9201801789','120180266','*',0,'0','2018-09-23 23:21:55','9201701000','2018-02',NULL),(358,'9201801789','120180212','*',0,'0','2018-09-23 23:21:55','9201701000','2018-02',NULL),(359,'9201801789','120180265','*',0,'0','2018-09-23 23:21:55','9201701000','2018-02',NULL),(360,'9201801789','120180289','*',0,'0','2018-09-23 23:21:55','9201701000','2018-02',NULL),(361,'9201801789','120180283','*',0,'0','2018-09-23 23:21:55','9201701000','2018-02',NULL),(362,'9201801789','120180284','*',0,'0','2018-09-23 23:21:55','9201701000','2018-02',NULL),(363,'9201801789','120180226','*',0,'0','2018-09-23 23:21:55','9201701000','2018-02',NULL),(364,'9201801471','120180264','*',0,'0','2018-09-23 23:22:19','9201701000','2018-02',NULL),(365,'9201801471','120180221','*',0,'0','2018-09-23 23:22:19','9201701000','2018-02',NULL),(366,'9201801471','120180241','*',0,'0','2018-09-23 23:22:19','9201701000','2018-02',NULL),(367,'9201801471','120180289','*',0,'0','2018-09-23 23:22:19','9201701000','2018-02',NULL),(368,'9201801471','120180265','*',0,'0','2018-09-23 23:22:19','9201701000','2018-02',NULL),(369,'9201801471','120180257','*',0,'0','2018-09-23 23:22:19','9201701000','2018-02',NULL),(370,'9201602165','120180266','*',0,'0','2018-09-23 23:23:10','9201701000','2018-02',NULL),(371,'9201602165','120180212','*',0,'0','2018-09-23 23:23:10','9201701000','2018-02',NULL),(372,'9201602165','120180226','*',0,'0','2018-09-23 23:23:10','9201701000','2018-02',NULL),(373,'9201602165','120180289','*',0,'0','2018-09-23 23:23:10','9201701000','2018-02',NULL),(374,'9201602165','120180225','*',0,'0','2018-09-23 23:23:10','9201701000','2018-02',NULL),(375,'9201602165','120180265','*',0,'0','2018-09-23 23:23:10','9201701000','2018-02',NULL),(376,'9201602165','120180283','*',0,'0','2018-09-23 23:23:11','9201701000','2018-02',NULL),(377,'9201801916','120180297','*',0,'0','2018-09-23 23:23:57','9201701000','2018-02',NULL),(378,'9201801916','120180212','*',0,'0','2018-09-23 23:23:57','9201701000','2018-02',NULL),(379,'9201801916','120180225','*',0,'0','2018-09-23 23:23:57','9201701000','2018-02',NULL),(380,'9201801916','120180226','*',0,'0','2018-09-23 23:23:57','9201701000','2018-02',NULL),(381,'9201801916','120180230','*',0,'0','2018-09-23 23:23:57','9201701000','2018-02',NULL),(382,'9201801916','120180241','*',0,'0','2018-09-23 23:23:57','9201701000','2018-02',NULL),(383,'9201801916','120180284','*',0,'0','2018-09-23 23:23:57','9201701000','2018-02',NULL),(384,'9201801916','120180283','*',0,'0','2018-09-23 23:23:57','9201701000','2018-02',NULL),(385,'9201803777','120180244','*',0,'0','2018-09-23 23:27:35','9201701000','2018-02',NULL),(386,'9201803777','120180226','*',0,'0','2018-09-23 23:27:35','9201701000','2018-02',NULL),(387,'9201802436','120180211','*',0,'0','2018-09-23 23:28:53','9201701000','2018-02',NULL),(388,'9201802938','120180211','*',0,'0','2018-09-23 23:29:34','9201701000','2018-02',NULL),(389,'9201802224','120180211','*',0,'0','2018-09-23 23:29:48','9201701000','2018-02',NULL),(390,'9201803777','120180211','*',0,'0','2018-09-23 23:29:58','9201701000','2018-02',NULL),(391,'9201801916','120180215','*',0,'0','2018-09-23 23:32:00','9201701000','2018-02',NULL),(392,'9201802231','120180215','*',0,'0','2018-09-23 23:32:10','9201701000','2018-02',NULL),(393,'9201802683','120180241','*',0,'0','2018-10-10 14:22:50','9201701000','2018-02',NULL),(394,'9201802683','120180245','*',0,'0','2018-10-10 14:22:50','9201701000','2018-02',NULL);

/* Function  structure for function  `get_complete_credits` */

/*!50003 DROP FUNCTION IF EXISTS `get_complete_credits` */;
DELIMITER $$

/*!50003 CREATE DEFINER=`root`@`%` FUNCTION `get_complete_credits`(sid varchar(100)) RETURNS int(11)
BEGIN
	DECLARE credits DOUBLE DEFAULT 0.0;
	DECLARE counts INT DEFAULT 0;
	
	SELECT COUNT(*) INTO counts FROM transcriptview t WHERE t.student_id = sid;
	
	if counts > 0 then
		SELECT SUM(t.credit) INTO credits FROM transcriptview t WHERE t.student_id = sid;
	end if;	
	
	RETURN credits;
END */$$
DELIMITER ;

/* Function  structure for function  `get_contract_status` */

/*!50003 DROP FUNCTION IF EXISTS `get_contract_status` */;
DELIMITER $$

/*!50003 CREATE DEFINER=`root`@`%` FUNCTION `get_contract_status`(contract_id VARCHAR(100)) RETURNS int(11)
BEGIN
	DECLARE enddate VARCHAR(100);
	DECLARE startdate VARCHAR(100);
	DECLARE status INT(11);
	
	SELECT c.expire_date, c.init_date INTO enddate, startdate FROM contract c WHERE c.contract_id = contract_id;
	
	IF UNIX_TIMESTAMP(NOW())>= UNIX_TIMESTAMP(enddate) THEN
		SET status = -1;
	elseIF UNIX_TIMESTAMP(NOW())>= UNIX_TIMESTAMP(startdate) THEN
		set status = 0;
	ELSE
		SET status = 1;
	END IF;
	
	RETURN status ;
    END */$$
DELIMITER ;

/* Function  structure for function  `get_course_date` */

/*!50003 DROP FUNCTION IF EXISTS `get_course_date` */;
DELIMITER $$

/*!50003 CREATE DEFINER=`root`@`%` FUNCTION `get_course_date`(crn VARCHAR(20)) RETURNS varchar(100) CHARSET utf8
BEGIN
	
	DECLARE startdate VARCHAR(100);
	DECLARE enddate VARCHAR(100);
	DECLARE ctime VARCHAR(100);
	
	SELECT c.start_date, c.end_date INTO startdate,enddate FROM course c WHERE c.crn = crn;
	SET ctime = CONCAT(startdate," to ",enddate);
	
	
	RETURN ctime ;
    END */$$
DELIMITER ;

/* Function  structure for function  `get_course_status` */

/*!50003 DROP FUNCTION IF EXISTS `get_course_status` */;
DELIMITER $$

/*!50003 CREATE DEFINER=`root`@`%` FUNCTION `get_course_status`(crn VARCHAR(100)) RETURNS int(11)
BEGIN
	DECLARE enddate VARCHAR(100);
	DECLARE startdate VARCHAR(100);
	DECLARE status INT(11);
	
	SELECT c.end_date, c.start_date INTO enddate, startdate FROM course c WHERE c.crn = crn;
	
	IF UNIX_TIMESTAMP(NOW())>= UNIX_TIMESTAMP(enddate) THEN
		SET status = -1;
	elseIF UNIX_TIMESTAMP(NOW())>= UNIX_TIMESTAMP(startdate) THEN
		set status = 0;
	ELSE
		SET status = 1;
	END IF;
	
	RETURN status ;
    END */$$
DELIMITER ;

/* Function  structure for function  `get_course_time` */

/*!50003 DROP FUNCTION IF EXISTS `get_course_time` */;
DELIMITER $$

/*!50003 CREATE DEFINER=`root`@`%` FUNCTION `get_course_time`(crn VARCHAR(20)) RETURNS varchar(100) CHARSET utf8
BEGIN
	DECLARE starttime VARCHAR(100);
	DECLARE endtime VARCHAR(100);
	DECLARE ctime VARCHAR(100);
	
	SELECT c.start_time, c.end_time  INTO starttime,endtime FROM course c WHERE c.crn = crn;
	SET ctime = CONCAT(starttime,"-",endtime);
	
	
	RETURN ctime ;
	
    END */$$
DELIMITER ;

/* Function  structure for function  `get_in_progress_credits` */

/*!50003 DROP FUNCTION IF EXISTS `get_in_progress_credits` */;
DELIMITER $$

/*!50003 CREATE DEFINER=`root`@`%` FUNCTION `get_in_progress_credits`(sid VARCHAR(100)) RETURNS int(11)
BEGIN
	DECLARE credits DOUBLE DEFAULT 0;
	DECLARE counts INT DEFAULT 0;
	
	SELECT COUNT(*) INTO counts FROM transcriptview t WHERE t.student_id = sid AND t.complete = '0';
	
	IF counts > 0 THEN
		SELECT SUM(t.credits) INTO credits FROM transcriptview t WHERE t.student_id = sid AND t.complete = '0';
	END IF;	
	
	RETURN credits;
	
    END */$$
DELIMITER ;

/* Function  structure for function  `get_name` */

/*!50003 DROP FUNCTION IF EXISTS `get_name` */;
DELIMITER $$

/*!50003 CREATE DEFINER=`root`@`%` FUNCTION `get_name`(id varchar(20)) RETURNS varchar(100) CHARSET utf8
BEGIN
	
	DECLARE firstname varchar(100) CHARSET utf8;
	DECLARE lastname  VARCHAR(100) CHARSET utf8;
	DECLARE fname varchar(100) CHARSET utf8;
        
	SELECT p.first_name, p.last_name INTO firstname, lastname FROM person p WHERE p.user_id = id;
	SET fname = CONCAT(lastname,",",firstname);
		
	RETURN fname;
  
END */$$
DELIMITER ;

/* Function  structure for function  `get_not_complete_credits` */

/*!50003 DROP FUNCTION IF EXISTS `get_not_complete_credits` */;
DELIMITER $$

/*!50003 CREATE DEFINER=`root`@`%` FUNCTION `get_not_complete_credits`(sid VARCHAR(100)) RETURNS int(11)
BEGIN
	DECLARE credits DOUBLE DEFAULT 0.0;
	DECLARE counts INT DEFAULT 0;
	
	SELECT COUNT(*) INTO counts FROM transcriptview t WHERE t.student_id = sid AND t.complete = '-1';
	
	IF counts > 0 THEN
		SELECT SUM(t.credits) INTO credits FROM transcriptview t WHERE t.student_id = sid AND t.complete = '-1';
	END IF;	
		
    return credits;		
    END */$$
DELIMITER ;

/* Function  structure for function  `get_num_student` */

/*!50003 DROP FUNCTION IF EXISTS `get_num_student` */;
DELIMITER $$

/*!50003 CREATE DEFINER=`root`@`localhost` FUNCTION `get_num_student`(fid varchar(100)) RETURNS int(11)
begin 
    DECLARE num INT DEFAULT 0;
    SELECT count(*) into num from advise a where a.faculty_id=fid and a.status=1;
    return num;
  end */$$
DELIMITER ;

/* Function  structure for function  `get_remain_capa` */

/*!50003 DROP FUNCTION IF EXISTS `get_remain_capa` */;
DELIMITER $$

/*!50003 CREATE DEFINER=`root`@`%` FUNCTION `get_remain_capa`(crn VARCHAR(20)) RETURNS int(11)
BEGIN
	
	DECLARE remain INT DEFAULT 0;
	DECLARE counts INT DEFAULT 0;
	DECLARE capa INT DEFAULT 0;
	
	SELECT COUNT(*) INTO counts FROM transcriptview t WHERE t.crn = crn;
	SElect c.capacity INTO capa FROM course c WHERE c.crn = crn;
	SET remain = capa - counts;
	
	RETURN remain;
    END */$$
DELIMITER ;

/*Table structure for table `adviseview` */

DROP TABLE IF EXISTS `adviseview`;

/*!50001 DROP VIEW IF EXISTS `adviseview` */;
/*!50001 DROP TABLE IF EXISTS `adviseview` */;

/*!50001 CREATE TABLE  `adviseview`(
 `id` int(11) NOT NULL  default '0' ,
 `student_id` varchar(20) NOT NULL ,
 `sname` varchar(100) NULL ,
 `faculty_id` varchar(20) NOT NULL ,
 `fname` varchar(100) NULL ,
 `status` varchar(20) NULL ,
 `update_time` varchar(20) NULL ,
 `operator_id` varchar(50) NULL ,
 `info` varchar(255) NOT NULL ,
 `oname` varchar(100) NULL 
)*/;

/*Table structure for table `advisorview` */

DROP TABLE IF EXISTS `advisorview`;

/*!50001 DROP VIEW IF EXISTS `advisorview` */;
/*!50001 DROP TABLE IF EXISTS `advisorview` */;

/*!50001 CREATE TABLE  `advisorview`(
 `user_id` varchar(20) NOT NULL ,
 `name` varchar(100) NULL ,
 `num_student` int(11) NULL ,
 `update_time` varchar(100) NOT NULL ,
 `profile` text NULL 
)*/;

/*Table structure for table `contractview` */

DROP TABLE IF EXISTS `contractview`;

/*!50001 DROP VIEW IF EXISTS `contractview` */;
/*!50001 DROP TABLE IF EXISTS `contractview` */;

/*!50001 CREATE TABLE  `contractview`(
 `id` int(11) NOT NULL  default '0' ,
 `contract_id` varchar(20) NOT NULL ,
 `owner_id` varchar(20) NULL ,
 `oname` varchar(100) NULL ,
 `info` varchar(100) NULL ,
 `type` varchar(100) NULL ,
 `init_date` varchar(100) NULL ,
 `expire_date` varchar(100) NULL ,
 `operator_id` varchar(100) NULL ,
 `create_time` varchar(100) NOT NULL ,
 `update_time` varchar(100) NOT NULL ,
 `comment` text NULL ,
 `contract_info` text NULL ,
 `status` int(11) NULL ,
 `opname` varchar(100) NULL 
)*/;

/*Table structure for table `courseview` */

DROP TABLE IF EXISTS `courseview`;

/*!50001 DROP VIEW IF EXISTS `courseview` */;
/*!50001 DROP TABLE IF EXISTS `courseview` */;

/*!50001 CREATE TABLE  `courseview`(
 `id` int(11) NOT NULL  default '0' ,
 `crn` varchar(20) NOT NULL ,
 `name` varchar(100) NOT NULL ,
 `credits` int(11) NULL ,
 `precrn` varchar(20) NULL ,
 `level` varchar(11) NULL ,
 `section` varchar(11) NULL ,
 `classroom` varchar(100) NULL ,
 `start_date` varchar(20) NULL ,
 `end_date` varchar(20) NULL ,
 `day` varchar(20) NULL ,
 `start_time` varchar(20) NULL ,
 `end_time` varchar(20) NULL ,
 `capacity` int(11) NULL ,
 `info` varchar(20) NOT NULL ,
 `create_time` varchar(20) NULL ,
 `update_time` varchar(20) NULL ,
 `comment` text NULL ,
 `course_info` text NULL ,
 `faculty_id` varchar(20) NOT NULL ,
 `remain` int(11) NULL ,
 `faculty` varchar(100) NULL ,
 `date` varchar(100) NULL ,
 `time` varchar(100) NULL ,
 `status` int(11) NULL ,
 `profile` text NULL 
)*/;

/*Table structure for table `feedbackview` */

DROP TABLE IF EXISTS `feedbackview`;

/*!50001 DROP VIEW IF EXISTS `feedbackview` */;
/*!50001 DROP TABLE IF EXISTS `feedbackview` */;

/*!50001 CREATE TABLE  `feedbackview`(
 `id` int(11) NOT NULL  default '0' ,
 `faculty_id` varchar(255) NULL ,
 `fname` varchar(100) NULL ,
 `update_time` varchar(255) NULL ,
 `operator_id` varchar(255) NULL ,
 `info` varchar(255) NULL ,
 `rate` longtext NULL ,
 `self_comment` longtext NULL ,
 `comment` longtext NULL ,
 `oname` varchar(100) NULL ,
 `profile` text NULL 
)*/;

/*Table structure for table `messageview` */

DROP TABLE IF EXISTS `messageview`;

/*!50001 DROP VIEW IF EXISTS `messageview` */;
/*!50001 DROP TABLE IF EXISTS `messageview` */;

/*!50001 CREATE TABLE  `messageview`(
 `id` int(20) NOT NULL  default '0' ,
 `sender_id` varchar(50) NOT NULL ,
 `receiver_id` text NULL ,
 `subject` varchar(20) NULL ,
 `title` varchar(255) NULL ,
 `body` text NULL ,
 `status` varchar(10) NULL ,
 `date` varchar(50) NULL ,
 `pic` text NULL ,
 `tel` varchar(100) NULL ,
 `email` varchar(100) NULL ,
 `attachment` varchar(50) NULL ,
 `labels` varchar(50) NULL ,
 `tag` varchar(50) NULL ,
 `sender` varchar(100) NULL ,
 `receiver` varchar(100) NULL 
)*/;

/*Table structure for table `pinview` */

DROP TABLE IF EXISTS `pinview`;

/*!50001 DROP VIEW IF EXISTS `pinview` */;
/*!50001 DROP TABLE IF EXISTS `pinview` */;

/*!50001 CREATE TABLE  `pinview`(
 `user_id` varchar(20) NOT NULL ,
 `id` int(11) NOT NULL  default '0' ,
 `pin` int(11) NOT NULL ,
 `info` varchar(20) NOT NULL ,
 `owner_id` varchar(20) NOT NULL ,
 `role` int(11) NOT NULL ,
 `start_time` varchar(20) NOT NULL ,
 `end_time` varchar(20) NOT NULL ,
 `create_time` varchar(20) NULL ,
 `remark` text NULL ,
 `profile` text NULL ,
 `oname` varchar(100) NULL 
)*/;

/*Table structure for table `studentview` */

DROP TABLE IF EXISTS `studentview`;

/*!50001 DROP VIEW IF EXISTS `studentview` */;
/*!50001 DROP TABLE IF EXISTS `studentview` */;

/*!50001 CREATE TABLE  `studentview`(
 `student_id` varchar(20) NOT NULL ,
 `max_credits` int(11) NOT NULL ,
 `status` varchar(20) NOT NULL ,
 `sname` varchar(100) NULL ,
 `complete` int(11) NULL ,
 `progress` int(11) NULL ,
 `incomplete` int(11) NULL ,
 `trial_period` varchar(255) NULL ,
 `profile` text NULL ,
 `gender` varchar(20) NOT NULL ,
 `tel` varchar(100) NULL ,
 `qq` varchar(100) NULL ,
 `dorm` varchar(100) NULL ,
 `info` varchar(100) NOT NULL 
)*/;

/*Table structure for table `tempadviseview` */

DROP TABLE IF EXISTS `tempadviseview`;

/*!50001 DROP VIEW IF EXISTS `tempadviseview` */;
/*!50001 DROP TABLE IF EXISTS `tempadviseview` */;

/*!50001 CREATE TABLE  `tempadviseview`(
 `id` int(11) NOT NULL  default '0' ,
 `create_time` varchar(255) NULL ,
 `first_id` varchar(255) NULL ,
 `second_id` varchar(255) NULL ,
 `third_id` varchar(255) NULL ,
 `info` varchar(20) NULL ,
 `status` varchar(255) NULL ,
 `operator_id` varchar(255) NULL ,
 `student_id` varchar(255) NULL ,
 `update_time` varchar(255) NULL ,
 `comment` text NULL ,
 `f_profile` text NULL ,
 `s_profile` text NULL ,
 `t_profile` text NULL ,
 `stu_profile` text NULL ,
 `f_name` varchar(100) NULL ,
 `s_name` varchar(100) NULL ,
 `t_name` varchar(100) NULL ,
 `stu_name` varchar(100) NULL ,
 `o_name` varchar(100) NULL 
)*/;

/*Table structure for table `transcriptview` */

DROP TABLE IF EXISTS `transcriptview`;

/*!50001 DROP VIEW IF EXISTS `transcriptview` */;
/*!50001 DROP TABLE IF EXISTS `transcriptview` */;

/*!50001 CREATE TABLE  `transcriptview`(
 `id` int(11) NOT NULL  default '0' ,
 `student_id` varchar(20) NOT NULL ,
 `crn` varchar(20) NOT NULL ,
 `cname` varchar(100) NOT NULL ,
 `credits` int(11) NULL ,
 `grade` varchar(20) NOT NULL ,
 `complete` varchar(20) NOT NULL ,
 `credit` double NULL ,
 `faculty_id` varchar(20) NOT NULL ,
 `info` varchar(20) NOT NULL ,
 `sname` varchar(100) NULL ,
 `fname` varchar(100) NULL ,
 `date` varchar(100) NULL ,
 `time` varchar(100) NULL ,
 `day` varchar(20) NULL ,
 `assign_time` varchar(20) NOT NULL ,
 `operator_id` varchar(50) NOT NULL ,
 `oname` varchar(100) NULL ,
 `remark` text NULL ,
 `sprofile` text NULL ,
 `fprofile` text NULL 
)*/;

/*View structure for view adviseview */

/*!50001 DROP TABLE IF EXISTS `adviseview` */;
/*!50001 DROP VIEW IF EXISTS `adviseview` */;

/*!50001 CREATE ALGORITHM=UNDEFINED DEFINER=`root`@`localhost` SQL SECURITY DEFINER VIEW `adviseview` AS select `a`.`id` AS `id`,`a`.`student_id` AS `student_id`,`get_name`(`a`.`student_id`) AS `sname`,`a`.`faculty_id` AS `faculty_id`,`get_name`(`a`.`faculty_id`) AS `fname`,`a`.`status` AS `status`,`a`.`update_time` AS `update_time`,`a`.`operator_id` AS `operator_id`,`a`.`info` AS `info`,`get_name`(`a`.`operator_id`) AS `oname` from `advise` `a` */;

/*View structure for view advisorview */

/*!50001 DROP TABLE IF EXISTS `advisorview` */;
/*!50001 DROP VIEW IF EXISTS `advisorview` */;

/*!50001 CREATE ALGORITHM=UNDEFINED DEFINER=`root`@`localhost` SQL SECURITY DEFINER VIEW `advisorview` AS select distinct `p`.`user_id` AS `user_id`,`get_name`(`p`.`user_id`) AS `name`,`get_num_student`(`p`.`user_id`) AS `num_student`,`p`.`update_time` AS `update_time`,`p`.`profile` AS `profile` from `person` `p` where `p`.`role_id` like '%7%' */;

/*View structure for view contractview */

/*!50001 DROP TABLE IF EXISTS `contractview` */;
/*!50001 DROP VIEW IF EXISTS `contractview` */;

/*!50001 CREATE ALGORITHM=UNDEFINED DEFINER=`root`@`localhost` SQL SECURITY DEFINER VIEW `contractview` AS select `c`.`id` AS `id`,`c`.`contract_id` AS `contract_id`,`c`.`owner_id` AS `owner_id`,`c`.`oname` AS `oname`,`c`.`info` AS `info`,`c`.`type` AS `type`,`c`.`init_date` AS `init_date`,`c`.`expire_date` AS `expire_date`,`c`.`operator_id` AS `operator_id`,`c`.`create_time` AS `create_time`,`c`.`update_time` AS `update_time`,`c`.`comment` AS `comment`,`c`.`contract_info` AS `contract_info`,`get_contract_status`(`c`.`contract_id`) AS `status`,`get_name`(`p1`.`user_id`) AS `opname` from (`contract` `c` join `person` `p1`) where `p1`.`user_id` = `c`.`operator_id` */;

/*View structure for view courseview */

/*!50001 DROP TABLE IF EXISTS `courseview` */;
/*!50001 DROP VIEW IF EXISTS `courseview` */;

/*!50001 CREATE ALGORITHM=UNDEFINED DEFINER=`root`@`localhost` SQL SECURITY DEFINER VIEW `courseview` AS select `c`.`id` AS `id`,`c`.`crn` AS `crn`,`c`.`name` AS `name`,`c`.`credits` AS `credits`,`c`.`precrn` AS `precrn`,`c`.`level` AS `level`,`c`.`section` AS `section`,`c`.`classroom` AS `classroom`,`c`.`start_date` AS `start_date`,`c`.`end_date` AS `end_date`,`c`.`day` AS `day`,`c`.`start_time` AS `start_time`,`c`.`end_time` AS `end_time`,`c`.`capacity` AS `capacity`,`c`.`info` AS `info`,`c`.`create_time` AS `create_time`,`c`.`update_time` AS `update_time`,`c`.`comment` AS `comment`,`c`.`course_info` AS `course_info`,`c`.`faculty_id` AS `faculty_id`,`get_remain_capa`(`c`.`crn`) AS `remain`,`get_name`(`c`.`faculty_id`) AS `faculty`,`get_course_date`(`c`.`crn`) AS `date`,`get_course_time`(`c`.`crn`) AS `time`,`get_course_status`(`c`.`crn`) AS `status`,`person`.`profile` AS `profile` from (`course` `c` join `person` on(`c`.`faculty_id` = `person`.`user_id`)) */;

/*View structure for view feedbackview */

/*!50001 DROP TABLE IF EXISTS `feedbackview` */;
/*!50001 DROP VIEW IF EXISTS `feedbackview` */;

/*!50001 CREATE ALGORITHM=UNDEFINED DEFINER=`root`@`localhost` SQL SECURITY DEFINER VIEW `feedbackview` AS select `f`.`id` AS `id`,`f`.`faculty_id` AS `faculty_id`,`get_name`(`f`.`faculty_id`) AS `fname`,`f`.`update_time` AS `update_time`,`f`.`operator_id` AS `operator_id`,`f`.`info` AS `info`,`f`.`rate` AS `rate`,`f`.`self_comment` AS `self_comment`,`f`.`comment` AS `comment`,`get_name`(`f`.`operator_id`) AS `oname`,`person`.`profile` AS `profile` from (`feedback` `f` join `person` on(convert(`f`.`faculty_id` using utf8) = `person`.`user_id`)) */;

/*View structure for view messageview */

/*!50001 DROP TABLE IF EXISTS `messageview` */;
/*!50001 DROP VIEW IF EXISTS `messageview` */;

/*!50001 CREATE ALGORITHM=UNDEFINED DEFINER=`root`@`%` SQL SECURITY DEFINER VIEW `messageview` AS select `m`.`id` AS `id`,`m`.`sender_id` AS `sender_id`,`m`.`receiver_id` AS `receiver_id`,`m`.`subject` AS `subject`,`m`.`title` AS `title`,`m`.`body` AS `body`,`m`.`status` AS `status`,`m`.`date` AS `date`,`s`.`profile` AS `pic`,`s`.`tel` AS `tel`,`s`.`email` AS `email`,`m`.`attachment` AS `attachment`,`m`.`labels` AS `labels`,`m`.`tag` AS `tag`,`get_name`(`m`.`sender_id`) AS `sender`,`get_name`(`m`.`receiver_id`) AS `receiver` from (`message` `m` join `person` `s`) where `s`.`user_id` = `m`.`sender_id` */;

/*View structure for view pinview */

/*!50001 DROP TABLE IF EXISTS `pinview` */;
/*!50001 DROP VIEW IF EXISTS `pinview` */;

/*!50001 CREATE ALGORITHM=UNDEFINED DEFINER=`root`@`%` SQL SECURITY DEFINER VIEW `pinview` AS select `person`.`user_id` AS `user_id`,`p`.`id` AS `id`,`p`.`pin` AS `pin`,`p`.`info` AS `info`,`p`.`owner_id` AS `owner_id`,`p`.`role` AS `role`,`p`.`start_time` AS `start_time`,`p`.`end_time` AS `end_time`,`p`.`create_time` AS `create_time`,`p`.`remark` AS `remark`,`person`.`profile` AS `profile`,`get_name`(`p`.`owner_id`) AS `oname` from (`pin` `p` join `person` on(convert(`p`.`owner_id` using utf8) = `person`.`user_id`)) */;

/*View structure for view studentview */

/*!50001 DROP TABLE IF EXISTS `studentview` */;
/*!50001 DROP VIEW IF EXISTS `studentview` */;

/*!50001 CREATE ALGORITHM=UNDEFINED DEFINER=`root`@`%` SQL SECURITY DEFINER VIEW `studentview` AS select `s`.`student_id` AS `student_id`,`s`.`max_credits` AS `max_credits`,`p`.`status` AS `status`,`get_name`(`s`.`student_id`) AS `sname`,`get_complete_credits`(`s`.`student_id`) AS `complete`,`get_in_progress_credits`(`s`.`student_id`) AS `progress`,`get_not_complete_credits`(`s`.`student_id`) AS `incomplete`,`p`.`trial_period` AS `trial_period`,`p`.`profile` AS `profile`,`p`.`gender` AS `gender`,`p`.`tel` AS `tel`,`p`.`qq` AS `qq`,`p`.`dorm` AS `dorm`,`p`.`info` AS `info` from (`student` `s` join `person` `p`) where `p`.`user_id` = `s`.`student_id` */;

/*View structure for view tempadviseview */

/*!50001 DROP TABLE IF EXISTS `tempadviseview` */;
/*!50001 DROP VIEW IF EXISTS `tempadviseview` */;

/*!50001 CREATE ALGORITHM=UNDEFINED DEFINER=`root`@`%` SQL SECURITY DEFINER VIEW `tempadviseview` AS select `t`.`id` AS `id`,`t`.`create_time` AS `create_time`,`t`.`first_id` AS `first_id`,`t`.`second_id` AS `second_id`,`t`.`third_id` AS `third_id`,`t`.`info` AS `info`,`t`.`status` AS `status`,`t`.`operator_id` AS `operator_id`,`t`.`student_id` AS `student_id`,`t`.`update_time` AS `update_time`,`t`.`comment` AS `comment`,`first`.`profile` AS `f_profile`,`second`.`profile` AS `s_profile`,`third`.`profile` AS `t_profile`,`student`.`profile` AS `stu_profile`,`get_name`(`t`.`first_id`) AS `f_name`,`get_name`(`t`.`second_id`) AS `s_name`,`get_name`(`t`.`third_id`) AS `t_name`,`get_name`(`t`.`student_id`) AS `stu_name`,`get_name`(`t`.`operator_id`) AS `o_name` from ((((`tempadvise` `t` join `person` `first`) join `person` `second`) join `person` `third`) join `person` `student`) where `first`.`user_id` = convert(`t`.`first_id` using utf8) and `second`.`user_id` = convert(`t`.`second_id` using utf8) and `third`.`user_id` = convert(`t`.`third_id` using utf8) and `student`.`user_id` = convert(`t`.`student_id` using utf8) */;

/*View structure for view transcriptview */

/*!50001 DROP TABLE IF EXISTS `transcriptview` */;
/*!50001 DROP VIEW IF EXISTS `transcriptview` */;

/*!50001 CREATE ALGORITHM=UNDEFINED DEFINER=`root`@`%` SQL SECURITY DEFINER VIEW `transcriptview` AS select `t`.`id` AS `id`,`t`.`student_id` AS `student_id`,`t`.`crn` AS `crn`,`c`.`name` AS `cname`,`c`.`credits` AS `credits`,`t`.`grade` AS `grade`,`t`.`complete` AS `complete`,`t`.`credit` AS `credit`,`c`.`faculty_id` AS `faculty_id`,`c`.`info` AS `info`,`get_name`(`p1`.`user_id`) AS `sname`,`get_name`(`p2`.`user_id`) AS `fname`,`get_course_date`(`t`.`crn`) AS `date`,`get_course_time`(`t`.`crn`) AS `time`,`c`.`day` AS `day`,`t`.`assign_time` AS `assign_time`,`t`.`operator_id` AS `operator_id`,`get_name`(`t`.`operator_id`) AS `oname`,`t`.`remark` AS `remark`,`p1`.`profile` AS `sprofile`,`p2`.`profile` AS `fprofile` from (((`transcript` `t` join `course` `c`) join `person` `p1`) join `person` `p2`) where `t`.`crn` = `c`.`crn` and `p1`.`user_id` = `t`.`student_id` and `p2`.`user_id` = `c`.`faculty_id` */;

/*!40101 SET SQL_MODE=@OLD_SQL_MODE */;
/*!40014 SET FOREIGN_KEY_CHECKS=@OLD_FOREIGN_KEY_CHECKS */;
/*!40014 SET UNIQUE_CHECKS=@OLD_UNIQUE_CHECKS */;
/*!40111 SET SQL_NOTES=@OLD_SQL_NOTES */;
